CustomerID,Name,Email,Phone,City,Country,PurchaseValue,CreditScore,AccountNumber
CUST000000,John Johnson,customer0@mail.com,+1-444-469-4672,Phoenix,USA,28491.16,514,1551613273
CUST000001,Sarah Smith,customer1@mail.com,+1-444-648-5950,Phoenix,USA,6887.22,638,3233206087
CUST000002,Daniel Brown,customer2@mail.com,+1-444-225-5998,Phoenix,USA,19279.82,685,6265988464
CUST000003,Michael Johnson,customer3@mail.com,+1-444-952-1911,Dallas,USA,24400.6,670,6613347113
CUST000004,John Wilson,customer4@mail.com,+1-444-809-8981,New York,USA,38295.85,708,2791823006
CUST000005,Michael Hall,customer5@mail.com,+1-444-484-1549,Dallas,USA,29916.2,545,1947682945
CUST000006,Ava Lewis,customer6@mail.com,+1-444-992-1220,Phoenix,USA,40468.7,416,8961851892
CUST000007,Sarah Johnson,customer7@mail.com,+1-444-314-8930,Phoenix,USA,42529.54,348,9844782450
CUST000008,David Smith,customer8@mail.com,+1-444-185-5190,New York,USA,9112.92,345,6040572801
CUST000009,Michael Walker,customer9@mail.com,+1-444-362-2043,New York,USA,7493.83,415,1506247180
CUST000010,John Walker,customer10@mail.com,+1-444-969-1866,Chicago,USA,9184.26,519,4573529210
CUST000011,Sarah Johnson,customer11@mail.com,+1-444-147-4748,Chicago,USA,29168.61,578,4671203795
CUST000012,Daniel Smith,customer12@mail.com,+1-444-671-4750,Dallas,USA,30320.67,569,7211238552
CUST000013,Emma Clark,customer13@mail.com,+1-444-577-4824,Chicago,USA,29008.05,409,1563177785
CUST000014,Sophia Wilson,customer14@mail.com,+1-444-778-5042,Dallas,USA,47003.74,574,3136656719
CUST000015,James Smith,customer15@mail.com,+1-444-925-8711,Dallas,USA,2519.96,564,2439326471
CUST000016,Daniel Smith,customer16@mail.com,+1-444-852-2331,Dallas,USA,7685.17,540,3892936663
CUST000017,Ava Hall,customer17@mail.com,+1-444-150-8238,Chicago,USA,39727.35,744,7110631970
CUST000018,Sophia Wilson,customer18@mail.com,+1-444-458-2856,Chicago,USA,14406.27,543,9033366450
CUST000019,Olivia Taylor,customer19@mail.com,+1-444-376-3652,Dallas,USA,41283.84,305,2898132216
CUST000020,Michael Walker,customer20@mail.com,+1-444-287-2825,New York,USA,1922.48,607,7486270848
CUST000021,Michael Brown,customer21@mail.com,+1-444-587-2663,Chicago,USA,1327.95,698,1149065703
CUST000022,James Taylor,customer22@mail.com,+1-444-859-8621,Dallas,USA,5955.84,360,6395489792
CUST000023,Daniel Clark,customer23@mail.com,+1-444-941-8494,Chicago,USA,39085.0,709,8637189752
CUST000024,Emma Wilson,customer24@mail.com,+1-444-398-6778,Dallas,USA,301.7,609,8577616068
CUST000025,Michael Brown,customer25@mail.com,+1-444-180-5759,Chicago,USA,40682.64,315,5733218318
CUST000026,Daniel Davis,customer26@mail.com,+1-444-409-8479,New York,USA,19535.01,518,9854486138
CUST000027,James Johnson,customer27@mail.com,+1-444-662-5634,Phoenix,USA,46738.97,713,4980026512
CUST000028,James Smith,customer28@mail.com,+1-444-416-7060,Dallas,USA,23409.19,513,8953500604
CUST000029,Sophia Brown,customer29@mail.com,+1-444-984-3927,New York,USA,23958.23,324,6998433499
CUST000030,David Johnson,customer30@mail.com,+1-444-330-8480,New York,USA,48507.72,401,6600236778
CUST000031,Ava Walker,customer31@mail.com,+1-444-914-7498,New York,USA,37115.01,386,4054715618
CUST000032,Daniel Brown,customer32@mail.com,+1-444-130-6687,New York,USA,46986.0,678,4099096758
CUST000033,Sarah Walker,customer33@mail.com,+1-444-527-8779,Dallas,USA,39309.43,705,8982805329
CUST000034,Michael Clark,customer34@mail.com,+1-444-298-1124,Dallas,USA,26274.84,387,8633549061
CUST000035,John Clark,customer35@mail.com,+1-444-564-4068,New York,USA,44904.6,789,6353826445
CUST000036,Emma Johnson,customer36@mail.com,+1-444-994-2692,Dallas,USA,48596.91,559,9562838328
CUST000037,Ava Taylor,customer37@mail.com,+1-444-939-6382,Phoenix,USA,19798.8,677,1051163680
CUST000038,David Clark,customer38@mail.com,+1-444-975-3395,Phoenix,USA,7123.47,840,6833862215
CUST000039,Olivia Brown,customer39@mail.com,+1-444-323-8992,Phoenix,USA,6743.63,736,4730964223
CUST000040,Daniel Hall,customer40@mail.com,+1-444-909-3804,New York,USA,7221.26,503,4295270222
CUST000041,Daniel Walker,customer41@mail.com,+1-444-675-7343,New York,USA,41294.25,539,2109386558
CUST000042,David Hall,customer42@mail.com,+1-444-299-6008,New York,USA,45948.96,351,2441581613
CUST000043,John Hall,customer43@mail.com,+1-444-488-7875,Chicago,USA,40857.63,516,5788908956
CUST000044,Olivia Wilson,customer44@mail.com,+1-444-583-8131,New York,USA,15321.74,309,1739886740
CUST000045,Ava Taylor,customer45@mail.com,+1-444-163-5916,New York,USA,44765.02,808,5569045538
CUST000046,David Lewis,customer46@mail.com,+1-444-827-5178,Phoenix,USA,42892.71,617,3601132963
CUST000047,Sarah Johnson,customer47@mail.com,+1-444-529-5626,New York,USA,25823.52,849,3374975019
CUST000048,Olivia Johnson,customer48@mail.com,+1-444-533-4674,Chicago,USA,16767.63,532,7737493175
CUST000049,Ava Johnson,customer49@mail.com,+1-444-185-7849,Chicago,USA,25877.27,522,2572309232
CUST000050,John Wilson,customer50@mail.com,+1-444-523-2908,Phoenix,USA,8509.61,398,5684748280
CUST000051,Daniel Walker,customer51@mail.com,+1-444-820-6257,Dallas,USA,49056.76,382,7191862439
CUST000052,James Brown,customer52@mail.com,+1-444-947-1070,Chicago,USA,31763.08,469,4676500540
CUST000053,Emma Hall,customer53@mail.com,+1-444-269-5582,Phoenix,USA,38428.74,565,2965597629
CUST000054,David Walker,customer54@mail.com,+1-444-964-1034,Phoenix,USA,32123.14,645,8290157912
CUST000055,John Clark,customer55@mail.com,+1-444-886-7258,Chicago,USA,34624.9,512,3382068939
CUST000056,James Wilson,customer56@mail.com,+1-444-861-7537,New York,USA,13447.62,589,4311559715
CUST000057,David Walker,customer57@mail.com,+1-444-293-7655,Dallas,USA,85.2,767,9105840747
CUST000058,Sarah Clark,customer58@mail.com,+1-444-694-8924,Chicago,USA,35986.31,786,5741072857
CUST000059,Michael Walker,customer59@mail.com,+1-444-591-8991,Chicago,USA,41153.99,598,1485086961
CUST000060,Emma Walker,customer60@mail.com,+1-444-285-8685,Dallas,USA,26461.22,525,6288018187
CUST000061,David Wilson,customer61@mail.com,+1-444-348-3019,Phoenix,USA,1850.97,651,6585731275
CUST000062,Emma Wilson,customer62@mail.com,+1-444-303-8689,Chicago,USA,16175.34,709,3257299183
CUST000063,Sarah Taylor,customer63@mail.com,+1-444-313-5585,Phoenix,USA,39925.69,707,3834031630
CUST000064,John Wilson,customer64@mail.com,+1-444-631-1494,Dallas,USA,45935.45,397,4536613727
CUST000065,Sophia Davis,customer65@mail.com,+1-444-520-3974,Phoenix,USA,48437.03,824,7061363926
CUST000066,David Lewis,customer66@mail.com,+1-444-432-6684,Phoenix,USA,35674.63,604,9199802960
CUST000067,John Walker,customer67@mail.com,+1-444-413-9836,New York,USA,49045.57,592,6583230623
CUST000068,James Davis,customer68@mail.com,+1-444-849-9650,New York,USA,32073.12,320,8668310790
CUST000069,Ava Lewis,customer69@mail.com,+1-444-505-8428,Dallas,USA,13842.69,797,6196804220
CUST000070,Ava Lewis,customer70@mail.com,+1-444-615-7629,Phoenix,USA,5358.28,766,1186501258
CUST000071,Olivia Wilson,customer71@mail.com,+1-444-520-9153,New York,USA,16181.76,846,1985699765
CUST000072,Sarah Davis,customer72@mail.com,+1-444-204-2606,New York,USA,18027.25,781,7631132036
CUST000073,David Clark,customer73@mail.com,+1-444-659-2535,Dallas,USA,10125.66,462,5878285109
CUST000074,Daniel Lewis,customer74@mail.com,+1-444-257-5470,Dallas,USA,8688.8,445,2349270212
CUST000075,David Clark,customer75@mail.com,+1-444-974-9543,Dallas,USA,47884.65,366,8675976602
CUST000076,Daniel Hall,customer76@mail.com,+1-444-438-4661,New York,USA,1977.28,345,7435187793
CUST000077,Daniel Brown,customer77@mail.com,+1-444-329-4256,Dallas,USA,12811.41,624,8789025526
CUST000078,Ava Davis,customer78@mail.com,+1-444-736-4076,Dallas,USA,41768.16,325,7743415848
CUST000079,Daniel Hall,customer79@mail.com,+1-444-994-4319,Phoenix,USA,41075.83,513,1082335314
CUST000080,Daniel Johnson,customer80@mail.com,+1-444-585-1549,New York,USA,13710.31,484,6966887235
CUST000081,Olivia Davis,customer81@mail.com,+1-444-919-3953,Dallas,USA,38060.72,308,2698042499
CUST000082,Sarah Lewis,customer82@mail.com,+1-444-686-4546,Dallas,USA,11805.67,763,8444544391
CUST000083,David Johnson,customer83@mail.com,+1-444-176-6225,Dallas,USA,27491.37,472,4827568129
CUST000084,John Lewis,customer84@mail.com,+1-444-400-2781,Phoenix,USA,42912.72,581,9825242940
CUST000085,Sarah Taylor,customer85@mail.com,+1-444-203-1617,New York,USA,40744.44,528,3780316415
CUST000086,David Wilson,customer86@mail.com,+1-444-851-9443,Chicago,USA,40002.77,374,1280617969
CUST000087,David Walker,customer87@mail.com,+1-444-601-6073,Phoenix,USA,7145.52,625,5497909731
CUST000088,Ava Smith,customer88@mail.com,+1-444-977-9111,New York,USA,2938.48,531,1570327624
CUST000089,David Brown,customer89@mail.com,+1-444-925-9634,Dallas,USA,38680.88,720,7148400553
CUST000090,James Davis,customer90@mail.com,+1-444-615-5044,Dallas,USA,5857.33,819,4995260739
CUST000091,James Davis,customer91@mail.com,+1-444-612-9439,Phoenix,USA,36342.71,301,5095841087
CUST000092,Michael Johnson,customer92@mail.com,+1-444-881-2343,New York,USA,28266.51,523,8918437104
CUST000093,David Smith,customer93@mail.com,+1-444-199-2949,New York,USA,38012.54,667,1551677420
CUST000094,John Clark,customer94@mail.com,+1-444-117-7309,Dallas,USA,46060.76,340,6983425719
CUST000095,David Wilson,customer95@mail.com,+1-444-247-1291,Phoenix,USA,21269.1,469,4345324994
CUST000096,Daniel Hall,customer96@mail.com,+1-444-463-2352,Phoenix,USA,13550.71,753,7656969947
CUST000097,James Smith,customer97@mail.com,+1-444-600-5588,Dallas,USA,668.0,615,2867469577
CUST000098,James Taylor,customer98@mail.com,+1-444-306-1091,Phoenix,USA,15884.16,735,7964622001
CUST000099,Michael Lewis,customer99@mail.com,+1-444-408-3054,Chicago,USA,22706.14,663,2664900745
CUST000100,David Lewis,customer100@mail.com,+1-444-754-8349,Chicago,USA,29304.09,406,2600037517
CUST000101,Daniel Walker,customer101@mail.com,+1-444-797-3814,Chicago,USA,23833.14,312,3955668635
CUST000102,Michael Davis,customer102@mail.com,+1-444-772-6563,Chicago,USA,20409.84,404,5012630950
CUST000103,David Taylor,customer103@mail.com,+1-444-734-3214,Phoenix,USA,13068.66,640,5763375070
CUST000104,David Brown,customer104@mail.com,+1-444-822-7005,Phoenix,USA,29012.21,567,8040765830
CUST000105,Emma Clark,customer105@mail.com,+1-444-510-3420,Dallas,USA,5364.28,620,8566320993
CUST000106,Michael Hall,customer106@mail.com,+1-444-125-5477,New York,USA,48810.69,674,9549646629
CUST000107,James Walker,customer107@mail.com,+1-444-117-1919,Phoenix,USA,30586.83,720,4713216212
CUST000108,Daniel Johnson,customer108@mail.com,+1-444-696-2716,Chicago,USA,24032.31,844,7286877669
CUST000109,James Smith,customer109@mail.com,+1-444-153-4950,New York,USA,43825.61,724,4658126762
CUST000110,Sarah Smith,customer110@mail.com,+1-444-556-2757,Dallas,USA,4764.47,552,9050878358
CUST000111,Ava Taylor,customer111@mail.com,+1-444-461-6476,New York,USA,37719.01,831,2358971509
CUST000112,Daniel Wilson,customer112@mail.com,+1-444-241-4992,New York,USA,1568.81,707,1605307382
CUST000113,Daniel Taylor,customer113@mail.com,+1-444-686-5853,Chicago,USA,33886.91,342,2386692562
CUST000114,James Johnson,customer114@mail.com,+1-444-218-7451,New York,USA,15117.83,636,8542297138
CUST000115,Ava Clark,customer115@mail.com,+1-444-752-3679,Dallas,USA,47692.69,623,3206186820
CUST000116,John Smith,customer116@mail.com,+1-444-157-1355,New York,USA,26554.09,765,8135731402
CUST000117,Emma Hall,customer117@mail.com,+1-444-577-5586,New York,USA,40989.5,689,1306860897
CUST000118,Michael Walker,customer118@mail.com,+1-444-272-6315,Chicago,USA,5663.96,651,3027240901
CUST000119,Emma Wilson,customer119@mail.com,+1-444-648-4250,New York,USA,13272.26,512,3946114231
CUST000120,Sarah Brown,customer120@mail.com,+1-444-210-7303,New York,USA,621.36,662,3732169183
CUST000121,Michael Wilson,customer121@mail.com,+1-444-371-8189,New York,USA,37509.52,478,3910888122
CUST000122,Ava Smith,customer122@mail.com,+1-444-530-5980,Phoenix,USA,40074.66,497,5441469396
CUST000123,Michael Clark,customer123@mail.com,+1-444-848-1479,Chicago,USA,38534.02,397,5197857971
CUST000124,Sarah Wilson,customer124@mail.com,+1-444-207-1408,Dallas,USA,31273.84,457,1474512492
CUST000125,Ava Taylor,customer125@mail.com,+1-444-455-9008,Dallas,USA,42303.87,355,6438380000
CUST000126,Michael Davis,customer126@mail.com,+1-444-632-8685,Phoenix,USA,36757.44,325,6353891909
CUST000127,Michael Smith,customer127@mail.com,+1-444-626-8166,Chicago,USA,31501.45,629,6796826996
CUST000128,Sarah Wilson,customer128@mail.com,+1-444-250-5981,Chicago,USA,49953.91,666,3560377334
CUST000129,Olivia Taylor,customer129@mail.com,+1-444-204-2905,Phoenix,USA,17647.74,580,5227232486
CUST000130,Sophia Walker,customer130@mail.com,+1-444-819-2117,Chicago,USA,6609.69,440,9359250631
CUST000131,Emma Walker,customer131@mail.com,+1-444-133-6504,Phoenix,USA,16653.72,445,3074481141
CUST000132,Sarah Clark,customer132@mail.com,+1-444-693-8638,Phoenix,USA,38212.39,632,1619601689
CUST000133,Emma Wilson,customer133@mail.com,+1-444-810-6968,New York,USA,28143.05,347,3329272045
CUST000134,Olivia Taylor,customer134@mail.com,+1-444-444-9923,Dallas,USA,14794.45,610,1547507305
CUST000135,Emma Taylor,customer135@mail.com,+1-444-999-7219,Dallas,USA,29039.68,365,3817335645
CUST000136,David Davis,customer136@mail.com,+1-444-206-1816,New York,USA,45601.11,460,5839091590
CUST000137,Daniel Davis,customer137@mail.com,+1-444-788-4331,Phoenix,USA,43916.98,810,1987498127
CUST000138,John Lewis,customer138@mail.com,+1-444-974-4271,Phoenix,USA,5743.9,794,6241965857
CUST000139,Daniel Johnson,customer139@mail.com,+1-444-898-5486,Chicago,USA,49908.57,513,1273346714
CUST000140,Ava Lewis,customer140@mail.com,+1-444-871-8490,New York,USA,17696.3,485,9886362970
CUST000141,Daniel Lewis,customer141@mail.com,+1-444-977-1634,Dallas,USA,48712.6,513,2833722203
CUST000142,Sarah Brown,customer142@mail.com,+1-444-589-8691,Phoenix,USA,39110.95,812,7158797174
CUST000143,Ava Hall,customer143@mail.com,+1-444-832-6101,Dallas,USA,1814.19,529,6834602552
CUST000144,Sophia Lewis,customer144@mail.com,+1-444-106-3913,Phoenix,USA,1771.25,351,9912015510
CUST000145,Olivia Smith,customer145@mail.com,+1-444-304-4182,Dallas,USA,4645.95,586,8181587171
CUST000146,David Walker,customer146@mail.com,+1-444-528-4400,Chicago,USA,36941.89,471,6164427703
CUST000147,Sophia Smith,customer147@mail.com,+1-444-402-8286,New York,USA,36991.64,808,5828874894
CUST000148,Daniel Clark,customer148@mail.com,+1-444-326-7528,Chicago,USA,17889.4,459,4593626821
CUST000149,David Davis,customer149@mail.com,+1-444-137-2142,Dallas,USA,12833.91,836,5378868813
CUST000150,James Walker,customer150@mail.com,+1-444-613-1037,Dallas,USA,38942.66,773,7045684920
CUST000151,Sarah Davis,customer151@mail.com,+1-444-392-1746,New York,USA,16801.82,468,9378637489
CUST000152,Ava Lewis,customer152@mail.com,+1-444-643-1970,Dallas,USA,3595.22,619,8488936691
CUST000153,Daniel Johnson,customer153@mail.com,+1-444-601-2649,Chicago,USA,24546.68,597,1809436885
CUST000154,James Johnson,customer154@mail.com,+1-444-853-6140,Dallas,USA,16114.51,680,1722594407
CUST000155,Emma Johnson,customer155@mail.com,+1-444-759-9519,New York,USA,15006.71,812,7733317487
CUST000156,Olivia Taylor,customer156@mail.com,+1-444-854-4655,Phoenix,USA,48481.22,646,9841709642
CUST000157,Daniel Clark,customer157@mail.com,+1-444-718-2595,Phoenix,USA,8182.06,418,7921488192
CUST000158,Olivia Lewis,customer158@mail.com,+1-444-908-3273,Chicago,USA,38868.05,760,4764322245
CUST000159,Sarah Clark,customer159@mail.com,+1-444-641-9227,Dallas,USA,2668.93,474,4990854358
CUST000160,James Lewis,customer160@mail.com,+1-444-904-3811,Chicago,USA,33532.99,669,4761393727
CUST000161,Emma Lewis,customer161@mail.com,+1-444-360-1188,Dallas,USA,1240.66,803,1879967224
CUST000162,David Smith,customer162@mail.com,+1-444-365-3395,Dallas,USA,12162.96,356,7752187946
CUST000163,Sophia Clark,customer163@mail.com,+1-444-738-7907,Phoenix,USA,15631.61,824,6832436238
CUST000164,Sarah Brown,customer164@mail.com,+1-444-643-4956,Chicago,USA,1780.35,399,1916721342
CUST000165,James Taylor,customer165@mail.com,+1-444-222-6674,Chicago,USA,44505.78,703,5475349249
CUST000166,Daniel Clark,customer166@mail.com,+1-444-485-2252,Phoenix,USA,24006.49,567,4177389254
CUST000167,David Johnson,customer167@mail.com,+1-444-364-9272,Chicago,USA,29275.28,741,9113579773
CUST000168,Daniel Walker,customer168@mail.com,+1-444-936-5073,Dallas,USA,32883.08,813,7882650868
CUST000169,David Johnson,customer169@mail.com,+1-444-618-9501,Chicago,USA,36561.58,344,2539165328
CUST000170,Sophia Lewis,customer170@mail.com,+1-444-499-5889,New York,USA,31945.06,660,3633844121
CUST000171,Ava Lewis,customer171@mail.com,+1-444-368-2245,Dallas,USA,32413.48,694,1138483601
CUST000172,David Clark,customer172@mail.com,+1-444-224-6706,Phoenix,USA,44533.15,744,6988768797
CUST000173,Sophia Hall,customer173@mail.com,+1-444-123-3743,Phoenix,USA,19335.18,776,4528988242
CUST000174,David Brown,customer174@mail.com,+1-444-486-9160,Phoenix,USA,34235.14,661,2932220912
CUST000175,Michael Lewis,customer175@mail.com,+1-444-211-6704,Dallas,USA,6677.64,470,3030214525
CUST000176,Sarah Lewis,customer176@mail.com,+1-444-969-7034,New York,USA,46276.09,688,9001334564
CUST000177,James Hall,customer177@mail.com,+1-444-425-7454,Chicago,USA,13822.97,605,9743548596
CUST000178,David Wilson,customer178@mail.com,+1-444-355-8817,Phoenix,USA,38725.95,625,2336449665
CUST000179,Olivia Smith,customer179@mail.com,+1-444-919-8104,Dallas,USA,4684.28,580,5336296563
CUST000180,James Walker,customer180@mail.com,+1-444-271-2032,Phoenix,USA,31526.13,629,9741638588
CUST000181,Daniel Lewis,customer181@mail.com,+1-444-910-6988,New York,USA,24751.63,618,1065154935
CUST000182,Ava Hall,customer182@mail.com,+1-444-291-6749,Phoenix,USA,25703.94,488,9624513521
CUST000183,James Lewis,customer183@mail.com,+1-444-854-5108,New York,USA,16334.25,538,2824047191
CUST000184,Ava Davis,customer184@mail.com,+1-444-366-1311,Phoenix,USA,28692.49,347,9549689138
CUST000185,Emma Smith,customer185@mail.com,+1-444-229-5270,New York,USA,15708.18,407,2700015672
CUST000186,Emma Lewis,customer186@mail.com,+1-444-385-7271,New York,USA,8322.63,315,2287960850
CUST000187,Ava Smith,customer187@mail.com,+1-444-777-1727,Phoenix,USA,22372.7,348,7210906604
CUST000188,Olivia Smith,customer188@mail.com,+1-444-797-9194,Dallas,USA,28921.84,682,6247751916
CUST000189,James Walker,customer189@mail.com,+1-444-972-7386,Dallas,USA,19660.76,473,7347186179
CUST000190,Olivia Smith,customer190@mail.com,+1-444-302-1765,New York,USA,27328.29,435,9974513423
CUST000191,Sarah Smith,customer191@mail.com,+1-444-612-9044,New York,USA,40448.02,676,9635458895
CUST000192,Sophia Lewis,customer192@mail.com,+1-444-482-2146,Chicago,USA,48692.11,811,4871840998
CUST000193,James Brown,customer193@mail.com,+1-444-755-9010,Chicago,USA,4014.9,521,6894473067
CUST000194,Ava Johnson,customer194@mail.com,+1-444-584-7988,Chicago,USA,19509.48,620,5073698142
CUST000195,Ava Lewis,customer195@mail.com,+1-444-172-4447,New York,USA,48369.36,421,6493612822
CUST000196,James Johnson,customer196@mail.com,+1-444-143-8407,Phoenix,USA,42176.88,395,8211336676
CUST000197,Sophia Clark,customer197@mail.com,+1-444-915-8801,Phoenix,USA,32040.1,488,8383304325
CUST000198,Emma Johnson,customer198@mail.com,+1-444-228-6309,Chicago,USA,47895.58,564,3556944087
CUST000199,Michael Wilson,customer199@mail.com,+1-444-158-8314,Phoenix,USA,2204.35,451,2856965922
CUST000200,Ava Wilson,customer200@mail.com,+1-444-476-3431,New York,USA,30487.69,499,7992707384
CUST000201,John Hall,customer201@mail.com,+1-444-332-9748,Dallas,USA,2022.76,702,4095232883
CUST000202,John Taylor,customer202@mail.com,+1-444-155-3634,New York,USA,45931.84,408,5190132116
CUST000203,David Clark,customer203@mail.com,+1-444-984-3442,New York,USA,36647.99,683,4998864500
CUST000204,James Walker,customer204@mail.com,+1-444-501-3937,Dallas,USA,12011.79,312,6119231199
CUST000205,Sarah Taylor,customer205@mail.com,+1-444-349-8233,Chicago,USA,44306.26,728,8933909933
CUST000206,Daniel Walker,customer206@mail.com,+1-444-337-6940,Dallas,USA,49611.7,693,4993206725
CUST000207,James Brown,customer207@mail.com,+1-444-242-5024,Chicago,USA,18400.63,823,4750836705
CUST000208,Emma Davis,customer208@mail.com,+1-444-508-6894,Chicago,USA,8902.59,655,1297169340
CUST000209,David Walker,customer209@mail.com,+1-444-340-7427,Chicago,USA,39119.71,467,6867526275
CUST000210,Daniel Johnson,customer210@mail.com,+1-444-300-5800,Dallas,USA,5622.08,359,4160127951
CUST000211,Ava Walker,customer211@mail.com,+1-444-533-4728,Dallas,USA,47705.19,560,6736971001
CUST000212,James Smith,customer212@mail.com,+1-444-275-9835,New York,USA,36089.44,705,7255556631
CUST000213,Sophia Wilson,customer213@mail.com,+1-444-742-5851,Dallas,USA,39619.95,818,7294409782
CUST000214,Olivia Wilson,customer214@mail.com,+1-444-611-2051,New York,USA,15629.13,850,6538200138
CUST000215,John Davis,customer215@mail.com,+1-444-615-1079,Phoenix,USA,8412.0,562,8993050199
CUST000216,David Lewis,customer216@mail.com,+1-444-375-1641,New York,USA,12516.45,713,4925206317
CUST000217,James Wilson,customer217@mail.com,+1-444-757-9437,Dallas,USA,24791.05,609,4141959380
CUST000218,John Taylor,customer218@mail.com,+1-444-877-2650,Phoenix,USA,205.68,679,1892563108
CUST000219,John Brown,customer219@mail.com,+1-444-482-3338,Phoenix,USA,37659.69,545,6825645508
CUST000220,John Davis,customer220@mail.com,+1-444-657-8590,New York,USA,1820.54,842,5388631371
CUST000221,Olivia Walker,customer221@mail.com,+1-444-354-6661,New York,USA,40859.48,531,4325702318
CUST000222,Daniel Davis,customer222@mail.com,+1-444-218-9888,Phoenix,USA,31928.5,449,8406145127
CUST000223,Michael Clark,customer223@mail.com,+1-444-778-1405,Phoenix,USA,38246.83,314,6144316413
CUST000224,Ava Clark,customer224@mail.com,+1-444-710-6262,Phoenix,USA,46612.43,448,7819186627
CUST000225,Daniel Clark,customer225@mail.com,+1-444-333-3050,Dallas,USA,27480.94,575,1351819110
CUST000226,Michael Hall,customer226@mail.com,+1-444-916-2577,New York,USA,47633.47,314,4748194271
CUST000227,John Taylor,customer227@mail.com,+1-444-841-1028,Chicago,USA,17753.39,404,5820765201
CUST000228,Ava Taylor,customer228@mail.com,+1-444-809-3320,Phoenix,USA,4985.31,626,7075194126
CUST000229,Sophia Johnson,customer229@mail.com,+1-444-100-2226,Phoenix,USA,16271.21,621,6299042968
CUST000230,John Davis,customer230@mail.com,+1-444-244-6608,Chicago,USA,43272.07,839,2184821863
CUST000231,Sophia Taylor,customer231@mail.com,+1-444-408-5296,Phoenix,USA,21150.66,466,1870645504
CUST000232,John Walker,customer232@mail.com,+1-444-676-6763,Chicago,USA,6738.05,606,1831190616
CUST000233,Olivia Hall,customer233@mail.com,+1-444-422-8099,New York,USA,21822.34,307,1796676911
CUST000234,Sarah Lewis,customer234@mail.com,+1-444-361-8387,Phoenix,USA,5437.33,362,1461179876
CUST000235,Michael Davis,customer235@mail.com,+1-444-743-4239,Dallas,USA,2852.23,443,6958005883
CUST000236,Sarah Lewis,customer236@mail.com,+1-444-882-3375,Dallas,USA,421.64,368,7200108291
CUST000237,Sarah Hall,customer237@mail.com,+1-444-942-4594,New York,USA,45146.25,377,4850107994
CUST000238,Ava Clark,customer238@mail.com,+1-444-353-8786,New York,USA,26057.8,714,5931976126
CUST000239,David Brown,customer239@mail.com,+1-444-322-3054,New York,USA,12686.54,518,2227220230
CUST000240,Michael Brown,customer240@mail.com,+1-444-461-9993,Phoenix,USA,15652.65,644,1608342448
CUST000241,James Clark,customer241@mail.com,+1-444-883-1156,Phoenix,USA,46123.4,318,2035304470
CUST000242,David Wilson,customer242@mail.com,+1-444-642-2548,New York,USA,15043.41,338,7911020453
CUST000243,Michael Taylor,customer243@mail.com,+1-444-122-2121,Phoenix,USA,8968.32,738,9200542100
CUST000244,Sophia Johnson,customer244@mail.com,+1-444-816-9276,New York,USA,23480.48,783,1978903213
CUST000245,Olivia Lewis,customer245@mail.com,+1-444-410-5548,Chicago,USA,320.3,825,4805693814
CUST000246,James Smith,customer246@mail.com,+1-444-183-1426,Phoenix,USA,33450.29,724,8552359002
CUST000247,Michael Lewis,customer247@mail.com,+1-444-762-5941,Chicago,USA,18937.83,356,7675143432
CUST000248,Sophia Hall,customer248@mail.com,+1-444-436-9824,Dallas,USA,12934.98,343,5009953729
CUST000249,David Taylor,customer249@mail.com,+1-444-635-1733,Phoenix,USA,5363.95,398,3393715265
CUST000250,Michael Wilson,customer250@mail.com,+1-444-402-1141,Phoenix,USA,44073.07,743,8585266116
CUST000251,Olivia Johnson,customer251@mail.com,+1-444-701-9314,New York,USA,10417.31,329,8184180155
CUST000252,Emma Hall,customer252@mail.com,+1-444-762-8997,Dallas,USA,28577.16,571,3831554760
CUST000253,Daniel Clark,customer253@mail.com,+1-444-266-8447,Dallas,USA,23929.63,506,5745317287
CUST000254,Daniel Davis,customer254@mail.com,+1-444-417-9297,Phoenix,USA,4580.79,309,4342745862
CUST000255,Sarah Walker,customer255@mail.com,+1-444-891-9871,Dallas,USA,28183.54,801,6741936799
CUST000256,Olivia Brown,customer256@mail.com,+1-444-118-4939,Dallas,USA,5766.36,450,3597591252
CUST000257,Emma Walker,customer257@mail.com,+1-444-478-9640,New York,USA,40566.85,349,7953673164
CUST000258,David Wilson,customer258@mail.com,+1-444-379-1346,Phoenix,USA,46783.32,610,3735739874
CUST000259,James Hall,customer259@mail.com,+1-444-874-5985,New York,USA,40645.24,302,5573072225
CUST000260,Ava Brown,customer260@mail.com,+1-444-693-6868,Dallas,USA,2387.41,465,2921973270
CUST000261,Emma Clark,customer261@mail.com,+1-444-242-4013,Phoenix,USA,44563.69,651,4340055860
CUST000262,Michael Taylor,customer262@mail.com,+1-444-883-5466,New York,USA,39689.76,795,6069047875
CUST000263,James Wilson,customer263@mail.com,+1-444-458-3760,Phoenix,USA,44553.14,648,3133562350
CUST000264,Emma Taylor,customer264@mail.com,+1-444-922-2119,Phoenix,USA,29444.38,688,3898900745
CUST000265,Daniel Hall,customer265@mail.com,+1-444-271-3204,New York,USA,21381.28,753,6076824702
CUST000266,Ava Johnson,customer266@mail.com,+1-444-575-4185,Chicago,USA,22447.21,777,8160279172
CUST000267,Ava Johnson,customer267@mail.com,+1-444-125-1083,Chicago,USA,23717.01,689,3119701991
CUST000268,Michael Wilson,customer268@mail.com,+1-444-776-5654,Dallas,USA,44672.23,678,6973517303
CUST000269,Emma Brown,customer269@mail.com,+1-444-766-4010,Chicago,USA,6770.77,455,1675284379
CUST000270,Michael Davis,customer270@mail.com,+1-444-515-1460,Dallas,USA,28617.23,783,4706682585
CUST000271,Sophia Wilson,customer271@mail.com,+1-444-711-8120,New York,USA,16765.05,390,4091849260
CUST000272,Sophia Smith,customer272@mail.com,+1-444-945-2801,Chicago,USA,38654.73,722,3437281949
CUST000273,James Lewis,customer273@mail.com,+1-444-106-5391,Chicago,USA,7751.07,452,4209997961
CUST000274,Ava Taylor,customer274@mail.com,+1-444-683-8457,Dallas,USA,2520.14,538,8105760150
CUST000275,John Clark,customer275@mail.com,+1-444-817-3906,Chicago,USA,3774.28,496,4626259564
CUST000276,Ava Clark,customer276@mail.com,+1-444-826-5948,Dallas,USA,38213.01,774,4915696051
CUST000277,Daniel Lewis,customer277@mail.com,+1-444-840-1780,Phoenix,USA,5126.42,583,5488533188
CUST000278,James Taylor,customer278@mail.com,+1-444-616-5463,Phoenix,USA,39314.37,766,8799451524
CUST000279,Sophia Davis,customer279@mail.com,+1-444-491-9678,Dallas,USA,10368.57,523,3960085446
CUST000280,James Smith,customer280@mail.com,+1-444-434-1204,Phoenix,USA,33612.63,383,7777910275
CUST000281,Olivia Wilson,customer281@mail.com,+1-444-987-8409,Phoenix,USA,7796.54,714,5053748913
CUST000282,Michael Clark,customer282@mail.com,+1-444-918-9351,Dallas,USA,22994.12,541,4787533421
CUST000283,Emma Taylor,customer283@mail.com,+1-444-474-9439,Dallas,USA,3107.54,459,8249380280
CUST000284,Sarah Johnson,customer284@mail.com,+1-444-400-8405,Chicago,USA,43702.1,781,4400749406
CUST000285,Sarah Johnson,customer285@mail.com,+1-444-774-2181,New York,USA,43548.55,589,5831847501
CUST000286,John Clark,customer286@mail.com,+1-444-306-5781,Phoenix,USA,32856.76,803,4950024551
CUST000287,Sophia Clark,customer287@mail.com,+1-444-743-8570,Chicago,USA,925.64,543,9238208251
CUST000288,John Walker,customer288@mail.com,+1-444-597-2902,Chicago,USA,3247.47,756,5472372328
CUST000289,David Lewis,customer289@mail.com,+1-444-804-1715,Chicago,USA,49805.62,540,8560658149
CUST000290,Daniel Hall,customer290@mail.com,+1-444-766-2224,Dallas,USA,5642.41,535,1356795309
CUST000291,John Davis,customer291@mail.com,+1-444-671-2491,Phoenix,USA,26964.18,569,4524029742
CUST000292,James Johnson,customer292@mail.com,+1-444-394-8070,New York,USA,44144.68,781,9984676604
CUST000293,David Davis,customer293@mail.com,+1-444-513-4811,Chicago,USA,16128.68,388,2885863173
CUST000294,James Brown,customer294@mail.com,+1-444-614-6678,New York,USA,450.62,577,9751760972
CUST000295,Olivia Taylor,customer295@mail.com,+1-444-663-7233,Phoenix,USA,6274.38,693,1346329664
CUST000296,Emma Clark,customer296@mail.com,+1-444-111-9460,New York,USA,37860.07,534,2151236895
CUST000297,David Smith,customer297@mail.com,+1-444-884-2917,Dallas,USA,31590.54,472,5571922369
CUST000298,Sophia Davis,customer298@mail.com,+1-444-414-3653,New York,USA,29212.01,685,4094308273
CUST000299,Michael Wilson,customer299@mail.com,+1-444-934-1026,New York,USA,38611.96,387,7302934171
CUST000300,James Brown,customer300@mail.com,+1-444-995-7984,Phoenix,USA,44850.44,688,3167796478
CUST000301,John Lewis,customer301@mail.com,+1-444-563-2748,Dallas,USA,8905.13,531,6996089892
CUST000302,Sophia Taylor,customer302@mail.com,+1-444-751-4600,Phoenix,USA,9175.13,774,2989180109
CUST000303,Emma Johnson,customer303@mail.com,+1-444-163-3309,Dallas,USA,48124.79,532,7218940676
CUST000304,Emma Lewis,customer304@mail.com,+1-444-141-2909,Chicago,USA,31048.71,713,9911066805
CUST000305,Sophia Walker,customer305@mail.com,+1-444-193-9893,Chicago,USA,30531.91,324,7145743442
CUST000306,Ava Hall,customer306@mail.com,+1-444-613-7169,Chicago,USA,17690.79,428,1202420337
CUST000307,Ava Clark,customer307@mail.com,+1-444-573-6986,Dallas,USA,26559.6,391,2939401756
CUST000308,Sophia Brown,customer308@mail.com,+1-444-702-9453,Dallas,USA,19567.57,837,5981669631
CUST000309,Olivia Brown,customer309@mail.com,+1-444-158-1000,Chicago,USA,31444.86,564,7658562053
CUST000310,Sophia Johnson,customer310@mail.com,+1-444-743-9208,New York,USA,45246.91,772,8149342461
CUST000311,Michael Lewis,customer311@mail.com,+1-444-281-8406,Phoenix,USA,19952.34,369,7810909428
CUST000312,Emma Hall,customer312@mail.com,+1-444-142-5138,New York,USA,49010.19,596,4677448338
CUST000313,Emma Taylor,customer313@mail.com,+1-444-252-1178,Chicago,USA,14934.99,379,2268373601
CUST000314,John Taylor,customer314@mail.com,+1-444-900-6051,Phoenix,USA,22373.03,720,9891558940
CUST000315,James Wilson,customer315@mail.com,+1-444-642-2962,New York,USA,13912.13,425,4451315321
CUST000316,Michael Brown,customer316@mail.com,+1-444-937-6288,Phoenix,USA,33163.07,339,4506949534
CUST000317,David Lewis,customer317@mail.com,+1-444-985-3270,New York,USA,8890.53,449,1425285574
CUST000318,Michael Wilson,customer318@mail.com,+1-444-770-6990,Dallas,USA,44396.35,596,5505288164
CUST000319,John Davis,customer319@mail.com,+1-444-908-1254,Dallas,USA,37673.67,325,1840314087
CUST000320,Michael Brown,customer320@mail.com,+1-444-193-8934,Dallas,USA,5634.7,820,2189658625
CUST000321,Emma Brown,customer321@mail.com,+1-444-167-4474,Phoenix,USA,16608.16,616,6406680984
CUST000322,Ava Brown,customer322@mail.com,+1-444-717-8154,Dallas,USA,13236.19,729,6368522023
CUST000323,John Johnson,customer323@mail.com,+1-444-701-1827,New York,USA,19025.5,690,5010968261
CUST000324,David Wilson,customer324@mail.com,+1-444-594-2216,New York,USA,45472.16,304,3300945614
CUST000325,Emma Lewis,customer325@mail.com,+1-444-178-1250,Dallas,USA,1728.48,452,7584474772
CUST000326,David Lewis,customer326@mail.com,+1-444-484-6033,New York,USA,41560.44,596,9256874308
CUST000327,Daniel Smith,customer327@mail.com,+1-444-368-2386,New York,USA,47233.94,764,6006779466
CUST000328,Daniel Johnson,customer328@mail.com,+1-444-247-3877,Phoenix,USA,38571.73,360,4651117552
CUST000329,James Lewis,customer329@mail.com,+1-444-524-7272,Phoenix,USA,6933.59,560,7685517064
CUST000330,Michael Hall,customer330@mail.com,+1-444-273-2582,New York,USA,48880.59,808,2671882527
CUST000331,Olivia Hall,customer331@mail.com,+1-444-665-1688,Phoenix,USA,5327.26,598,6900542843
CUST000332,Daniel Wilson,customer332@mail.com,+1-444-280-2598,Chicago,USA,32697.88,642,5041923324
CUST000333,Sophia Smith,customer333@mail.com,+1-444-328-1256,Phoenix,USA,37217.51,348,3630723700
CUST000334,Michael Brown,customer334@mail.com,+1-444-654-1193,New York,USA,27982.16,400,4464442917
CUST000335,Emma Walker,customer335@mail.com,+1-444-223-1820,Dallas,USA,11258.3,437,9477475276
CUST000336,Sarah Johnson,customer336@mail.com,+1-444-986-4659,Chicago,USA,45832.35,503,7787553444
CUST000337,James Lewis,customer337@mail.com,+1-444-984-9692,Dallas,USA,27825.16,601,2113384978
CUST000338,Ava Wilson,customer338@mail.com,+1-444-253-6155,Chicago,USA,31355.13,487,9928288383
CUST000339,Sophia Davis,customer339@mail.com,+1-444-876-9127,Dallas,USA,28097.65,783,2384676482
CUST000340,David Johnson,customer340@mail.com,+1-444-599-2347,Phoenix,USA,15846.83,335,5904292516
CUST000341,Michael Brown,customer341@mail.com,+1-444-214-7974,Dallas,USA,12283.02,838,3532161902
CUST000342,Daniel Smith,customer342@mail.com,+1-444-679-8259,New York,USA,32622.25,540,8584399654
CUST000343,James Clark,customer343@mail.com,+1-444-955-2335,Chicago,USA,11293.88,712,6159883361
CUST000344,Olivia Smith,customer344@mail.com,+1-444-436-8594,New York,USA,10718.48,706,1437746337
CUST000345,Sarah Wilson,customer345@mail.com,+1-444-564-6051,Chicago,USA,37217.02,690,3335846358
CUST000346,Michael Taylor,customer346@mail.com,+1-444-253-4905,Dallas,USA,48197.07,820,4270723854
CUST000347,Sophia Wilson,customer347@mail.com,+1-444-598-1449,Phoenix,USA,14153.58,792,4855986028
CUST000348,Sarah Hall,customer348@mail.com,+1-444-541-9286,Phoenix,USA,42741.63,361,8706219974
CUST000349,Emma Hall,customer349@mail.com,+1-444-484-3805,Dallas,USA,40570.71,458,1724374569
CUST000350,Sophia Davis,customer350@mail.com,+1-444-351-9292,Chicago,USA,25621.73,342,9550873210
CUST000351,Ava Hall,customer351@mail.com,+1-444-469-2307,Chicago,USA,47534.76,789,9831632824
CUST000352,Emma Smith,customer352@mail.com,+1-444-435-1485,New York,USA,4852.09,844,1650800042
CUST000353,Michael Walker,customer353@mail.com,+1-444-762-6323,Chicago,USA,47091.76,721,8646366922
CUST000354,Emma Wilson,customer354@mail.com,+1-444-707-5225,Chicago,USA,38089.51,811,5599049296
CUST000355,Michael Clark,customer355@mail.com,+1-444-752-6416,Phoenix,USA,26197.22,640,8062285783
CUST000356,Daniel Walker,customer356@mail.com,+1-444-235-3465,Chicago,USA,36365.74,399,6508465640
CUST000357,Emma Brown,customer357@mail.com,+1-444-626-6109,Dallas,USA,2924.9,527,1671190279
CUST000358,Sarah Smith,customer358@mail.com,+1-444-168-4676,Phoenix,USA,19674.17,524,8917026474
CUST000359,James Taylor,customer359@mail.com,+1-444-918-1729,Dallas,USA,32368.83,750,2813431078
CUST000360,Sophia Smith,customer360@mail.com,+1-444-792-7437,Phoenix,USA,24138.44,720,9477397412
CUST000361,Olivia Smith,customer361@mail.com,+1-444-275-7675,New York,USA,30677.47,774,1520920763
CUST000362,Ava Brown,customer362@mail.com,+1-444-992-6186,New York,USA,43420.61,824,5568246063
CUST000363,James Davis,customer363@mail.com,+1-444-690-9949,Dallas,USA,963.58,755,6031768753
CUST000364,Sarah Hall,customer364@mail.com,+1-444-328-8842,New York,USA,7582.94,644,5180198030
CUST000365,Olivia Clark,customer365@mail.com,+1-444-276-3077,Dallas,USA,30447.24,574,4842466635
CUST000366,Emma Taylor,customer366@mail.com,+1-444-690-7481,Dallas,USA,25355.33,822,9069965776
CUST000367,Michael Wilson,customer367@mail.com,+1-444-936-3833,New York,USA,10099.03,828,4854706765
CUST000368,Emma Walker,customer368@mail.com,+1-444-163-9641,New York,USA,8527.71,795,3650340316
CUST000369,James Johnson,customer369@mail.com,+1-444-664-4636,Dallas,USA,29235.62,653,1473231244
CUST000370,Sarah Clark,customer370@mail.com,+1-444-720-6859,Dallas,USA,30296.58,348,2943290603
CUST000371,James Johnson,customer371@mail.com,+1-444-167-8358,Chicago,USA,41241.35,791,1636021720
CUST000372,Sarah Hall,customer372@mail.com,+1-444-387-4080,Phoenix,USA,33329.83,505,9847631341
CUST000373,Michael Davis,customer373@mail.com,+1-444-393-6499,Chicago,USA,43875.97,520,1218574272
CUST000374,Daniel Walker,customer374@mail.com,+1-444-634-4941,Phoenix,USA,339.05,682,7645193299
CUST000375,Olivia Hall,customer375@mail.com,+1-444-771-7775,Chicago,USA,2527.99,687,3964410313
CUST000376,Sophia Johnson,customer376@mail.com,+1-444-767-4759,Dallas,USA,18890.26,403,1948126330
CUST000377,Olivia Davis,customer377@mail.com,+1-444-441-1855,Dallas,USA,35344.49,422,7743489340
CUST000378,Olivia Taylor,customer378@mail.com,+1-444-561-7282,Dallas,USA,26579.02,672,2995815712
CUST000379,Sarah Johnson,customer379@mail.com,+1-444-755-9698,Chicago,USA,37089.12,677,6933241026
CUST000380,Ava Davis,customer380@mail.com,+1-444-839-5279,Chicago,USA,20811.9,328,8786010704
CUST000381,David Walker,customer381@mail.com,+1-444-552-6807,Dallas,USA,18322.36,723,8324658887
CUST000382,Daniel Lewis,customer382@mail.com,+1-444-174-9387,Dallas,USA,43964.75,777,1525378944
CUST000383,James Wilson,customer383@mail.com,+1-444-971-3284,Chicago,USA,9361.68,812,6501042367
CUST000384,Michael Hall,customer384@mail.com,+1-444-235-4192,Chicago,USA,28741.63,630,5174190544
CUST000385,John Wilson,customer385@mail.com,+1-444-838-8479,Dallas,USA,21849.76,634,6361986384
CUST000386,John Davis,customer386@mail.com,+1-444-242-3752,New York,USA,47526.72,670,8925908276
CUST000387,Sophia Taylor,customer387@mail.com,+1-444-457-8692,Phoenix,USA,12673.1,581,5189929033
CUST000388,Michael Smith,customer388@mail.com,+1-444-798-7276,New York,USA,46242.42,648,3778916458
CUST000389,Emma Johnson,customer389@mail.com,+1-444-556-6511,New York,USA,341.17,393,3288626572
CUST000390,Sarah Taylor,customer390@mail.com,+1-444-176-6683,Chicago,USA,42837.83,573,1442517343
CUST000391,Daniel Brown,customer391@mail.com,+1-444-117-1335,Phoenix,USA,5068.39,576,2355328891
CUST000392,David Smith,customer392@mail.com,+1-444-756-7541,Dallas,USA,5860.94,665,8488561520
CUST000393,James Brown,customer393@mail.com,+1-444-484-7421,New York,USA,40664.96,430,2462150754
CUST000394,Emma Walker,customer394@mail.com,+1-444-176-2949,Dallas,USA,34419.27,696,8478225171
CUST000395,Ava Lewis,customer395@mail.com,+1-444-581-6590,Chicago,USA,28129.89,465,9862063605
CUST000396,Olivia Hall,customer396@mail.com,+1-444-929-5135,Phoenix,USA,1406.18,477,5112300881
CUST000397,Ava Walker,customer397@mail.com,+1-444-630-9602,Dallas,USA,19434.5,684,3615237354
CUST000398,James Taylor,customer398@mail.com,+1-444-170-7346,Chicago,USA,20860.05,521,9190058717
CUST000399,Daniel Taylor,customer399@mail.com,+1-444-144-4227,New York,USA,2676.72,570,2789434277
CUST000400,Sarah Johnson,customer400@mail.com,+1-444-809-2997,New York,USA,28379.62,371,9442023260
CUST000401,Olivia Clark,customer401@mail.com,+1-444-310-4585,New York,USA,47581.47,692,8381067728
CUST000402,James Davis,customer402@mail.com,+1-444-128-7030,Chicago,USA,29795.53,659,2537651738
CUST000403,Michael Clark,customer403@mail.com,+1-444-604-6688,Chicago,USA,48315.35,627,9650433575
CUST000404,Olivia Johnson,customer404@mail.com,+1-444-272-1203,Dallas,USA,35136.42,848,7942152168
CUST000405,James Lewis,customer405@mail.com,+1-444-871-5582,Dallas,USA,4984.56,400,9518178293
CUST000406,Sophia Wilson,customer406@mail.com,+1-444-969-2884,Dallas,USA,16664.1,440,2560881647
CUST000407,James Davis,customer407@mail.com,+1-444-145-6259,Chicago,USA,6776.2,785,1833207654
CUST000408,Emma Taylor,customer408@mail.com,+1-444-311-2590,Dallas,USA,33351.95,850,6482842566
CUST000409,Emma Walker,customer409@mail.com,+1-444-128-2155,New York,USA,5701.81,764,4952321472
CUST000410,Daniel Lewis,customer410@mail.com,+1-444-621-9394,Chicago,USA,45460.65,394,8820358118
CUST000411,James Clark,customer411@mail.com,+1-444-321-6578,Chicago,USA,28944.29,393,5249933529
CUST000412,Sophia Lewis,customer412@mail.com,+1-444-784-9233,New York,USA,21897.91,694,2658770128
CUST000413,Olivia Wilson,customer413@mail.com,+1-444-349-3019,Phoenix,USA,21332.61,694,2676304112
CUST000414,Daniel Davis,customer414@mail.com,+1-444-608-1054,Phoenix,USA,27582.38,682,1334925590
CUST000415,Ava Davis,customer415@mail.com,+1-444-890-6659,Chicago,USA,35256.44,809,3635399121
CUST000416,Emma Taylor,customer416@mail.com,+1-444-216-7819,Dallas,USA,17120.42,774,8437373793
CUST000417,Emma Wilson,customer417@mail.com,+1-444-409-5753,New York,USA,14708.15,674,8077066338
CUST000418,Ava Davis,customer418@mail.com,+1-444-365-9714,Phoenix,USA,27109.14,520,1306288048
CUST000419,Sophia Hall,customer419@mail.com,+1-444-198-1868,Chicago,USA,24305.47,655,6966066393
CUST000420,David Taylor,customer420@mail.com,+1-444-154-5483,Dallas,USA,33143.49,636,2282288493
CUST000421,Sophia Clark,customer421@mail.com,+1-444-449-1077,Chicago,USA,46681.49,506,8803411931
CUST000422,Daniel Walker,customer422@mail.com,+1-444-296-8986,Chicago,USA,39520.97,516,6040365600
CUST000423,Emma Lewis,customer423@mail.com,+1-444-924-9969,Dallas,USA,37762.01,829,3222215085
CUST000424,Sarah Johnson,customer424@mail.com,+1-444-496-4156,Phoenix,USA,15008.22,689,2588978625
CUST000425,John Wilson,customer425@mail.com,+1-444-391-6185,Phoenix,USA,3976.22,567,7063665535
CUST000426,David Clark,customer426@mail.com,+1-444-546-9133,Phoenix,USA,14706.9,375,4030505646
CUST000427,Michael Wilson,customer427@mail.com,+1-444-968-4386,Chicago,USA,31322.21,561,3017904221
CUST000428,James Wilson,customer428@mail.com,+1-444-509-7971,Dallas,USA,11014.17,620,2380762646
CUST000429,Daniel Lewis,customer429@mail.com,+1-444-661-8075,Phoenix,USA,45735.73,758,6714533395
CUST000430,Michael Johnson,customer430@mail.com,+1-444-339-2492,New York,USA,30137.54,767,8818851901
CUST000431,Daniel Hall,customer431@mail.com,+1-444-211-4742,Dallas,USA,26311.89,427,1053370340
CUST000432,John Taylor,customer432@mail.com,+1-444-288-1344,Phoenix,USA,18144.82,396,2166078712
CUST000433,Daniel Hall,customer433@mail.com,+1-444-519-6029,New York,USA,6399.8,787,8809205395
CUST000434,Michael Davis,customer434@mail.com,+1-444-124-1624,Dallas,USA,21316.19,635,2901737726
CUST000435,Daniel Wilson,customer435@mail.com,+1-444-605-2565,Dallas,USA,11147.8,419,7441114418
CUST000436,David Wilson,customer436@mail.com,+1-444-578-9619,Chicago,USA,25403.84,635,5699765925
CUST000437,Olivia Lewis,customer437@mail.com,+1-444-577-3871,Phoenix,USA,33222.06,433,3054324911
CUST000438,John Brown,customer438@mail.com,+1-444-651-1650,Chicago,USA,14504.73,476,6598622226
CUST000439,Emma Smith,customer439@mail.com,+1-444-292-5996,New York,USA,18053.96,828,8669783759
CUST000440,Sophia Johnson,customer440@mail.com,+1-444-171-8607,Phoenix,USA,34811.8,595,4030231926
CUST000441,James Hall,customer441@mail.com,+1-444-505-6608,New York,USA,20994.89,605,9088694727
CUST000442,Ava Brown,customer442@mail.com,+1-444-808-8970,New York,USA,38246.01,746,1924522715
CUST000443,Daniel Wilson,customer443@mail.com,+1-444-374-6658,New York,USA,38525.39,675,7114270103
CUST000444,Ava Davis,customer444@mail.com,+1-444-598-5982,Phoenix,USA,39078.26,690,6858471887
CUST000445,Sophia Taylor,customer445@mail.com,+1-444-614-7897,Phoenix,USA,22395.27,832,8719051517
CUST000446,Sophia Johnson,customer446@mail.com,+1-444-455-3757,Chicago,USA,4302.53,559,1403209454
CUST000447,Sarah Walker,customer447@mail.com,+1-444-174-4037,New York,USA,7554.42,764,2039049213
CUST000448,James Lewis,customer448@mail.com,+1-444-121-9371,Dallas,USA,25815.69,337,5937979441
CUST000449,Michael Clark,customer449@mail.com,+1-444-215-3937,Chicago,USA,5978.49,508,9242944246
CUST000450,Ava Davis,customer450@mail.com,+1-444-660-9459,Chicago,USA,42906.04,527,9512165404
CUST000451,David Davis,customer451@mail.com,+1-444-115-6596,Chicago,USA,11900.5,540,1314813394
CUST000452,Daniel Davis,customer452@mail.com,+1-444-871-7865,Dallas,USA,33823.16,737,9207168549
CUST000453,Olivia Johnson,customer453@mail.com,+1-444-493-1038,Chicago,USA,3851.54,836,2314462371
CUST000454,James Hall,customer454@mail.com,+1-444-920-8425,Chicago,USA,49416.36,573,2821526551
CUST000455,Olivia Smith,customer455@mail.com,+1-444-962-7676,Dallas,USA,43307.82,404,8734896220
CUST000456,Sophia Wilson,customer456@mail.com,+1-444-246-4489,Dallas,USA,8183.88,408,9551676613
CUST000457,Sophia Wilson,customer457@mail.com,+1-444-364-8429,New York,USA,15525.54,362,4285917112
CUST000458,David Lewis,customer458@mail.com,+1-444-881-7527,Dallas,USA,43343.98,567,4434475582
CUST000459,Sophia Brown,customer459@mail.com,+1-444-171-7725,Dallas,USA,36161.83,311,9237256096
CUST000460,Sophia Walker,customer460@mail.com,+1-444-582-8831,New York,USA,22024.97,588,7418245531
CUST000461,John Taylor,customer461@mail.com,+1-444-623-7068,Phoenix,USA,46206.82,768,8125894773
CUST000462,Ava Johnson,customer462@mail.com,+1-444-691-6461,Dallas,USA,5722.61,342,8748358963
CUST000463,James Taylor,customer463@mail.com,+1-444-278-7812,New York,USA,29155.34,833,3882494836
CUST000464,David Taylor,customer464@mail.com,+1-444-653-1264,New York,USA,4437.7,345,1340942653
CUST000465,John Lewis,customer465@mail.com,+1-444-967-7135,Phoenix,USA,37932.31,771,6874584432
CUST000466,Michael Walker,customer466@mail.com,+1-444-942-8208,Chicago,USA,15841.13,691,6341308490
CUST000467,John Smith,customer467@mail.com,+1-444-539-1938,New York,USA,10332.72,519,7051551415
CUST000468,Daniel Johnson,customer468@mail.com,+1-444-147-3590,New York,USA,9961.49,557,8036069152
CUST000469,John Hall,customer469@mail.com,+1-444-893-8607,Chicago,USA,9078.37,589,2324078740
CUST000470,James Johnson,customer470@mail.com,+1-444-526-1501,Phoenix,USA,44369.51,698,1223280265
CUST000471,James Johnson,customer471@mail.com,+1-444-763-5764,Dallas,USA,8002.57,781,8579788573
CUST000472,Emma Wilson,customer472@mail.com,+1-444-640-8617,Dallas,USA,8648.32,431,4021764886
CUST000473,Daniel Clark,customer473@mail.com,+1-444-225-4909,Phoenix,USA,4955.59,624,5002176880
CUST000474,James Clark,customer474@mail.com,+1-444-836-7554,Chicago,USA,3573.82,309,6510804827
CUST000475,Sophia Davis,customer475@mail.com,+1-444-913-4034,New York,USA,13224.21,563,9268251028
CUST000476,David Davis,customer476@mail.com,+1-444-333-4907,New York,USA,33886.63,697,6629327486
CUST000477,Olivia Walker,customer477@mail.com,+1-444-644-3920,Chicago,USA,16585.98,442,7818465384
CUST000478,Sarah Lewis,customer478@mail.com,+1-444-734-8633,Chicago,USA,22803.57,462,9302790322
CUST000479,David Taylor,customer479@mail.com,+1-444-296-8045,Dallas,USA,6816.13,578,5932843922
CUST000480,Daniel Johnson,customer480@mail.com,+1-444-252-3738,Phoenix,USA,21073.04,652,6836546827
CUST000481,James Taylor,customer481@mail.com,+1-444-737-6169,Chicago,USA,26754.89,529,1183735291
CUST000482,Michael Wilson,customer482@mail.com,+1-444-135-7594,Phoenix,USA,15197.32,673,4865963385
CUST000483,Emma Davis,customer483@mail.com,+1-444-817-5823,Chicago,USA,23929.18,770,9065500613
CUST000484,Ava Brown,customer484@mail.com,+1-444-473-8620,Chicago,USA,30953.88,604,2353164506
CUST000485,James Wilson,customer485@mail.com,+1-444-708-1765,New York,USA,7178.58,834,8295068435
CUST000486,Olivia Davis,customer486@mail.com,+1-444-596-5366,Chicago,USA,18847.32,311,2143801643
CUST000487,Michael Walker,customer487@mail.com,+1-444-757-4303,Chicago,USA,6809.3,427,9279686239
CUST000488,James Lewis,customer488@mail.com,+1-444-206-7978,Phoenix,USA,21808.51,789,8146813474
CUST000489,David Davis,customer489@mail.com,+1-444-834-2562,Chicago,USA,29276.82,629,9267315004
CUST000490,Daniel Hall,customer490@mail.com,+1-444-584-2593,Chicago,USA,16095.59,611,7932728701
CUST000491,James Hall,customer491@mail.com,+1-444-955-2250,New York,USA,8435.87,308,8094913222
CUST000492,Olivia Taylor,customer492@mail.com,+1-444-961-2032,New York,USA,43594.06,654,4822245846
CUST000493,Sarah Davis,customer493@mail.com,+1-444-633-3613,Phoenix,USA,13923.28,397,5395526498
CUST000494,David Walker,customer494@mail.com,+1-444-692-9640,Chicago,USA,45642.55,818,9240510833
CUST000495,Emma Brown,customer495@mail.com,+1-444-757-2995,Chicago,USA,9884.72,604,6165741688
CUST000496,Olivia Hall,customer496@mail.com,+1-444-775-1010,Dallas,USA,44614.96,629,3258883877
CUST000497,Olivia Smith,customer497@mail.com,+1-444-715-5214,Dallas,USA,4665.34,506,5041299148
CUST000498,Emma Taylor,customer498@mail.com,+1-444-801-8079,Chicago,USA,26486.92,320,1648607673
CUST000499,Sophia Davis,customer499@mail.com,+1-444-889-8060,New York,USA,13783.16,804,9597992533
CUST000500,Olivia Smith,customer500@mail.com,+1-444-786-4645,Chicago,USA,39533.87,367,1060707638
CUST000501,Sophia Smith,customer501@mail.com,+1-444-182-7967,New York,USA,35719.48,519,6890168116
CUST000502,Daniel Clark,customer502@mail.com,+1-444-745-3122,New York,USA,2720.46,785,5964777346
CUST000503,Michael Clark,customer503@mail.com,+1-444-442-7275,Dallas,USA,6211.76,479,8835391130
CUST000504,Michael Davis,customer504@mail.com,+1-444-727-1849,New York,USA,43277.68,353,4690375200
CUST000505,David Walker,customer505@mail.com,+1-444-365-4241,Phoenix,USA,21087.29,306,8006826054
CUST000506,John Smith,customer506@mail.com,+1-444-546-7561,Dallas,USA,22042.38,498,3441910469
CUST000507,Emma Brown,customer507@mail.com,+1-444-328-9715,Chicago,USA,19041.91,742,9087843097
CUST000508,Sarah Taylor,customer508@mail.com,+1-444-271-2068,Phoenix,USA,49951.86,523,1144119794
CUST000509,Daniel Clark,customer509@mail.com,+1-444-413-8810,Chicago,USA,37608.47,365,6415344476
CUST000510,Ava Smith,customer510@mail.com,+1-444-732-7428,New York,USA,39300.49,764,4708728559
CUST000511,David Taylor,customer511@mail.com,+1-444-356-3062,Dallas,USA,37396.94,368,9887865816
CUST000512,Sophia Davis,customer512@mail.com,+1-444-456-6262,Chicago,USA,38913.09,320,1847676302
CUST000513,Daniel Johnson,customer513@mail.com,+1-444-541-9544,Dallas,USA,5061.96,317,2447344043
CUST000514,Sarah Smith,customer514@mail.com,+1-444-471-1027,Phoenix,USA,31546.37,607,8705034380
CUST000515,James Taylor,customer515@mail.com,+1-444-605-7229,New York,USA,32520.75,588,1357351322
CUST000516,David Clark,customer516@mail.com,+1-444-750-5434,Dallas,USA,704.78,318,4906613382
CUST000517,Michael Smith,customer517@mail.com,+1-444-672-8938,New York,USA,46480.54,684,8016661861
CUST000518,James Brown,customer518@mail.com,+1-444-883-1244,Phoenix,USA,20620.95,489,7104358724
CUST000519,Daniel Davis,customer519@mail.com,+1-444-842-2780,Chicago,USA,37383.26,616,5538311150
CUST000520,Emma Johnson,customer520@mail.com,+1-444-855-6388,Chicago,USA,44426.25,804,8217784033
CUST000521,Daniel Brown,customer521@mail.com,+1-444-880-6779,Dallas,USA,40743.69,639,1758657689
CUST000522,Daniel Johnson,customer522@mail.com,+1-444-684-5167,Chicago,USA,5726.66,371,8366374945
CUST000523,Michael Davis,customer523@mail.com,+1-444-201-9064,Chicago,USA,26670.15,677,7815778434
CUST000524,Emma Walker,customer524@mail.com,+1-444-581-5331,Phoenix,USA,31336.89,818,5491932120
CUST000525,Olivia Walker,customer525@mail.com,+1-444-303-1788,Dallas,USA,8776.97,658,4649972359
CUST000526,Olivia Davis,customer526@mail.com,+1-444-500-3460,New York,USA,34112.33,733,4928892711
CUST000527,Ava Walker,customer527@mail.com,+1-444-349-4525,Dallas,USA,35329.11,348,2934254442
CUST000528,Emma Lewis,customer528@mail.com,+1-444-842-8420,Phoenix,USA,47571.5,657,4218665583
CUST000529,Daniel Taylor,customer529@mail.com,+1-444-997-4989,Phoenix,USA,7323.68,827,1091250171
CUST000530,Emma Johnson,customer530@mail.com,+1-444-965-1018,Chicago,USA,5299.45,304,1385758278
CUST000531,James Taylor,customer531@mail.com,+1-444-254-8979,Chicago,USA,9629.71,566,5989478519
CUST000532,David Smith,customer532@mail.com,+1-444-844-9985,Phoenix,USA,12903.7,787,3991699717
CUST000533,David Brown,customer533@mail.com,+1-444-320-1128,Phoenix,USA,48690.36,462,9847373283
CUST000534,David Hall,customer534@mail.com,+1-444-607-7501,Chicago,USA,19165.86,617,6594445995
CUST000535,Sophia Wilson,customer535@mail.com,+1-444-753-4607,Phoenix,USA,23044.7,330,3909010819
CUST000536,John Lewis,customer536@mail.com,+1-444-768-8075,New York,USA,45834.57,343,8171457453
CUST000537,Michael Walker,customer537@mail.com,+1-444-452-6906,Dallas,USA,11397.21,758,3556478490
CUST000538,Sophia Wilson,customer538@mail.com,+1-444-481-6463,Phoenix,USA,4401.84,667,6784804717
CUST000539,Ava Taylor,customer539@mail.com,+1-444-102-7827,New York,USA,29035.75,580,4032623889
CUST000540,Sarah Walker,customer540@mail.com,+1-444-641-4049,Chicago,USA,25798.16,602,1838598960
CUST000541,Sophia Clark,customer541@mail.com,+1-444-419-8034,Dallas,USA,20497.87,746,5318253175
CUST000542,Sarah Johnson,customer542@mail.com,+1-444-463-5239,Dallas,USA,36417.77,649,7938932050
CUST000543,David Smith,customer543@mail.com,+1-444-526-1877,Chicago,USA,38438.91,566,4304818978
CUST000544,Ava Wilson,customer544@mail.com,+1-444-567-7893,Phoenix,USA,19226.93,769,4421927927
CUST000545,Olivia Taylor,customer545@mail.com,+1-444-386-2680,New York,USA,33260.2,377,6129607426
CUST000546,Sarah Johnson,customer546@mail.com,+1-444-748-1279,Dallas,USA,26010.83,817,5131631715
CUST000547,Olivia Johnson,customer547@mail.com,+1-444-180-3833,Chicago,USA,35113.17,342,5563860645
CUST000548,Sarah Johnson,customer548@mail.com,+1-444-321-3078,Dallas,USA,16192.03,821,6480347194
CUST000549,James Lewis,customer549@mail.com,+1-444-550-6012,Chicago,USA,14921.49,848,3594177211
CUST000550,Daniel Johnson,customer550@mail.com,+1-444-923-7887,Dallas,USA,10311.14,617,5887589204
CUST000551,John Johnson,customer551@mail.com,+1-444-757-7114,Dallas,USA,19275.3,304,1813891516
CUST000552,Sarah Walker,customer552@mail.com,+1-444-862-9674,Dallas,USA,32878.81,597,3379635623
CUST000553,David Clark,customer553@mail.com,+1-444-276-1044,New York,USA,38158.98,757,7271623108
CUST000554,Sarah Clark,customer554@mail.com,+1-444-423-7881,Chicago,USA,15681.2,332,9885736567
CUST000555,Sophia Taylor,customer555@mail.com,+1-444-523-1141,Dallas,USA,37079.77,342,2263172667
CUST000556,Emma Johnson,customer556@mail.com,+1-444-818-8003,Dallas,USA,44067.93,609,1171974653
CUST000557,Olivia Taylor,customer557@mail.com,+1-444-924-8997,New York,USA,31219.51,528,8557138778
CUST000558,David Hall,customer558@mail.com,+1-444-547-7777,Phoenix,USA,6768.04,528,2426927728
CUST000559,John Lewis,customer559@mail.com,+1-444-638-8473,Chicago,USA,31074.96,435,4461749437
CUST000560,John Wilson,customer560@mail.com,+1-444-234-3676,Phoenix,USA,47509.29,473,7049222424
CUST000561,Sophia Johnson,customer561@mail.com,+1-444-730-4288,Dallas,USA,44674.96,547,5231036835
CUST000562,John Hall,customer562@mail.com,+1-444-105-4683,Chicago,USA,5576.82,683,5541686108
CUST000563,Olivia Hall,customer563@mail.com,+1-444-909-3505,Phoenix,USA,43877.74,345,1383410496
CUST000564,Emma Johnson,customer564@mail.com,+1-444-215-6780,New York,USA,10074.62,465,4643068541
CUST000565,Michael Wilson,customer565@mail.com,+1-444-423-8756,New York,USA,36768.95,385,5729905074
CUST000566,Ava Lewis,customer566@mail.com,+1-444-175-4165,Phoenix,USA,9396.46,778,1421517272
CUST000567,Emma Davis,customer567@mail.com,+1-444-510-2023,Phoenix,USA,25629.48,722,8175604426
CUST000568,Emma Davis,customer568@mail.com,+1-444-661-2791,Chicago,USA,20030.96,431,9847308609
CUST000569,Olivia Hall,customer569@mail.com,+1-444-361-9352,Phoenix,USA,48529.75,415,3300905198
CUST000570,Daniel Wilson,customer570@mail.com,+1-444-214-9607,Phoenix,USA,41818.09,485,5484618192
CUST000571,Emma Taylor,customer571@mail.com,+1-444-235-6279,New York,USA,15102.58,608,2712511997
CUST000572,David Smith,customer572@mail.com,+1-444-178-4150,New York,USA,47341.91,768,7920974870
CUST000573,Sarah Clark,customer573@mail.com,+1-444-426-7720,Phoenix,USA,40289.37,555,7257855733
CUST000574,John Clark,customer574@mail.com,+1-444-226-8527,Phoenix,USA,34575.94,619,2375881509
CUST000575,Sarah Davis,customer575@mail.com,+1-444-786-1907,Phoenix,USA,29530.9,629,6463188043
CUST000576,John Smith,customer576@mail.com,+1-444-596-4472,New York,USA,40772.39,653,8138299807
CUST000577,Ava Walker,customer577@mail.com,+1-444-392-5043,Chicago,USA,27958.85,453,3339559785
CUST000578,Michael Taylor,customer578@mail.com,+1-444-774-6602,New York,USA,219.03,570,4003014713
CUST000579,Ava Taylor,customer579@mail.com,+1-444-744-3999,Dallas,USA,6105.13,816,6559082705
CUST000580,Emma Clark,customer580@mail.com,+1-444-673-2531,Phoenix,USA,3081.16,450,5606733749
CUST000581,John Brown,customer581@mail.com,+1-444-839-2994,Dallas,USA,45755.38,624,8183270512
CUST000582,David Wilson,customer582@mail.com,+1-444-588-1344,Dallas,USA,966.78,815,2804775573
CUST000583,James Brown,customer583@mail.com,+1-444-701-4641,Dallas,USA,26205.23,591,5422324374
CUST000584,Olivia Taylor,customer584@mail.com,+1-444-493-1167,Chicago,USA,17817.75,763,4594064306
CUST000585,Michael Lewis,customer585@mail.com,+1-444-393-5007,New York,USA,30291.29,674,7983733214
CUST000586,Sarah Brown,customer586@mail.com,+1-444-183-1241,Phoenix,USA,16326.07,681,4285322899
CUST000587,Sarah Lewis,customer587@mail.com,+1-444-480-6097,Phoenix,USA,45695.71,552,7806129723
CUST000588,Sophia Davis,customer588@mail.com,+1-444-656-7222,Chicago,USA,31400.97,783,9848831577
CUST000589,John Wilson,customer589@mail.com,+1-444-177-5415,Dallas,USA,19831.9,645,4942075709
CUST000590,Ava Davis,customer590@mail.com,+1-444-108-6602,Phoenix,USA,21208.33,836,2455023233
CUST000591,David Walker,customer591@mail.com,+1-444-268-6863,Chicago,USA,37501.14,630,9964938575
CUST000592,Emma Walker,customer592@mail.com,+1-444-462-8143,New York,USA,23711.39,346,2860142131
CUST000593,David Lewis,customer593@mail.com,+1-444-289-4233,Dallas,USA,21149.25,756,1878086525
CUST000594,Daniel Johnson,customer594@mail.com,+1-444-849-4029,Chicago,USA,36207.84,606,2930369228
CUST000595,Sophia Davis,customer595@mail.com,+1-444-466-5836,Chicago,USA,33540.53,754,9500769337
CUST000596,Emma Taylor,customer596@mail.com,+1-444-882-4678,New York,USA,44414.02,728,6934638618
CUST000597,Sophia Davis,customer597@mail.com,+1-444-302-2163,Dallas,USA,11434.03,780,2201338053
CUST000598,Sophia Walker,customer598@mail.com,+1-444-906-5177,New York,USA,40564.16,621,3021280072
CUST000599,Ava Davis,customer599@mail.com,+1-444-470-9984,Phoenix,USA,33937.33,800,3145457488
CUST000600,David Taylor,customer600@mail.com,+1-444-838-8225,Dallas,USA,5269.41,837,3056940501
CUST000601,Daniel Lewis,customer601@mail.com,+1-444-560-4117,Chicago,USA,4239.66,586,2156008491
CUST000602,David Hall,customer602@mail.com,+1-444-751-5583,New York,USA,32794.61,469,8002231320
CUST000603,John Taylor,customer603@mail.com,+1-444-576-9519,Chicago,USA,49406.24,395,4283010061
CUST000604,John Taylor,customer604@mail.com,+1-444-366-8919,Dallas,USA,32257.67,378,2384356889
CUST000605,Daniel Clark,customer605@mail.com,+1-444-787-1727,Chicago,USA,11873.24,635,3590323144
CUST000606,Sarah Lewis,customer606@mail.com,+1-444-351-4612,Dallas,USA,22522.96,321,8421851992
CUST000607,Emma Davis,customer607@mail.com,+1-444-538-8926,Chicago,USA,27754.7,734,9553419723
CUST000608,Olivia Smith,customer608@mail.com,+1-444-423-5210,Dallas,USA,15951.34,349,7660310700
CUST000609,James Walker,customer609@mail.com,+1-444-134-9465,Chicago,USA,37972.64,598,5527829638
CUST000610,Daniel Walker,customer610@mail.com,+1-444-557-2316,Phoenix,USA,37317.47,554,6327058806
CUST000611,David Walker,customer611@mail.com,+1-444-679-3911,Phoenix,USA,37622.03,502,8900433556
CUST000612,David Brown,customer612@mail.com,+1-444-913-5418,New York,USA,13743.41,469,1735363490
CUST000613,Sarah Walker,customer613@mail.com,+1-444-670-9902,New York,USA,40663.08,607,9058614081
CUST000614,James Lewis,customer614@mail.com,+1-444-375-6517,Dallas,USA,19584.75,380,7378372185
CUST000615,John Walker,customer615@mail.com,+1-444-945-9499,Phoenix,USA,24811.35,717,6953118133
CUST000616,John Lewis,customer616@mail.com,+1-444-732-2206,New York,USA,18825.09,487,1256326237
CUST000617,Olivia Lewis,customer617@mail.com,+1-444-169-9735,Dallas,USA,38922.98,655,4826928926
CUST000618,Emma Davis,customer618@mail.com,+1-444-658-5479,Phoenix,USA,15222.54,806,7426024988
CUST000619,John Clark,customer619@mail.com,+1-444-118-4645,Dallas,USA,11350.2,556,6523832914
CUST000620,Emma Lewis,customer620@mail.com,+1-444-203-2559,Chicago,USA,26547.54,706,7247485711
CUST000621,Olivia Walker,customer621@mail.com,+1-444-706-2252,Phoenix,USA,9091.1,677,8440491185
CUST000622,Ava Davis,customer622@mail.com,+1-444-846-7148,New York,USA,35920.3,790,5995785816
CUST000623,Olivia Wilson,customer623@mail.com,+1-444-880-1687,New York,USA,18991.09,583,4850585722
CUST000624,Sarah Walker,customer624@mail.com,+1-444-116-5243,Phoenix,USA,39120.42,501,7571743062
CUST000625,Daniel Walker,customer625@mail.com,+1-444-724-8639,Phoenix,USA,25075.37,564,3994720848
CUST000626,John Johnson,customer626@mail.com,+1-444-511-7134,Phoenix,USA,9317.43,825,5648367663
CUST000627,Emma Smith,customer627@mail.com,+1-444-433-1163,Phoenix,USA,25934.33,500,9337772256
CUST000628,Emma Hall,customer628@mail.com,+1-444-231-1010,Chicago,USA,38894.51,316,3479530117
CUST000629,John Davis,customer629@mail.com,+1-444-557-6902,Dallas,USA,49899.08,770,1380563827
CUST000630,John Johnson,customer630@mail.com,+1-444-838-3199,Dallas,USA,11240.31,465,4352144385
CUST000631,Sophia Taylor,customer631@mail.com,+1-444-747-5631,Phoenix,USA,35716.69,621,8878715494
CUST000632,Daniel Taylor,customer632@mail.com,+1-444-901-9067,Chicago,USA,20808.01,575,4564329348
CUST000633,Ava Lewis,customer633@mail.com,+1-444-766-4239,Phoenix,USA,48131.01,477,6581294832
CUST000634,David Davis,customer634@mail.com,+1-444-914-5429,Phoenix,USA,31989.38,374,3690611878
CUST000635,Olivia Brown,customer635@mail.com,+1-444-986-8927,Dallas,USA,40533.12,577,4363526368
CUST000636,Emma Hall,customer636@mail.com,+1-444-256-5197,Phoenix,USA,12861.54,614,5531366653
CUST000637,James Walker,customer637@mail.com,+1-444-205-8602,New York,USA,8176.46,706,7325518212
CUST000638,Sophia Davis,customer638@mail.com,+1-444-257-6606,Dallas,USA,16955.08,708,3116624013
CUST000639,Michael Lewis,customer639@mail.com,+1-444-916-8423,Phoenix,USA,43082.46,839,3432634013
CUST000640,Daniel Brown,customer640@mail.com,+1-444-965-9122,Phoenix,USA,38307.81,659,7906280179
CUST000641,Sophia Johnson,customer641@mail.com,+1-444-684-3775,New York,USA,10605.68,599,4510075187
CUST000642,Sophia Hall,customer642@mail.com,+1-444-253-7822,Chicago,USA,46506.44,347,4431350044
CUST000643,David Hall,customer643@mail.com,+1-444-760-3585,Dallas,USA,39055.64,584,6990560127
CUST000644,Ava Lewis,customer644@mail.com,+1-444-702-7367,Dallas,USA,44295.47,459,8181316494
CUST000645,Michael Clark,customer645@mail.com,+1-444-382-2239,Chicago,USA,19043.71,700,8073629966
CUST000646,James Brown,customer646@mail.com,+1-444-512-4097,Dallas,USA,23442.3,798,5126103711
CUST000647,Olivia Smith,customer647@mail.com,+1-444-169-1616,New York,USA,19295.87,610,7158039103
CUST000648,Emma Lewis,customer648@mail.com,+1-444-982-4097,Phoenix,USA,8157.54,661,4392105426
CUST000649,Sophia Davis,customer649@mail.com,+1-444-897-9378,Chicago,USA,34132.3,831,7854866256
CUST000650,Michael Walker,customer650@mail.com,+1-444-587-2922,Chicago,USA,21068.54,727,7461122147
CUST000651,Michael Smith,customer651@mail.com,+1-444-216-9271,Chicago,USA,1307.68,817,5130155935
CUST000652,James Davis,customer652@mail.com,+1-444-962-4113,Dallas,USA,7509.72,704,2266336865
CUST000653,Sarah Smith,customer653@mail.com,+1-444-265-8065,Chicago,USA,31509.61,813,2857700939
CUST000654,Daniel Brown,customer654@mail.com,+1-444-999-6543,Chicago,USA,7873.44,437,9482230065
CUST000655,Olivia Taylor,customer655@mail.com,+1-444-432-7965,Phoenix,USA,23688.48,693,6164799516
CUST000656,John Brown,customer656@mail.com,+1-444-473-8445,Dallas,USA,15980.41,457,1879580603
CUST000657,James Davis,customer657@mail.com,+1-444-386-4339,Chicago,USA,47065.05,399,6230356808
CUST000658,Daniel Johnson,customer658@mail.com,+1-444-870-3674,New York,USA,6938.0,796,8376572756
CUST000659,David Clark,customer659@mail.com,+1-444-218-5848,New York,USA,25065.49,451,2902303295
CUST000660,Olivia Walker,customer660@mail.com,+1-444-407-6123,Dallas,USA,43133.59,562,9382920666
CUST000661,Emma Smith,customer661@mail.com,+1-444-893-2463,Phoenix,USA,25710.19,309,5784304419
CUST000662,James Hall,customer662@mail.com,+1-444-118-1526,Dallas,USA,40308.34,449,9359803128
CUST000663,Michael Taylor,customer663@mail.com,+1-444-933-1098,Phoenix,USA,31969.08,380,7421513315
CUST000664,Michael Taylor,customer664@mail.com,+1-444-959-8839,Chicago,USA,27589.46,588,3314324663
CUST000665,John Lewis,customer665@mail.com,+1-444-914-5688,Phoenix,USA,11394.16,330,5188625045
CUST000666,Olivia Walker,customer666@mail.com,+1-444-394-9685,New York,USA,5890.11,574,8312321315
CUST000667,Daniel Brown,customer667@mail.com,+1-444-720-3605,New York,USA,26260.31,642,8139389185
CUST000668,Sophia Brown,customer668@mail.com,+1-444-722-8433,New York,USA,11520.51,300,7312065478
CUST000669,David Clark,customer669@mail.com,+1-444-980-6647,Dallas,USA,35460.85,522,1010906166
CUST000670,Olivia Lewis,customer670@mail.com,+1-444-533-9462,Chicago,USA,33666.33,466,7598018152
CUST000671,Daniel Smith,customer671@mail.com,+1-444-704-4463,Dallas,USA,607.36,765,2154069970
CUST000672,Emma Taylor,customer672@mail.com,+1-444-564-7999,Chicago,USA,24066.53,309,5419350590
CUST000673,David Lewis,customer673@mail.com,+1-444-441-2707,Dallas,USA,8761.81,674,8951248721
CUST000674,James Lewis,customer674@mail.com,+1-444-770-2729,Dallas,USA,47213.98,660,7265496319
CUST000675,Emma Hall,customer675@mail.com,+1-444-927-1407,Chicago,USA,36753.61,374,5671077453
CUST000676,James Hall,customer676@mail.com,+1-444-307-2440,Dallas,USA,29297.0,710,5102642775
CUST000677,Ava Davis,customer677@mail.com,+1-444-936-4645,New York,USA,36222.11,812,5391777710
CUST000678,David Hall,customer678@mail.com,+1-444-541-6681,Dallas,USA,25801.59,472,9558071227
CUST000679,Daniel Johnson,customer679@mail.com,+1-444-275-7631,Dallas,USA,42102.78,567,5050898706
CUST000680,David Davis,customer680@mail.com,+1-444-277-6644,Chicago,USA,22470.54,611,1096143523
CUST000681,Emma Lewis,customer681@mail.com,+1-444-650-4098,Phoenix,USA,37888.85,317,2954554472
CUST000682,Daniel Taylor,customer682@mail.com,+1-444-616-8682,Dallas,USA,25328.9,470,9054875958
CUST000683,Emma Johnson,customer683@mail.com,+1-444-370-2026,Phoenix,USA,45175.77,607,6931119860
CUST000684,David Taylor,customer684@mail.com,+1-444-440-2106,Phoenix,USA,8238.02,499,6415112612
CUST000685,Sophia Lewis,customer685@mail.com,+1-444-522-6576,Phoenix,USA,39962.71,759,3139885125
CUST000686,Olivia Clark,customer686@mail.com,+1-444-543-3796,Dallas,USA,38369.26,600,6998592054
CUST000687,Olivia Hall,customer687@mail.com,+1-444-146-6800,Chicago,USA,15958.2,699,3564098074
CUST000688,Sophia Walker,customer688@mail.com,+1-444-689-2879,Chicago,USA,42181.39,408,2302310509
CUST000689,Daniel Clark,customer689@mail.com,+1-444-315-5198,Chicago,USA,12805.44,330,5849905266
CUST000690,James Hall,customer690@mail.com,+1-444-345-5475,New York,USA,41551.55,363,1605614693
CUST000691,David Wilson,customer691@mail.com,+1-444-366-2612,Phoenix,USA,34464.27,798,4940821422
CUST000692,David Smith,customer692@mail.com,+1-444-361-4546,Phoenix,USA,17968.54,743,8865292861
CUST000693,David Smith,customer693@mail.com,+1-444-371-8511,New York,USA,41951.26,393,5231762259
CUST000694,John Hall,customer694@mail.com,+1-444-248-6286,Phoenix,USA,40109.52,500,5957641846
CUST000695,Daniel Taylor,customer695@mail.com,+1-444-742-2657,Dallas,USA,8259.0,810,8078549659
CUST000696,Daniel Lewis,customer696@mail.com,+1-444-278-6255,Chicago,USA,6657.87,751,5937386636
CUST000697,Emma Davis,customer697@mail.com,+1-444-189-3516,Phoenix,USA,37855.08,403,7313728050
CUST000698,Sarah Johnson,customer698@mail.com,+1-444-572-7173,Chicago,USA,3548.34,534,5764658417
CUST000699,David Clark,customer699@mail.com,+1-444-646-7535,New York,USA,19963.89,658,9851875783
CUST000700,James Lewis,customer700@mail.com,+1-444-916-3755,Phoenix,USA,4523.56,577,6489486211
CUST000701,Daniel Lewis,customer701@mail.com,+1-444-136-6320,New York,USA,19562.26,530,2344945683
CUST000702,James Brown,customer702@mail.com,+1-444-244-6003,Phoenix,USA,41110.92,573,5032785523
CUST000703,Ava Walker,customer703@mail.com,+1-444-415-9134,Phoenix,USA,34846.42,392,8306429178
CUST000704,Emma Hall,customer704@mail.com,+1-444-438-2796,Phoenix,USA,31179.35,840,8678648631
CUST000705,James Wilson,customer705@mail.com,+1-444-302-1249,Phoenix,USA,33767.73,459,8819054635
CUST000706,Emma Taylor,customer706@mail.com,+1-444-179-2576,Phoenix,USA,19026.91,326,6749598126
CUST000707,Ava Lewis,customer707@mail.com,+1-444-116-3736,Phoenix,USA,37035.95,838,3609967190
CUST000708,Emma Davis,customer708@mail.com,+1-444-213-8351,New York,USA,35760.77,323,9447195130
CUST000709,John Clark,customer709@mail.com,+1-444-275-5819,Dallas,USA,7238.34,434,3944805438
CUST000710,John Clark,customer710@mail.com,+1-444-554-5022,Dallas,USA,15933.62,602,9621165826
CUST000711,David Hall,customer711@mail.com,+1-444-608-2816,Dallas,USA,32994.35,460,6690817007
CUST000712,Ava Brown,customer712@mail.com,+1-444-866-3720,Chicago,USA,23583.25,354,5362750227
CUST000713,Daniel Johnson,customer713@mail.com,+1-444-216-5028,Phoenix,USA,13442.99,732,2119318347
CUST000714,Sophia Lewis,customer714@mail.com,+1-444-112-6009,Dallas,USA,13143.59,796,5253171523
CUST000715,Sarah Wilson,customer715@mail.com,+1-444-803-1657,Dallas,USA,21258.22,489,3410370831
CUST000716,Daniel Brown,customer716@mail.com,+1-444-586-4248,Dallas,USA,4116.9,728,7789212277
CUST000717,Ava Taylor,customer717@mail.com,+1-444-332-2217,New York,USA,16445.3,415,3404046308
CUST000718,James Lewis,customer718@mail.com,+1-444-453-9458,Chicago,USA,39172.3,624,9883146209
CUST000719,John Davis,customer719@mail.com,+1-444-311-9674,Dallas,USA,3180.38,643,7289838698
CUST000720,Ava Johnson,customer720@mail.com,+1-444-611-9774,Dallas,USA,44505.11,529,7515841467
CUST000721,Sarah Hall,customer721@mail.com,+1-444-411-3251,Dallas,USA,26053.79,316,4994088094
CUST000722,John Smith,customer722@mail.com,+1-444-110-3417,Phoenix,USA,45989.62,622,8085880151
CUST000723,Emma Smith,customer723@mail.com,+1-444-197-7984,Chicago,USA,16898.09,342,2091358771
CUST000724,Olivia Smith,customer724@mail.com,+1-444-757-4263,New York,USA,36899.26,579,5510988799
CUST000725,James Lewis,customer725@mail.com,+1-444-789-4951,Dallas,USA,27376.83,434,9077663751
CUST000726,James Clark,customer726@mail.com,+1-444-221-8641,New York,USA,19152.83,476,2997607870
CUST000727,Daniel Taylor,customer727@mail.com,+1-444-828-5411,Phoenix,USA,11759.64,647,1829046612
CUST000728,Michael Lewis,customer728@mail.com,+1-444-657-4382,Phoenix,USA,25826.59,595,7647547764
CUST000729,Sophia Brown,customer729@mail.com,+1-444-150-1846,Chicago,USA,11020.15,376,4704187559
CUST000730,Sophia Taylor,customer730@mail.com,+1-444-589-2583,New York,USA,26243.75,655,9750145032
CUST000731,James Walker,customer731@mail.com,+1-444-466-5333,New York,USA,38299.06,404,9936550482
CUST000732,Michael Smith,customer732@mail.com,+1-444-714-3339,Phoenix,USA,7001.49,426,4193088588
CUST000733,Daniel Brown,customer733@mail.com,+1-444-447-9855,Dallas,USA,25770.19,619,4254066992
CUST000734,Ava Wilson,customer734@mail.com,+1-444-392-6166,Chicago,USA,19969.39,411,8155451238
CUST000735,Sophia Lewis,customer735@mail.com,+1-444-836-2003,Phoenix,USA,47984.28,621,8744620216
CUST000736,Michael Johnson,customer736@mail.com,+1-444-255-8038,Chicago,USA,23873.27,452,3657558769
CUST000737,Daniel Smith,customer737@mail.com,+1-444-961-8678,Dallas,USA,48085.53,717,2625164051
CUST000738,Emma Johnson,customer738@mail.com,+1-444-210-8877,Chicago,USA,10655.29,318,6848190346
CUST000739,David Clark,customer739@mail.com,+1-444-516-4065,New York,USA,15817.94,559,1099234780
CUST000740,James Clark,customer740@mail.com,+1-444-627-2758,New York,USA,1026.12,675,6375704382
CUST000741,James Brown,customer741@mail.com,+1-444-914-7887,New York,USA,21380.94,434,2256596457
CUST000742,David Wilson,customer742@mail.com,+1-444-704-1546,Dallas,USA,35777.45,745,1242329952
CUST000743,John Smith,customer743@mail.com,+1-444-926-8847,Phoenix,USA,42316.06,535,6775959608
CUST000744,John Johnson,customer744@mail.com,+1-444-756-4885,Phoenix,USA,2902.82,718,4039656589
CUST000745,Daniel Walker,customer745@mail.com,+1-444-206-4463,Dallas,USA,7813.43,649,1980923792
CUST000746,John Johnson,customer746@mail.com,+1-444-784-5436,Dallas,USA,48214.62,568,2173888855
CUST000747,James Taylor,customer747@mail.com,+1-444-822-1519,Chicago,USA,3057.98,681,2902240126
CUST000748,John Smith,customer748@mail.com,+1-444-899-7972,Chicago,USA,20709.76,487,3886803677
CUST000749,James Taylor,customer749@mail.com,+1-444-292-1047,Chicago,USA,12694.95,647,9698643996
CUST000750,Sarah Smith,customer750@mail.com,+1-444-549-1113,New York,USA,29580.74,523,7339107148
CUST000751,Michael Walker,customer751@mail.com,+1-444-439-4245,New York,USA,42167.01,799,8564810817
CUST000752,Sarah Taylor,customer752@mail.com,+1-444-124-7424,Chicago,USA,14059.28,779,1902259631
CUST000753,John Hall,customer753@mail.com,+1-444-246-3118,Dallas,USA,28947.6,469,9947000503
CUST000754,Olivia Taylor,customer754@mail.com,+1-444-881-7264,Phoenix,USA,35414.38,669,6986421318
CUST000755,John Davis,customer755@mail.com,+1-444-449-9745,Chicago,USA,15074.81,328,3830169582
CUST000756,Emma Davis,customer756@mail.com,+1-444-939-1327,Dallas,USA,48039.52,751,1164882533
CUST000757,Emma Clark,customer757@mail.com,+1-444-737-1717,Chicago,USA,32269.51,557,3613824318
CUST000758,Sophia Wilson,customer758@mail.com,+1-444-650-4169,New York,USA,7960.42,779,5943157992
CUST000759,Daniel Smith,customer759@mail.com,+1-444-106-2165,Phoenix,USA,43248.86,705,2149291250
CUST000760,Olivia Taylor,customer760@mail.com,+1-444-124-4078,Chicago,USA,14703.05,430,6421959005
CUST000761,James Taylor,customer761@mail.com,+1-444-233-8141,Chicago,USA,14181.57,592,4040399138
CUST000762,Sophia Walker,customer762@mail.com,+1-444-137-2879,New York,USA,9752.69,848,4529890774
CUST000763,Sarah Davis,customer763@mail.com,+1-444-735-6684,New York,USA,3664.37,458,7107521968
CUST000764,Ava Walker,customer764@mail.com,+1-444-640-5326,New York,USA,1391.46,613,6346403463
CUST000765,David Walker,customer765@mail.com,+1-444-293-3275,Phoenix,USA,31522.36,508,1850905998
CUST000766,Michael Lewis,customer766@mail.com,+1-444-771-8126,Chicago,USA,24520.84,660,7580936292
CUST000767,David Taylor,customer767@mail.com,+1-444-567-4006,Phoenix,USA,16615.01,582,1912094618
CUST000768,Sarah Smith,customer768@mail.com,+1-444-348-5513,Dallas,USA,48374.74,436,7354560108
CUST000769,David Smith,customer769@mail.com,+1-444-144-2205,New York,USA,36515.01,338,1662432674
CUST000770,David Lewis,customer770@mail.com,+1-444-719-6912,Phoenix,USA,31082.55,791,7247207856
CUST000771,Daniel Clark,customer771@mail.com,+1-444-721-3314,Chicago,USA,38321.41,671,4474382340
CUST000772,Sophia Clark,customer772@mail.com,+1-444-558-7663,Phoenix,USA,47905.3,667,8034564476
CUST000773,Sarah Lewis,customer773@mail.com,+1-444-983-2546,Chicago,USA,47498.04,410,8050469957
CUST000774,Sophia Hall,customer774@mail.com,+1-444-915-1790,New York,USA,31010.76,530,2317109748
CUST000775,David Johnson,customer775@mail.com,+1-444-118-6133,Phoenix,USA,39710.19,633,4547374943
CUST000776,James Taylor,customer776@mail.com,+1-444-990-6256,Phoenix,USA,21592.47,557,9158968379
CUST000777,Michael Taylor,customer777@mail.com,+1-444-361-3150,Phoenix,USA,49168.73,606,6969892472
CUST000778,David Wilson,customer778@mail.com,+1-444-926-2005,New York,USA,20945.81,626,5673290308
CUST000779,Michael Hall,customer779@mail.com,+1-444-858-6093,Phoenix,USA,692.93,774,5107538038
CUST000780,Michael Davis,customer780@mail.com,+1-444-697-2961,Phoenix,USA,13057.94,753,1339621988
CUST000781,Olivia Taylor,customer781@mail.com,+1-444-318-7965,New York,USA,18193.35,370,2761409745
CUST000782,David Lewis,customer782@mail.com,+1-444-602-4215,Phoenix,USA,263.59,664,1943029307
CUST000783,Sarah Taylor,customer783@mail.com,+1-444-618-3767,Chicago,USA,46539.57,736,1966965009
CUST000784,Ava Hall,customer784@mail.com,+1-444-505-2703,New York,USA,29976.07,356,8868998534
CUST000785,Emma Davis,customer785@mail.com,+1-444-556-9350,Phoenix,USA,5393.26,413,7204243383
CUST000786,James Lewis,customer786@mail.com,+1-444-157-7667,Chicago,USA,42691.92,479,7824601888
CUST000787,James Johnson,customer787@mail.com,+1-444-323-4244,Dallas,USA,27029.95,614,7812493132
CUST000788,Ava Taylor,customer788@mail.com,+1-444-152-4475,Dallas,USA,45940.72,365,2743729893
CUST000789,Sophia Hall,customer789@mail.com,+1-444-618-5098,Dallas,USA,16172.51,802,8271691716
CUST000790,Sophia Brown,customer790@mail.com,+1-444-484-9972,Dallas,USA,3001.25,379,5918852954
CUST000791,James Taylor,customer791@mail.com,+1-444-119-8234,Chicago,USA,22721.15,520,8866914600
CUST000792,Michael Wilson,customer792@mail.com,+1-444-474-4012,Chicago,USA,22903.65,565,1492412158
CUST000793,Ava Hall,customer793@mail.com,+1-444-629-8042,Dallas,USA,15457.08,754,1073513324
CUST000794,Sophia Davis,customer794@mail.com,+1-444-640-6297,Phoenix,USA,42582.55,486,1192178038
CUST000795,Daniel Walker,customer795@mail.com,+1-444-899-8875,Dallas,USA,41053.66,654,9876294607
CUST000796,Ava Hall,customer796@mail.com,+1-444-267-3816,New York,USA,15702.5,453,8837841616
CUST000797,Ava Wilson,customer797@mail.com,+1-444-971-4802,New York,USA,467.55,695,1191890057
CUST000798,James Wilson,customer798@mail.com,+1-444-119-4496,Dallas,USA,4935.36,679,6205981737
CUST000799,Michael Hall,customer799@mail.com,+1-444-401-2233,Phoenix,USA,903.47,819,1587731301
CUST000800,Olivia Smith,customer800@mail.com,+1-444-562-4502,Chicago,USA,11393.85,734,8769726205
CUST000801,Michael Walker,customer801@mail.com,+1-444-877-7335,Chicago,USA,32509.02,415,7942919813
CUST000802,Olivia Davis,customer802@mail.com,+1-444-867-7149,Dallas,USA,43813.99,395,8093399732
CUST000803,Emma Davis,customer803@mail.com,+1-444-667-7053,Dallas,USA,18604.67,581,7104573524
CUST000804,John Walker,customer804@mail.com,+1-444-419-2732,Dallas,USA,13092.79,680,8042015144
CUST000805,Michael Taylor,customer805@mail.com,+1-444-151-6856,Dallas,USA,27337.99,360,5424813045
CUST000806,Sarah Wilson,customer806@mail.com,+1-444-119-4879,Dallas,USA,47046.67,718,7952404394
CUST000807,Ava Taylor,customer807@mail.com,+1-444-221-3252,Chicago,USA,1603.36,775,4029840687
CUST000808,Ava Johnson,customer808@mail.com,+1-444-191-9453,Dallas,USA,14837.52,731,6057049227
CUST000809,Daniel Wilson,customer809@mail.com,+1-444-960-8125,Chicago,USA,19274.89,370,5894149059
CUST000810,John Hall,customer810@mail.com,+1-444-579-3265,Phoenix,USA,24108.09,840,3366685462
CUST000811,James Brown,customer811@mail.com,+1-444-823-9319,Chicago,USA,5935.39,790,5270183409
CUST000812,Ava Brown,customer812@mail.com,+1-444-177-1634,New York,USA,3242.59,527,1412503399
CUST000813,Michael Taylor,customer813@mail.com,+1-444-818-6598,Dallas,USA,12263.6,425,3002148466
CUST000814,David Taylor,customer814@mail.com,+1-444-140-9384,Chicago,USA,38586.16,304,6702856693
CUST000815,James Smith,customer815@mail.com,+1-444-960-8752,Dallas,USA,35086.68,646,6254078236
CUST000816,James Clark,customer816@mail.com,+1-444-551-3867,Phoenix,USA,18855.86,403,8849118426
CUST000817,Michael Smith,customer817@mail.com,+1-444-403-4183,Phoenix,USA,2628.41,493,1323889522
CUST000818,Olivia Lewis,customer818@mail.com,+1-444-360-7393,Dallas,USA,43372.88,412,6159023314
CUST000819,Sarah Johnson,customer819@mail.com,+1-444-889-2664,New York,USA,35547.94,803,2668079997
CUST000820,Sarah Wilson,customer820@mail.com,+1-444-912-1910,New York,USA,11370.08,584,9649162626
CUST000821,Sophia Smith,customer821@mail.com,+1-444-207-4609,Phoenix,USA,16200.84,667,7433729761
CUST000822,John Walker,customer822@mail.com,+1-444-238-4670,New York,USA,49958.73,484,6367378799
CUST000823,John Davis,customer823@mail.com,+1-444-286-2735,Chicago,USA,39408.93,456,9024335705
CUST000824,James Taylor,customer824@mail.com,+1-444-396-6604,Phoenix,USA,33585.75,587,5736995028
CUST000825,Michael Taylor,customer825@mail.com,+1-444-238-3579,Dallas,USA,23720.7,702,3175215408
CUST000826,John Brown,customer826@mail.com,+1-444-181-8785,New York,USA,1086.34,427,9672700796
CUST000827,Daniel Taylor,customer827@mail.com,+1-444-987-7455,New York,USA,15474.5,688,5772659641
CUST000828,Michael Taylor,customer828@mail.com,+1-444-607-9943,New York,USA,46596.85,359,5148472210
CUST000829,Daniel Lewis,customer829@mail.com,+1-444-197-3791,Dallas,USA,30122.38,662,3344509213
CUST000830,Sarah Wilson,customer830@mail.com,+1-444-901-6525,Chicago,USA,36509.54,684,9278337061
CUST000831,Olivia Johnson,customer831@mail.com,+1-444-108-2601,Dallas,USA,4190.25,705,8179639563
CUST000832,Ava Smith,customer832@mail.com,+1-444-820-9088,Dallas,USA,3670.26,584,8023769837
CUST000833,Sarah Johnson,customer833@mail.com,+1-444-599-8293,New York,USA,36558.15,482,2027002856
CUST000834,David Lewis,customer834@mail.com,+1-444-936-6443,Dallas,USA,35429.61,482,6563376820
CUST000835,Olivia Taylor,customer835@mail.com,+1-444-932-3712,Chicago,USA,20847.18,575,7239755699
CUST000836,Sophia Smith,customer836@mail.com,+1-444-551-9371,New York,USA,3377.49,790,1892067095
CUST000837,Sophia Walker,customer837@mail.com,+1-444-876-2831,New York,USA,14924.61,762,3924454963
CUST000838,John Smith,customer838@mail.com,+1-444-891-2951,Dallas,USA,33416.82,423,6306719309
CUST000839,Daniel Smith,customer839@mail.com,+1-444-666-4986,Phoenix,USA,36755.38,734,9187725336
CUST000840,John Wilson,customer840@mail.com,+1-444-164-3546,Phoenix,USA,7210.79,554,9713418152
CUST000841,Olivia Walker,customer841@mail.com,+1-444-238-9979,New York,USA,32758.46,479,1629146277
CUST000842,Daniel Johnson,customer842@mail.com,+1-444-630-8229,Dallas,USA,8941.18,558,4263829333
CUST000843,Emma Davis,customer843@mail.com,+1-444-563-4210,Phoenix,USA,13702.48,368,7673774570
CUST000844,David Johnson,customer844@mail.com,+1-444-484-8747,Chicago,USA,11423.32,800,9087495711
CUST000845,Ava Johnson,customer845@mail.com,+1-444-815-7009,Phoenix,USA,1359.32,727,3699961804
CUST000846,Emma Hall,customer846@mail.com,+1-444-159-3387,Phoenix,USA,31966.11,312,3395348822
CUST000847,Olivia Clark,customer847@mail.com,+1-444-587-1725,Phoenix,USA,22573.82,583,3033644159
CUST000848,Olivia Clark,customer848@mail.com,+1-444-890-8408,Dallas,USA,34210.2,619,9686852144
CUST000849,Sophia Hall,customer849@mail.com,+1-444-555-7603,Phoenix,USA,24538.05,377,4191318295
CUST000850,Michael Wilson,customer850@mail.com,+1-444-975-8720,Chicago,USA,9602.93,426,2776458670
CUST000851,Sophia Johnson,customer851@mail.com,+1-444-266-8283,Chicago,USA,20524.16,797,8729991149
CUST000852,Ava Wilson,customer852@mail.com,+1-444-398-5263,New York,USA,2453.39,549,6728155418
CUST000853,David Johnson,customer853@mail.com,+1-444-641-7881,Phoenix,USA,402.86,473,8907675464
CUST000854,Michael Taylor,customer854@mail.com,+1-444-119-5991,Phoenix,USA,10329.16,453,7308839197
CUST000855,James Johnson,customer855@mail.com,+1-444-523-3527,Phoenix,USA,17043.5,439,4820076904
CUST000856,John Brown,customer856@mail.com,+1-444-512-7004,Dallas,USA,22527.24,704,4507654591
CUST000857,Olivia Smith,customer857@mail.com,+1-444-324-2634,Dallas,USA,12959.06,448,7238251168
CUST000858,Sarah Hall,customer858@mail.com,+1-444-801-1244,Dallas,USA,1765.54,456,4306569093
CUST000859,Sarah Lewis,customer859@mail.com,+1-444-763-9149,Phoenix,USA,33121.07,639,2071680426
CUST000860,Sarah Lewis,customer860@mail.com,+1-444-983-6995,New York,USA,6362.14,491,2064181456
CUST000861,James Smith,customer861@mail.com,+1-444-757-7788,New York,USA,32659.08,699,5409641122
CUST000862,Daniel Taylor,customer862@mail.com,+1-444-794-5982,Phoenix,USA,27815.6,758,7632099166
CUST000863,Daniel Walker,customer863@mail.com,+1-444-229-5954,Dallas,USA,47103.02,426,4236372374
CUST000864,Daniel Smith,customer864@mail.com,+1-444-664-4444,Dallas,USA,45780.45,746,8699790017
CUST000865,Olivia Davis,customer865@mail.com,+1-444-445-8233,Dallas,USA,5380.23,554,8312377224
CUST000866,Ava Clark,customer866@mail.com,+1-444-849-4137,Chicago,USA,30245.58,323,6418121295
CUST000867,Emma Taylor,customer867@mail.com,+1-444-663-8009,Phoenix,USA,45732.29,803,7498777081
CUST000868,Ava Lewis,customer868@mail.com,+1-444-990-8243,New York,USA,30829.98,501,9656841471
CUST000869,John Smith,customer869@mail.com,+1-444-120-3140,Chicago,USA,4275.69,347,7867181148
CUST000870,Olivia Smith,customer870@mail.com,+1-444-602-7906,New York,USA,3339.75,747,7676772273
CUST000871,Ava Lewis,customer871@mail.com,+1-444-898-6925,Phoenix,USA,5678.72,313,8224329713
CUST000872,Ava Hall,customer872@mail.com,+1-444-462-6621,Phoenix,USA,38012.78,716,8887368639
CUST000873,James Smith,customer873@mail.com,+1-444-981-1262,New York,USA,18635.09,808,4236716182
CUST000874,John Brown,customer874@mail.com,+1-444-261-1672,New York,USA,22947.7,529,6178047841
CUST000875,Ava Brown,customer875@mail.com,+1-444-491-4526,New York,USA,39635.26,622,4372484144
CUST000876,Sophia Johnson,customer876@mail.com,+1-444-312-1936,New York,USA,3993.32,776,8255442814
CUST000877,Emma Davis,customer877@mail.com,+1-444-539-2456,Phoenix,USA,40689.27,721,6710755166
CUST000878,David Taylor,customer878@mail.com,+1-444-823-5952,Phoenix,USA,25646.06,512,2679930482
CUST000879,James Johnson,customer879@mail.com,+1-444-980-4242,Dallas,USA,39053.03,420,6873830421
CUST000880,Ava Brown,customer880@mail.com,+1-444-405-9082,Phoenix,USA,47048.71,462,2113281322
CUST000881,David Lewis,customer881@mail.com,+1-444-112-6685,Phoenix,USA,10356.27,580,2480646219
CUST000882,Sophia Taylor,customer882@mail.com,+1-444-175-8817,Dallas,USA,9624.79,795,2439341073
CUST000883,Olivia Johnson,customer883@mail.com,+1-444-521-6902,New York,USA,30570.27,848,2687742387
CUST000884,Michael Smith,customer884@mail.com,+1-444-573-5055,Phoenix,USA,35868.0,494,8961931037
CUST000885,John Brown,customer885@mail.com,+1-444-523-9651,New York,USA,15561.01,367,4425576169
CUST000886,Ava Wilson,customer886@mail.com,+1-444-255-8651,New York,USA,40057.02,353,3187400717
CUST000887,Ava Wilson,customer887@mail.com,+1-444-136-4567,Chicago,USA,32459.57,377,5622144556
CUST000888,David Davis,customer888@mail.com,+1-444-519-6298,Phoenix,USA,4443.36,723,4296830158
CUST000889,Michael Taylor,customer889@mail.com,+1-444-248-4098,Dallas,USA,18953.75,450,6187675365
CUST000890,Olivia Taylor,customer890@mail.com,+1-444-862-4269,Chicago,USA,28884.69,712,6084965750
CUST000891,Ava Clark,customer891@mail.com,+1-444-171-5049,Dallas,USA,45988.45,716,1567252280
CUST000892,John Hall,customer892@mail.com,+1-444-842-1994,Phoenix,USA,3285.22,310,5664236746
CUST000893,James Brown,customer893@mail.com,+1-444-673-3865,New York,USA,44710.89,374,5997118495
CUST000894,Sophia Hall,customer894@mail.com,+1-444-640-5036,Chicago,USA,38556.91,415,8917776321
CUST000895,Olivia Wilson,customer895@mail.com,+1-444-711-8078,Dallas,USA,16962.1,374,3130423353
CUST000896,David Johnson,customer896@mail.com,+1-444-812-7647,New York,USA,2044.1,474,2154245511
CUST000897,Sophia Davis,customer897@mail.com,+1-444-231-4882,New York,USA,20001.65,566,5872195956
CUST000898,James Lewis,customer898@mail.com,+1-444-218-2909,Chicago,USA,2377.01,593,4556519469
CUST000899,Olivia Clark,customer899@mail.com,+1-444-474-3038,Dallas,USA,38156.88,680,8503333180
CUST000900,James Walker,customer900@mail.com,+1-444-267-2036,New York,USA,223.88,473,1519415572
CUST000901,David Brown,customer901@mail.com,+1-444-532-8485,New York,USA,47302.75,385,1712908539
CUST000902,John Brown,customer902@mail.com,+1-444-936-7130,Phoenix,USA,35521.52,400,1737155504
CUST000903,David Taylor,customer903@mail.com,+1-444-524-4602,Phoenix,USA,39099.01,703,1251696306
CUST000904,David Walker,customer904@mail.com,+1-444-244-5184,New York,USA,3583.43,582,3777836851
CUST000905,Sophia Walker,customer905@mail.com,+1-444-644-6658,Chicago,USA,12055.9,639,4769360563
CUST000906,Daniel Johnson,customer906@mail.com,+1-444-392-8741,Phoenix,USA,7538.29,439,3846703049
CUST000907,James Lewis,customer907@mail.com,+1-444-420-4932,Dallas,USA,12848.67,454,7442839022
CUST000908,Emma Brown,customer908@mail.com,+1-444-908-1741,Phoenix,USA,29529.26,608,2332551552
CUST000909,Daniel Davis,customer909@mail.com,+1-444-422-5961,Dallas,USA,44610.86,615,7910615629
CUST000910,James Wilson,customer910@mail.com,+1-444-881-9089,Chicago,USA,28489.95,338,7348030968
CUST000911,Sophia Walker,customer911@mail.com,+1-444-255-5003,Chicago,USA,8835.74,742,5298349011
CUST000912,David Brown,customer912@mail.com,+1-444-127-6244,New York,USA,36645.74,481,5205537055
CUST000913,Daniel Clark,customer913@mail.com,+1-444-836-9678,New York,USA,6871.29,472,6255962471
CUST000914,David Brown,customer914@mail.com,+1-444-122-8371,Chicago,USA,5178.67,778,9858589934
CUST000915,Emma Brown,customer915@mail.com,+1-444-273-6103,Dallas,USA,38321.18,351,5868419160
CUST000916,Olivia Clark,customer916@mail.com,+1-444-106-9464,Phoenix,USA,3351.03,741,8682553505
CUST000917,Daniel Taylor,customer917@mail.com,+1-444-816-4274,New York,USA,32408.56,447,9855928416
CUST000918,Daniel Clark,customer918@mail.com,+1-444-327-7227,Phoenix,USA,9455.01,448,9307692973
CUST000919,Daniel Brown,customer919@mail.com,+1-444-292-7977,Dallas,USA,16869.98,654,4812826147
CUST000920,John Clark,customer920@mail.com,+1-444-955-1234,Phoenix,USA,2150.8,373,7116452915
CUST000921,Sophia Johnson,customer921@mail.com,+1-444-502-4608,Dallas,USA,5315.39,309,1468086008
CUST000922,Emma Clark,customer922@mail.com,+1-444-217-3152,New York,USA,6607.09,631,7239462545
CUST000923,James Johnson,customer923@mail.com,+1-444-877-5810,Chicago,USA,49742.73,436,4517637659
CUST000924,Sophia Davis,customer924@mail.com,+1-444-546-1054,New York,USA,12103.6,392,3698157028
CUST000925,Sarah Walker,customer925@mail.com,+1-444-713-9137,Chicago,USA,8689.58,822,6040285378
CUST000926,Olivia Lewis,customer926@mail.com,+1-444-564-9108,Dallas,USA,15798.48,651,9144111442
CUST000927,John Hall,customer927@mail.com,+1-444-990-7215,Chicago,USA,36233.93,844,2793619119
CUST000928,Daniel Taylor,customer928@mail.com,+1-444-333-3634,New York,USA,14804.98,638,8896919301
CUST000929,Sarah Brown,customer929@mail.com,+1-444-400-7695,Chicago,USA,42340.99,611,2280894229
CUST000930,Michael Wilson,customer930@mail.com,+1-444-874-5798,New York,USA,46023.39,632,4100047215
CUST000931,James Brown,customer931@mail.com,+1-444-749-8920,New York,USA,23570.65,608,8444364384
CUST000932,Sarah Davis,customer932@mail.com,+1-444-549-4220,Dallas,USA,678.16,687,4557445940
CUST000933,Daniel Wilson,customer933@mail.com,+1-444-148-5874,New York,USA,28660.28,701,3710006853
CUST000934,Sarah Lewis,customer934@mail.com,+1-444-889-6560,Chicago,USA,13511.8,525,2351970448
CUST000935,John Walker,customer935@mail.com,+1-444-995-4793,Phoenix,USA,30957.46,771,9394999030
CUST000936,Emma Wilson,customer936@mail.com,+1-444-952-1218,Dallas,USA,24252.4,440,5878868479
CUST000937,Olivia Taylor,customer937@mail.com,+1-444-548-7709,Phoenix,USA,12667.22,363,6833508736
CUST000938,Sophia Wilson,customer938@mail.com,+1-444-343-9065,New York,USA,13951.9,622,1839849991
CUST000939,Olivia Taylor,customer939@mail.com,+1-444-457-6699,New York,USA,8400.06,415,3559526445
CUST000940,Sophia Wilson,customer940@mail.com,+1-444-565-7319,Chicago,USA,40941.84,316,8848015162
CUST000941,Sophia Johnson,customer941@mail.com,+1-444-289-3500,New York,USA,29630.85,411,7003105000
CUST000942,James Lewis,customer942@mail.com,+1-444-412-9683,New York,USA,31326.51,397,3600285907
CUST000943,Sophia Wilson,customer943@mail.com,+1-444-411-3273,Chicago,USA,44583.13,686,7928603399
CUST000944,David Walker,customer944@mail.com,+1-444-668-2617,Dallas,USA,40279.32,346,5003697920
CUST000945,Olivia Johnson,customer945@mail.com,+1-444-322-6295,Dallas,USA,8091.84,549,8973891610
CUST000946,Olivia Taylor,customer946@mail.com,+1-444-560-8785,Dallas,USA,19065.8,400,4828587217
CUST000947,John Clark,customer947@mail.com,+1-444-440-9143,Phoenix,USA,38145.77,560,7914270734
CUST000948,David Clark,customer948@mail.com,+1-444-531-5381,Chicago,USA,49063.95,343,2569598767
CUST000949,Sophia Brown,customer949@mail.com,+1-444-322-7131,Chicago,USA,7698.4,340,4735567360
CUST000950,John Taylor,customer950@mail.com,+1-444-553-7841,Phoenix,USA,10077.0,381,5459665274
CUST000951,Michael Walker,customer951@mail.com,+1-444-329-7190,Dallas,USA,39915.65,609,9660269618
CUST000952,Ava Wilson,customer952@mail.com,+1-444-617-8148,New York,USA,13659.09,723,2432601054
CUST000953,John Walker,customer953@mail.com,+1-444-850-3711,Phoenix,USA,49778.68,786,1148387700
CUST000954,David Lewis,customer954@mail.com,+1-444-216-1438,Dallas,USA,4274.54,559,9075831911
CUST000955,James Brown,customer955@mail.com,+1-444-132-5311,Dallas,USA,39702.33,703,7332637039
CUST000956,Daniel Wilson,customer956@mail.com,+1-444-843-1362,Chicago,USA,23510.21,488,2717066458
CUST000957,Emma Clark,customer957@mail.com,+1-444-743-1047,New York,USA,8907.96,568,7840983994
CUST000958,Michael Johnson,customer958@mail.com,+1-444-675-5676,New York,USA,44634.25,604,8681261937
CUST000959,Olivia Davis,customer959@mail.com,+1-444-759-3275,Chicago,USA,2016.87,730,9945568719
CUST000960,Daniel Wilson,customer960@mail.com,+1-444-414-4051,New York,USA,12254.45,355,8970423726
CUST000961,Sarah Lewis,customer961@mail.com,+1-444-868-4253,New York,USA,39614.91,809,4198656575
CUST000962,Emma Brown,customer962@mail.com,+1-444-122-5445,Chicago,USA,32957.75,421,2605309947
CUST000963,Ava Smith,customer963@mail.com,+1-444-989-3518,New York,USA,1973.51,468,7427649197
CUST000964,James Walker,customer964@mail.com,+1-444-841-3373,Phoenix,USA,38874.6,717,2529455304
CUST000965,James Smith,customer965@mail.com,+1-444-670-1590,Chicago,USA,1103.9,413,3393056808
CUST000966,John Wilson,customer966@mail.com,+1-444-586-4281,Dallas,USA,46577.85,348,5507771741
CUST000967,David Johnson,customer967@mail.com,+1-444-431-9419,Dallas,USA,38786.98,656,7900340370
CUST000968,Ava Hall,customer968@mail.com,+1-444-400-5180,New York,USA,35450.0,667,6450730286
CUST000969,Ava Davis,customer969@mail.com,+1-444-562-1424,Phoenix,USA,10767.3,651,9458921330
CUST000970,John Lewis,customer970@mail.com,+1-444-952-3535,New York,USA,24239.91,338,3308352804
CUST000971,Sarah Clark,customer971@mail.com,+1-444-544-7069,Phoenix,USA,40467.15,430,6970173213
CUST000972,Emma Brown,customer972@mail.com,+1-444-857-2131,Dallas,USA,26703.8,777,9420478684
CUST000973,John Walker,customer973@mail.com,+1-444-185-7697,New York,USA,7137.45,308,2598866709
CUST000974,David Walker,customer974@mail.com,+1-444-668-5878,Chicago,USA,11615.23,369,6017701180
CUST000975,Daniel Wilson,customer975@mail.com,+1-444-234-3593,Dallas,USA,37782.47,373,7112554340
CUST000976,Olivia Wilson,customer976@mail.com,+1-444-622-3362,Dallas,USA,34018.99,735,6406810592
CUST000977,Emma Wilson,customer977@mail.com,+1-444-405-4540,Phoenix,USA,42142.1,375,9683435748
CUST000978,James Brown,customer978@mail.com,+1-444-528-9406,New York,USA,18646.99,807,4371811982
CUST000979,Daniel Smith,customer979@mail.com,+1-444-892-9047,New York,USA,24524.71,337,8324586469
CUST000980,Emma Davis,customer980@mail.com,+1-444-441-4105,New York,USA,19402.82,472,1551530761
CUST000981,Olivia Davis,customer981@mail.com,+1-444-739-4623,New York,USA,34543.31,735,8509135572
CUST000982,David Lewis,customer982@mail.com,+1-444-298-3614,Dallas,USA,8541.92,825,9749800946
CUST000983,Sophia Lewis,customer983@mail.com,+1-444-222-3857,Chicago,USA,5083.56,634,7108973049
CUST000984,John Brown,customer984@mail.com,+1-444-962-1187,Chicago,USA,1303.14,613,8046869757
CUST000985,Michael Clark,customer985@mail.com,+1-444-455-9420,Dallas,USA,21023.02,680,8781573391
CUST000986,David Johnson,customer986@mail.com,+1-444-220-2865,Dallas,USA,14234.4,683,2497173951
CUST000987,Olivia Walker,customer987@mail.com,+1-444-802-4163,New York,USA,34806.83,326,5972410092
CUST000988,Daniel Hall,customer988@mail.com,+1-444-962-7110,Chicago,USA,12606.76,564,2768596463
CUST000989,Michael Taylor,customer989@mail.com,+1-444-668-1945,Phoenix,USA,34880.76,417,8762250091
CUST000990,Michael Lewis,customer990@mail.com,+1-444-638-8477,Dallas,USA,1165.38,664,5517381190
CUST000991,David Hall,customer991@mail.com,+1-444-396-8396,Chicago,USA,11249.66,521,6057368961
CUST000992,Ava Taylor,customer992@mail.com,+1-444-457-2756,Dallas,USA,26727.93,745,2460580189
CUST000993,Daniel Brown,customer993@mail.com,+1-444-583-6546,New York,USA,46999.71,757,7189942223
CUST000994,Daniel Lewis,customer994@mail.com,+1-444-691-4433,Dallas,USA,12158.36,525,1605675228
CUST000995,Olivia Lewis,customer995@mail.com,+1-444-385-9070,Chicago,USA,30520.58,695,5374643385
CUST000996,Michael Davis,customer996@mail.com,+1-444-868-6555,Dallas,USA,37488.46,413,4251912030
CUST000997,David Smith,customer997@mail.com,+1-444-207-7908,Phoenix,USA,5025.72,442,9631211595
CUST000998,Sophia Johnson,customer998@mail.com,+1-444-402-5677,Phoenix,USA,46508.94,795,3170167753
CUST000999,Sophia Davis,customer999@mail.com,+1-444-935-6476,Chicago,USA,13914.81,441,9123976797
CUST001000,James Brown,customer1000@mail.com,+1-444-398-8389,Dallas,USA,32136.59,730,2348524117
CUST001001,John Davis,customer1001@mail.com,+1-444-851-4542,Dallas,USA,32921.03,705,5692075422
CUST001002,Olivia Smith,customer1002@mail.com,+1-444-915-8292,Dallas,USA,38884.19,394,7178471940
CUST001003,John Brown,customer1003@mail.com,+1-444-254-5307,Dallas,USA,40085.26,504,3608723618
CUST001004,David Brown,customer1004@mail.com,+1-444-166-1215,Dallas,USA,48142.13,662,4323309386
CUST001005,Olivia Brown,customer1005@mail.com,+1-444-793-9466,Phoenix,USA,823.6,622,2340897711
CUST001006,John Taylor,customer1006@mail.com,+1-444-849-1548,New York,USA,48153.37,308,9703422451
CUST001007,Michael Smith,customer1007@mail.com,+1-444-475-1773,New York,USA,30900.19,338,2968721407
CUST001008,Michael Hall,customer1008@mail.com,+1-444-148-8129,Dallas,USA,39818.24,387,8368387568
CUST001009,Emma Clark,customer1009@mail.com,+1-444-457-7162,Chicago,USA,45557.53,519,4045254318
CUST001010,Ava Lewis,customer1010@mail.com,+1-444-127-3855,Dallas,USA,19111.88,339,5194864285
CUST001011,John Lewis,customer1011@mail.com,+1-444-455-9583,Phoenix,USA,39825.99,741,3913493561
CUST001012,Ava Clark,customer1012@mail.com,+1-444-598-6148,Phoenix,USA,23977.19,553,5622920563
CUST001013,Olivia Smith,customer1013@mail.com,+1-444-609-8183,Dallas,USA,36809.5,684,1275776192
CUST001014,Olivia Hall,customer1014@mail.com,+1-444-242-2159,Chicago,USA,5495.59,695,8667454600
CUST001015,Sophia Wilson,customer1015@mail.com,+1-444-584-1628,Dallas,USA,44616.33,809,6126959216
CUST001016,Daniel Clark,customer1016@mail.com,+1-444-445-7022,Dallas,USA,10657.78,364,7814391736
CUST001017,John Johnson,customer1017@mail.com,+1-444-178-5155,New York,USA,47759.96,335,8943915658
CUST001018,Ava Walker,customer1018@mail.com,+1-444-284-5066,New York,USA,31410.53,595,2763273708
CUST001019,David Lewis,customer1019@mail.com,+1-444-532-1573,New York,USA,29742.44,785,8217220160
CUST001020,James Walker,customer1020@mail.com,+1-444-851-5862,Dallas,USA,41507.53,456,2168672777
CUST001021,Sophia Taylor,customer1021@mail.com,+1-444-997-8889,Chicago,USA,36169.23,435,2895251625
CUST001022,Emma Johnson,customer1022@mail.com,+1-444-568-1055,New York,USA,38960.11,573,8934092051
CUST001023,Sarah Hall,customer1023@mail.com,+1-444-752-4902,Dallas,USA,47219.91,546,1982171637
CUST001024,Daniel Davis,customer1024@mail.com,+1-444-127-7924,New York,USA,45396.99,840,3916791630
CUST001025,Daniel Taylor,customer1025@mail.com,+1-444-310-2323,Dallas,USA,28331.3,608,5375507805
CUST001026,Ava Smith,customer1026@mail.com,+1-444-456-6587,Phoenix,USA,47828.21,454,2383438388
CUST001027,John Taylor,customer1027@mail.com,+1-444-256-1905,New York,USA,45668.35,307,4137960426
CUST001028,Michael Walker,customer1028@mail.com,+1-444-333-2276,Chicago,USA,31499.8,322,9523450720
CUST001029,Olivia Taylor,customer1029@mail.com,+1-444-247-2289,New York,USA,26421.09,354,7450108309
CUST001030,Olivia Hall,customer1030@mail.com,+1-444-862-6371,Dallas,USA,35401.25,545,1593510763
CUST001031,Sophia Clark,customer1031@mail.com,+1-444-220-6745,Phoenix,USA,43373.5,746,9162529311
CUST001032,David Taylor,customer1032@mail.com,+1-444-301-8368,New York,USA,30383.12,678,3299685506
CUST001033,Olivia Johnson,customer1033@mail.com,+1-444-251-3911,New York,USA,28608.29,458,8657724553
CUST001034,Olivia Wilson,customer1034@mail.com,+1-444-262-7371,Phoenix,USA,42634.82,424,4321099187
CUST001035,Sophia Smith,customer1035@mail.com,+1-444-849-6560,Dallas,USA,6329.1,650,8032516632
CUST001036,Emma Davis,customer1036@mail.com,+1-444-136-3989,Dallas,USA,1779.63,583,5455342861
CUST001037,Michael Taylor,customer1037@mail.com,+1-444-555-2974,Phoenix,USA,13619.63,391,7809770562
CUST001038,Ava Hall,customer1038@mail.com,+1-444-528-1283,New York,USA,14470.14,347,3985030204
CUST001039,David Walker,customer1039@mail.com,+1-444-897-7110,Phoenix,USA,5270.49,410,3319151219
CUST001040,Michael Taylor,customer1040@mail.com,+1-444-566-3537,Phoenix,USA,37416.55,788,8659230679
CUST001041,Olivia Hall,customer1041@mail.com,+1-444-483-1079,New York,USA,15536.5,801,5281835545
CUST001042,Sarah Walker,customer1042@mail.com,+1-444-731-3162,New York,USA,44308.29,720,1284699088
CUST001043,Michael Clark,customer1043@mail.com,+1-444-465-4081,Chicago,USA,40205.58,675,9684943153
CUST001044,David Taylor,customer1044@mail.com,+1-444-868-2919,Phoenix,USA,35588.79,461,3669844156
CUST001045,Ava Smith,customer1045@mail.com,+1-444-214-4874,Chicago,USA,36029.66,333,9941134664
CUST001046,Olivia Clark,customer1046@mail.com,+1-444-544-5105,Dallas,USA,20463.34,733,6761658849
CUST001047,Sophia Walker,customer1047@mail.com,+1-444-662-1636,Dallas,USA,3662.56,431,3523957738
CUST001048,Michael Hall,customer1048@mail.com,+1-444-822-6480,Dallas,USA,37564.59,772,4592885419
CUST001049,Olivia Wilson,customer1049@mail.com,+1-444-125-5944,Chicago,USA,18204.34,505,7375322639
CUST001050,Sophia Walker,customer1050@mail.com,+1-444-379-8429,Dallas,USA,45370.81,730,2621105740
CUST001051,David Walker,customer1051@mail.com,+1-444-647-4172,Dallas,USA,37358.66,404,8316204930
CUST001052,Michael Smith,customer1052@mail.com,+1-444-933-5124,Dallas,USA,15563.19,549,5187653110
CUST001053,Emma Hall,customer1053@mail.com,+1-444-322-3791,Chicago,USA,47418.81,713,1672643045
CUST001054,Sophia Hall,customer1054@mail.com,+1-444-651-5773,New York,USA,12935.67,518,7591237863
CUST001055,Sophia Davis,customer1055@mail.com,+1-444-369-5252,New York,USA,31415.29,423,6438014424
CUST001056,David Hall,customer1056@mail.com,+1-444-917-7860,Dallas,USA,780.2,354,2390875902
CUST001057,Emma Walker,customer1057@mail.com,+1-444-258-9640,Dallas,USA,8663.01,631,2843071586
CUST001058,Michael Clark,customer1058@mail.com,+1-444-811-5023,Phoenix,USA,7579.13,621,5736128968
CUST001059,James Clark,customer1059@mail.com,+1-444-566-9763,Phoenix,USA,46254.83,637,5125578804
CUST001060,David Brown,customer1060@mail.com,+1-444-632-8891,Dallas,USA,39417.74,693,2843925088
CUST001061,Daniel Brown,customer1061@mail.com,+1-444-509-2356,New York,USA,23576.55,543,3974042354
CUST001062,James Hall,customer1062@mail.com,+1-444-884-5622,Dallas,USA,40848.35,416,9605729766
CUST001063,Emma Smith,customer1063@mail.com,+1-444-319-3095,Phoenix,USA,39298.65,480,8729826143
CUST001064,James Hall,customer1064@mail.com,+1-444-725-1850,Dallas,USA,48978.15,847,9732372019
CUST001065,Sarah Lewis,customer1065@mail.com,+1-444-268-1065,Chicago,USA,18586.61,660,8640871667
CUST001066,James Brown,customer1066@mail.com,+1-444-990-2549,Chicago,USA,2644.16,716,5243623196
CUST001067,James Brown,customer1067@mail.com,+1-444-972-3338,Phoenix,USA,613.23,356,1509300204
CUST001068,James Brown,customer1068@mail.com,+1-444-441-3394,Phoenix,USA,49952.12,805,4365110066
CUST001069,Daniel Hall,customer1069@mail.com,+1-444-671-3483,New York,USA,26541.93,485,6989395429
CUST001070,Ava Smith,customer1070@mail.com,+1-444-575-6704,Phoenix,USA,19638.31,315,5147279478
CUST001071,Olivia Clark,customer1071@mail.com,+1-444-904-7809,Dallas,USA,14682.17,461,9991572246
CUST001072,Michael Hall,customer1072@mail.com,+1-444-561-3624,Phoenix,USA,17082.08,701,4869393610
CUST001073,Michael Hall,customer1073@mail.com,+1-444-268-2023,Chicago,USA,30551.7,780,9935044424
CUST001074,David Hall,customer1074@mail.com,+1-444-161-6917,New York,USA,32018.49,381,5752389629
CUST001075,Daniel Taylor,customer1075@mail.com,+1-444-525-7309,New York,USA,16383.61,549,7868246052
CUST001076,Daniel Davis,customer1076@mail.com,+1-444-162-2503,New York,USA,36329.02,424,6623416383
CUST001077,David Clark,customer1077@mail.com,+1-444-841-1824,Phoenix,USA,3700.86,440,9186356156
CUST001078,Emma Clark,customer1078@mail.com,+1-444-907-6874,Dallas,USA,6222.53,829,2172982667
CUST001079,Daniel Smith,customer1079@mail.com,+1-444-855-8525,New York,USA,13336.56,393,1788552811
CUST001080,Sophia Walker,customer1080@mail.com,+1-444-352-4575,Chicago,USA,20791.46,721,2227592059
CUST001081,Olivia Lewis,customer1081@mail.com,+1-444-968-1149,New York,USA,11135.47,848,8397482593
CUST001082,John Clark,customer1082@mail.com,+1-444-961-7571,Chicago,USA,12419.48,561,1493086443
CUST001083,Ava Hall,customer1083@mail.com,+1-444-891-8837,New York,USA,17646.7,581,3957776599
CUST001084,Sarah Taylor,customer1084@mail.com,+1-444-404-3885,Chicago,USA,12274.12,837,9612775227
CUST001085,Michael Brown,customer1085@mail.com,+1-444-493-5767,New York,USA,13283.9,846,5857793631
CUST001086,Sophia Johnson,customer1086@mail.com,+1-444-114-9426,Dallas,USA,9598.07,447,2573277407
CUST001087,Michael Wilson,customer1087@mail.com,+1-444-628-4872,Chicago,USA,14424.08,754,3127547199
CUST001088,Daniel Johnson,customer1088@mail.com,+1-444-834-2961,Phoenix,USA,24014.17,701,7707773444
CUST001089,Olivia Taylor,customer1089@mail.com,+1-444-846-6000,Dallas,USA,36999.98,410,5729786325
CUST001090,Michael Hall,customer1090@mail.com,+1-444-565-1064,New York,USA,31202.73,821,3880454908
CUST001091,Michael Johnson,customer1091@mail.com,+1-444-681-4509,Dallas,USA,38754.68,356,9616927554
CUST001092,Michael Smith,customer1092@mail.com,+1-444-946-1506,Phoenix,USA,27627.32,450,2318020233
CUST001093,Emma Brown,customer1093@mail.com,+1-444-445-7235,Phoenix,USA,17959.86,771,5658500223
CUST001094,Sophia Johnson,customer1094@mail.com,+1-444-819-2356,Chicago,USA,12314.19,688,2619548001
CUST001095,Emma Johnson,customer1095@mail.com,+1-444-462-6635,Dallas,USA,48510.45,846,7295766407
CUST001096,Sarah Lewis,customer1096@mail.com,+1-444-827-7791,Chicago,USA,28582.42,780,6404881729
CUST001097,Sarah Lewis,customer1097@mail.com,+1-444-959-3563,Phoenix,USA,9544.95,674,4686360643
CUST001098,Michael Lewis,customer1098@mail.com,+1-444-111-5085,Chicago,USA,25611.76,348,6801120347
CUST001099,Emma Smith,customer1099@mail.com,+1-444-166-4568,Dallas,USA,30536.08,549,1496893984
CUST001100,Olivia Hall,customer1100@mail.com,+1-444-805-3756,Chicago,USA,45360.54,744,6284093019
CUST001101,Sophia Walker,customer1101@mail.com,+1-444-732-8175,Phoenix,USA,32157.81,633,3272799416
CUST001102,David Smith,customer1102@mail.com,+1-444-899-4420,Phoenix,USA,8206.82,595,1015994635
CUST001103,Sophia Walker,customer1103@mail.com,+1-444-679-9675,New York,USA,47205.51,839,7767126278
CUST001104,Sarah Taylor,customer1104@mail.com,+1-444-837-5262,Phoenix,USA,43314.82,346,5420245362
CUST001105,Michael Johnson,customer1105@mail.com,+1-444-195-5689,Chicago,USA,12305.15,527,8761293383
CUST001106,David Clark,customer1106@mail.com,+1-444-627-3508,Chicago,USA,35661.36,346,4779478789
CUST001107,Olivia Taylor,customer1107@mail.com,+1-444-929-8711,New York,USA,6255.6,344,2016159258
CUST001108,David Wilson,customer1108@mail.com,+1-444-868-1128,Phoenix,USA,43582.79,592,4851015738
CUST001109,John Walker,customer1109@mail.com,+1-444-995-3895,Chicago,USA,13342.49,576,4142941677
CUST001110,Emma Brown,customer1110@mail.com,+1-444-473-9027,Chicago,USA,24668.65,673,4493524918
CUST001111,Daniel Davis,customer1111@mail.com,+1-444-733-3317,New York,USA,30411.67,359,9494414067
CUST001112,Ava Taylor,customer1112@mail.com,+1-444-202-9498,New York,USA,24793.14,315,1148012503
CUST001113,John Taylor,customer1113@mail.com,+1-444-362-1666,Dallas,USA,23663.53,750,7643144302
CUST001114,John Lewis,customer1114@mail.com,+1-444-139-1300,Phoenix,USA,53.0,781,5103941940
CUST001115,Emma Wilson,customer1115@mail.com,+1-444-981-1482,Dallas,USA,8866.8,591,9349808287
CUST001116,Sophia Lewis,customer1116@mail.com,+1-444-163-3778,Chicago,USA,27611.06,358,1729858999
CUST001117,John Lewis,customer1117@mail.com,+1-444-449-4540,Phoenix,USA,34574.11,821,3010048258
CUST001118,David Walker,customer1118@mail.com,+1-444-387-4096,Phoenix,USA,45756.61,688,2276989071
CUST001119,Daniel Hall,customer1119@mail.com,+1-444-761-5890,Chicago,USA,38330.37,370,6218567521
CUST001120,John Davis,customer1120@mail.com,+1-444-162-5024,Phoenix,USA,23858.35,588,7786110882
CUST001121,Sarah Clark,customer1121@mail.com,+1-444-357-1228,Phoenix,USA,9197.5,726,9077565499
CUST001122,Olivia Walker,customer1122@mail.com,+1-444-969-7414,Chicago,USA,22312.68,681,5255404247
CUST001123,David Hall,customer1123@mail.com,+1-444-273-5807,Phoenix,USA,26572.39,523,3884485928
CUST001124,James Wilson,customer1124@mail.com,+1-444-764-9370,Dallas,USA,48540.54,315,8428791300
CUST001125,Sarah Wilson,customer1125@mail.com,+1-444-411-6081,Chicago,USA,49449.83,797,5385702104
CUST001126,Daniel Walker,customer1126@mail.com,+1-444-136-3945,New York,USA,38739.07,469,5142424479
CUST001127,David Taylor,customer1127@mail.com,+1-444-970-5411,Dallas,USA,25682.3,646,2598892710
CUST001128,James Taylor,customer1128@mail.com,+1-444-866-4277,Chicago,USA,5994.73,333,5109152230
CUST001129,Michael Wilson,customer1129@mail.com,+1-444-411-1670,Chicago,USA,18847.69,531,4154816833
CUST001130,John Hall,customer1130@mail.com,+1-444-259-9534,Chicago,USA,48199.58,807,3607325678
CUST001131,Sophia Johnson,customer1131@mail.com,+1-444-871-7874,New York,USA,43929.16,479,2877839278
CUST001132,Emma Johnson,customer1132@mail.com,+1-444-486-9819,Dallas,USA,13718.49,766,1999262768
CUST001133,Ava Wilson,customer1133@mail.com,+1-444-805-8340,Dallas,USA,18220.01,444,2864988178
CUST001134,Michael Johnson,customer1134@mail.com,+1-444-301-3318,Chicago,USA,11597.2,714,3415722375
CUST001135,Sarah Davis,customer1135@mail.com,+1-444-801-9239,New York,USA,19533.26,561,9223734530
CUST001136,John Smith,customer1136@mail.com,+1-444-446-5007,Dallas,USA,45472.73,376,1906716903
CUST001137,Daniel Clark,customer1137@mail.com,+1-444-831-9204,Phoenix,USA,31910.92,823,8583246707
CUST001138,David Davis,customer1138@mail.com,+1-444-675-1346,New York,USA,4621.02,603,7638834952
CUST001139,Daniel Johnson,customer1139@mail.com,+1-444-159-3452,Phoenix,USA,24159.41,580,1546677689
CUST001140,Emma Brown,customer1140@mail.com,+1-444-183-5432,Chicago,USA,38100.64,786,2674877855
CUST001141,Ava Smith,customer1141@mail.com,+1-444-833-9386,Dallas,USA,21490.65,433,5819084427
CUST001142,David Smith,customer1142@mail.com,+1-444-945-4449,Dallas,USA,15027.66,805,4098724218
CUST001143,Daniel Davis,customer1143@mail.com,+1-444-153-5757,Chicago,USA,31912.22,648,5401484519
CUST001144,Michael Clark,customer1144@mail.com,+1-444-924-6483,Phoenix,USA,8135.23,348,8663082005
CUST001145,John Wilson,customer1145@mail.com,+1-444-246-1536,New York,USA,38283.29,800,6149486720
CUST001146,Olivia Taylor,customer1146@mail.com,+1-444-625-5228,Dallas,USA,17067.27,504,8072430231
CUST001147,John Lewis,customer1147@mail.com,+1-444-231-9902,Phoenix,USA,37511.83,791,2100809053
CUST001148,Emma Johnson,customer1148@mail.com,+1-444-307-6072,Phoenix,USA,47321.4,435,1549858258
CUST001149,Sarah Davis,customer1149@mail.com,+1-444-504-8626,Dallas,USA,39281.64,843,7484782445
CUST001150,Sarah Clark,customer1150@mail.com,+1-444-666-8445,New York,USA,11317.29,413,8733374908
CUST001151,Ava Walker,customer1151@mail.com,+1-444-816-2582,Chicago,USA,10960.09,318,8550485634
CUST001152,Sophia Hall,customer1152@mail.com,+1-444-254-6570,Phoenix,USA,18806.41,449,4658921932
CUST001153,Michael Wilson,customer1153@mail.com,+1-444-551-9763,Dallas,USA,38793.67,634,7414802457
CUST001154,Sophia Lewis,customer1154@mail.com,+1-444-136-2721,Chicago,USA,5558.48,420,5396744002
CUST001155,Sophia Johnson,customer1155@mail.com,+1-444-646-3838,New York,USA,31991.69,306,7986369547
CUST001156,James Brown,customer1156@mail.com,+1-444-563-4262,New York,USA,16039.49,392,8216516585
CUST001157,Sophia Lewis,customer1157@mail.com,+1-444-490-3773,Phoenix,USA,6171.02,787,3007231165
CUST001158,Ava Walker,customer1158@mail.com,+1-444-988-1733,Phoenix,USA,22650.83,562,2293656491
CUST001159,David Walker,customer1159@mail.com,+1-444-750-4525,Chicago,USA,3640.85,835,6280237375
CUST001160,Sophia Lewis,customer1160@mail.com,+1-444-477-9737,New York,USA,16900.04,456,8629618615
CUST001161,Sarah Davis,customer1161@mail.com,+1-444-147-3087,Chicago,USA,6710.11,662,4392393363
CUST001162,Michael Smith,customer1162@mail.com,+1-444-758-7374,Chicago,USA,28520.21,333,2149417923
CUST001163,John Johnson,customer1163@mail.com,+1-444-855-2610,Chicago,USA,22872.26,318,6217357990
CUST001164,Olivia Clark,customer1164@mail.com,+1-444-613-7733,Dallas,USA,21255.57,810,6646286128
CUST001165,James Taylor,customer1165@mail.com,+1-444-722-7570,New York,USA,11846.69,782,8838553469
CUST001166,Ava Brown,customer1166@mail.com,+1-444-709-3912,New York,USA,22433.81,653,3537693158
CUST001167,James Hall,customer1167@mail.com,+1-444-775-3900,Dallas,USA,29962.26,651,8056437745
CUST001168,David Hall,customer1168@mail.com,+1-444-838-3999,New York,USA,10040.76,397,3098104639
CUST001169,Ava Clark,customer1169@mail.com,+1-444-897-2930,Dallas,USA,44855.88,567,1147866454
CUST001170,Ava Lewis,customer1170@mail.com,+1-444-551-2806,Dallas,USA,21032.56,615,6754965879
CUST001171,Ava Smith,customer1171@mail.com,+1-444-137-3564,New York,USA,20113.51,660,8396723748
CUST001172,Olivia Johnson,customer1172@mail.com,+1-444-564-6723,Chicago,USA,42909.92,594,3496880489
CUST001173,John Lewis,customer1173@mail.com,+1-444-595-8101,New York,USA,926.03,712,7237978765
CUST001174,Emma Lewis,customer1174@mail.com,+1-444-869-2840,Phoenix,USA,6617.94,529,8373141138
CUST001175,Ava Walker,customer1175@mail.com,+1-444-106-2166,New York,USA,11588.01,365,9228454401
CUST001176,James Taylor,customer1176@mail.com,+1-444-430-6924,New York,USA,22631.97,459,7812148384
CUST001177,Ava Clark,customer1177@mail.com,+1-444-274-6661,Dallas,USA,42221.0,617,8192966355
CUST001178,John Brown,customer1178@mail.com,+1-444-146-8896,Dallas,USA,19000.38,556,2342281934
CUST001179,Sarah Davis,customer1179@mail.com,+1-444-897-6426,New York,USA,4033.51,324,9771734799
CUST001180,Michael Davis,customer1180@mail.com,+1-444-783-1315,Dallas,USA,49438.03,789,5409672253
CUST001181,Daniel Walker,customer1181@mail.com,+1-444-311-1075,Phoenix,USA,9586.99,531,4979105274
CUST001182,John Wilson,customer1182@mail.com,+1-444-505-5283,Dallas,USA,36787.36,378,5118933282
CUST001183,Emma Brown,customer1183@mail.com,+1-444-638-5761,Chicago,USA,10701.51,435,9622485706
CUST001184,David Lewis,customer1184@mail.com,+1-444-530-1592,Chicago,USA,48394.72,313,8420767477
CUST001185,Sophia Brown,customer1185@mail.com,+1-444-737-1309,Chicago,USA,4182.56,600,3202840800
CUST001186,Olivia Johnson,customer1186@mail.com,+1-444-988-4856,New York,USA,31186.07,553,3860778762
CUST001187,Olivia Hall,customer1187@mail.com,+1-444-386-3027,Phoenix,USA,18268.45,303,7079789209
CUST001188,John Wilson,customer1188@mail.com,+1-444-443-8955,New York,USA,34210.97,662,1995009831
CUST001189,Sarah Hall,customer1189@mail.com,+1-444-527-4438,Phoenix,USA,11933.02,591,6094956559
CUST001190,Sarah Lewis,customer1190@mail.com,+1-444-200-8263,Phoenix,USA,29860.69,849,1719367725
CUST001191,Sophia Taylor,customer1191@mail.com,+1-444-978-6909,Phoenix,USA,3055.1,636,4904225706
CUST001192,James Taylor,customer1192@mail.com,+1-444-372-7467,Phoenix,USA,13260.98,479,8145979643
CUST001193,Emma Walker,customer1193@mail.com,+1-444-226-8185,New York,USA,13646.67,789,2245238398
CUST001194,Sophia Brown,customer1194@mail.com,+1-444-135-3180,Dallas,USA,5289.5,778,9291617154
CUST001195,Ava Hall,customer1195@mail.com,+1-444-659-4917,Chicago,USA,47022.39,587,8951713610
CUST001196,John Clark,customer1196@mail.com,+1-444-563-7771,Chicago,USA,39585.29,669,9999271974
CUST001197,James Clark,customer1197@mail.com,+1-444-251-5859,Dallas,USA,2128.71,699,1211388071
CUST001198,James Clark,customer1198@mail.com,+1-444-414-3396,Dallas,USA,24238.35,815,2712286944
CUST001199,Emma Davis,customer1199@mail.com,+1-444-248-1365,New York,USA,31132.48,831,8936743037
CUST001200,Daniel Brown,customer1200@mail.com,+1-444-106-9974,Chicago,USA,8396.68,842,4447410005
CUST001201,Sarah Davis,customer1201@mail.com,+1-444-561-1074,New York,USA,7089.0,412,8921851231
CUST001202,Olivia Taylor,customer1202@mail.com,+1-444-640-5098,Phoenix,USA,2183.54,555,3655955779
CUST001203,Sarah Lewis,customer1203@mail.com,+1-444-457-2438,Phoenix,USA,27893.01,617,6412222293
CUST001204,Michael Walker,customer1204@mail.com,+1-444-136-3860,Chicago,USA,8368.19,798,6138572195
CUST001205,John Smith,customer1205@mail.com,+1-444-120-8781,Chicago,USA,41486.82,620,2755185377
CUST001206,David Smith,customer1206@mail.com,+1-444-454-5758,Chicago,USA,8243.97,733,3757088275
CUST001207,Olivia Johnson,customer1207@mail.com,+1-444-828-5264,Chicago,USA,16559.34,333,7306309639
CUST001208,Ava Lewis,customer1208@mail.com,+1-444-950-7219,Phoenix,USA,36536.05,678,1327191038
CUST001209,Ava Lewis,customer1209@mail.com,+1-444-295-6126,Dallas,USA,49028.96,473,1548077473
CUST001210,Ava Brown,customer1210@mail.com,+1-444-673-4484,Chicago,USA,14495.0,780,5708790921
CUST001211,Olivia Hall,customer1211@mail.com,+1-444-946-7242,Phoenix,USA,43900.65,651,4131107235
CUST001212,Sophia Clark,customer1212@mail.com,+1-444-763-1406,New York,USA,30462.35,381,8661689608
CUST001213,Ava Smith,customer1213@mail.com,+1-444-690-6533,Chicago,USA,38497.84,704,6688332111
CUST001214,Michael Smith,customer1214@mail.com,+1-444-601-1018,Dallas,USA,49775.55,402,6070678378
CUST001215,Ava Brown,customer1215@mail.com,+1-444-796-6151,Chicago,USA,42408.03,809,1625711563
CUST001216,David Clark,customer1216@mail.com,+1-444-336-8195,New York,USA,44337.28,815,1481644872
CUST001217,Emma Clark,customer1217@mail.com,+1-444-410-5491,Chicago,USA,5201.5,492,2871294179
CUST001218,Sophia Walker,customer1218@mail.com,+1-444-473-2831,Phoenix,USA,15981.02,611,9674412732
CUST001219,Olivia Clark,customer1219@mail.com,+1-444-798-8015,Phoenix,USA,43279.23,850,8532941248
CUST001220,John Brown,customer1220@mail.com,+1-444-834-6180,New York,USA,28027.1,325,3944587912
CUST001221,Emma Wilson,customer1221@mail.com,+1-444-835-7394,Dallas,USA,31460.95,754,2951656805
CUST001222,Olivia Smith,customer1222@mail.com,+1-444-582-2036,Chicago,USA,20657.85,772,6262958667
CUST001223,Michael Davis,customer1223@mail.com,+1-444-549-3467,Dallas,USA,16867.99,744,2185076597
CUST001224,Daniel Smith,customer1224@mail.com,+1-444-406-3778,Phoenix,USA,49849.89,693,9090484256
CUST001225,Michael Brown,customer1225@mail.com,+1-444-908-4213,Phoenix,USA,46035.16,841,3449949272
CUST001226,Ava Wilson,customer1226@mail.com,+1-444-908-3261,Chicago,USA,5737.5,801,1798454522
CUST001227,David Wilson,customer1227@mail.com,+1-444-472-2261,Chicago,USA,6182.05,588,3294535173
CUST001228,John Walker,customer1228@mail.com,+1-444-103-7437,Phoenix,USA,47139.92,823,6775600902
CUST001229,John Clark,customer1229@mail.com,+1-444-907-3207,Phoenix,USA,20495.55,399,2645289742
CUST001230,Emma Brown,customer1230@mail.com,+1-444-691-6681,New York,USA,16445.0,306,5136134891
CUST001231,James Smith,customer1231@mail.com,+1-444-954-7827,Dallas,USA,25532.43,390,7969985435
CUST001232,Sophia Lewis,customer1232@mail.com,+1-444-968-8856,New York,USA,11733.02,348,7647883739
CUST001233,David Clark,customer1233@mail.com,+1-444-589-2575,Dallas,USA,23706.79,387,3377327286
CUST001234,Sarah Davis,customer1234@mail.com,+1-444-970-6809,Phoenix,USA,45037.25,664,3565396899
CUST001235,Sophia Smith,customer1235@mail.com,+1-444-780-3605,Dallas,USA,275.0,641,6379408684
CUST001236,Sophia Lewis,customer1236@mail.com,+1-444-608-9168,Dallas,USA,39644.3,718,9187262709
CUST001237,John Johnson,customer1237@mail.com,+1-444-892-4456,Chicago,USA,30118.06,425,1499366473
CUST001238,James Walker,customer1238@mail.com,+1-444-244-3932,Dallas,USA,42064.13,737,7606011962
CUST001239,Emma Johnson,customer1239@mail.com,+1-444-685-6248,Phoenix,USA,10309.09,561,5377678700
CUST001240,Sarah Davis,customer1240@mail.com,+1-444-153-1505,New York,USA,6368.78,506,5421259737
CUST001241,Ava Lewis,customer1241@mail.com,+1-444-754-3573,New York,USA,13075.2,534,1006387377
CUST001242,Olivia Walker,customer1242@mail.com,+1-444-288-7261,Phoenix,USA,894.98,526,6024168184
CUST001243,Olivia Davis,customer1243@mail.com,+1-444-221-4675,Chicago,USA,10854.72,495,1892508841
CUST001244,Emma Davis,customer1244@mail.com,+1-444-583-4232,Chicago,USA,49355.69,443,3789456437
CUST001245,Daniel Lewis,customer1245@mail.com,+1-444-973-9057,Phoenix,USA,7327.63,384,2860554349
CUST001246,Daniel Lewis,customer1246@mail.com,+1-444-364-1103,Chicago,USA,1254.4,713,5911028146
CUST001247,Ava Davis,customer1247@mail.com,+1-444-882-2174,New York,USA,19487.01,425,8418788258
CUST001248,Michael Davis,customer1248@mail.com,+1-444-531-9513,New York,USA,23843.32,355,7522265089
CUST001249,Michael Wilson,customer1249@mail.com,+1-444-181-4605,New York,USA,36977.78,315,2224468157
CUST001250,Daniel Hall,customer1250@mail.com,+1-444-784-2772,Chicago,USA,8549.61,703,9874907564
CUST001251,Ava Davis,customer1251@mail.com,+1-444-693-9825,Chicago,USA,45413.64,837,6669872626
CUST001252,David Wilson,customer1252@mail.com,+1-444-509-9040,Phoenix,USA,20493.11,667,2403436693
CUST001253,Sophia Lewis,customer1253@mail.com,+1-444-324-9342,Phoenix,USA,11489.4,309,7409800756
CUST001254,Sarah Brown,customer1254@mail.com,+1-444-589-2471,New York,USA,35882.56,308,8338645466
CUST001255,Daniel Brown,customer1255@mail.com,+1-444-639-8167,Chicago,USA,28649.91,392,8528325215
CUST001256,James Walker,customer1256@mail.com,+1-444-772-8318,Dallas,USA,4489.98,315,5453636876
CUST001257,Michael Wilson,customer1257@mail.com,+1-444-138-5239,Chicago,USA,37506.87,461,5539183930
CUST001258,Emma Walker,customer1258@mail.com,+1-444-663-3536,Phoenix,USA,8072.95,811,1601530971
CUST001259,Emma Walker,customer1259@mail.com,+1-444-798-1795,Dallas,USA,43880.32,525,4654887065
CUST001260,Emma Smith,customer1260@mail.com,+1-444-658-3803,Phoenix,USA,13858.13,383,8095514042
CUST001261,Ava Taylor,customer1261@mail.com,+1-444-542-5996,Phoenix,USA,24142.72,606,4109483637
CUST001262,Olivia Smith,customer1262@mail.com,+1-444-594-3513,New York,USA,33228.56,770,9414388185
CUST001263,Daniel Wilson,customer1263@mail.com,+1-444-366-7689,New York,USA,26539.63,311,8195398028
CUST001264,Olivia Hall,customer1264@mail.com,+1-444-549-2950,Chicago,USA,25371.58,552,6116258020
CUST001265,Sarah Taylor,customer1265@mail.com,+1-444-302-4873,Chicago,USA,16248.35,825,6376180551
CUST001266,Olivia Walker,customer1266@mail.com,+1-444-851-6417,New York,USA,43048.04,384,7849275572
CUST001267,Michael Walker,customer1267@mail.com,+1-444-389-6357,New York,USA,22840.66,515,3806213487
CUST001268,Sarah Taylor,customer1268@mail.com,+1-444-426-2079,Phoenix,USA,6339.19,335,8502387397
CUST001269,David Clark,customer1269@mail.com,+1-444-664-8884,Chicago,USA,21241.89,372,6881870321
CUST001270,James Walker,customer1270@mail.com,+1-444-742-7708,Chicago,USA,47611.75,579,4078030086
CUST001271,John Smith,customer1271@mail.com,+1-444-819-1741,Chicago,USA,37263.97,347,2556767431
CUST001272,Daniel Clark,customer1272@mail.com,+1-444-936-7641,Phoenix,USA,1087.9,482,5268264160
CUST001273,Daniel Clark,customer1273@mail.com,+1-444-760-7669,New York,USA,12388.34,473,3072360461
CUST001274,Olivia Davis,customer1274@mail.com,+1-444-564-3479,Chicago,USA,47290.46,578,1680107700
CUST001275,Ava Hall,customer1275@mail.com,+1-444-893-8495,Chicago,USA,49496.55,465,8458301172
CUST001276,Ava Taylor,customer1276@mail.com,+1-444-814-7222,Dallas,USA,9680.81,439,6725691249
CUST001277,Emma Clark,customer1277@mail.com,+1-444-129-9251,Chicago,USA,37799.43,664,7203362099
CUST001278,Michael Clark,customer1278@mail.com,+1-444-569-9609,Chicago,USA,38581.79,412,8405701473
CUST001279,David Hall,customer1279@mail.com,+1-444-846-6904,Dallas,USA,27711.67,435,9949332415
CUST001280,James Davis,customer1280@mail.com,+1-444-995-4696,New York,USA,38925.0,304,3831306077
CUST001281,Sophia Smith,customer1281@mail.com,+1-444-869-6786,Dallas,USA,9879.87,832,3210439361
CUST001282,David Taylor,customer1282@mail.com,+1-444-190-2738,Phoenix,USA,4868.09,787,6564108432
CUST001283,David Walker,customer1283@mail.com,+1-444-624-3373,Dallas,USA,34560.45,806,7630172611
CUST001284,James Lewis,customer1284@mail.com,+1-444-857-5337,New York,USA,32537.97,493,8334113253
CUST001285,James Johnson,customer1285@mail.com,+1-444-253-9204,Chicago,USA,28544.6,321,4483408116
CUST001286,James Hall,customer1286@mail.com,+1-444-296-4267,Phoenix,USA,41883.48,449,9612209727
CUST001287,Michael Davis,customer1287@mail.com,+1-444-486-5161,Phoenix,USA,29020.76,725,7318973717
CUST001288,Emma Smith,customer1288@mail.com,+1-444-450-7344,Dallas,USA,4943.39,583,4737596622
CUST001289,Michael Brown,customer1289@mail.com,+1-444-346-8338,Dallas,USA,40972.2,499,6827430470
CUST001290,James Walker,customer1290@mail.com,+1-444-917-2262,New York,USA,35902.45,699,1956148702
CUST001291,Emma Wilson,customer1291@mail.com,+1-444-375-4744,Phoenix,USA,48554.04,655,4555653413
CUST001292,Michael Taylor,customer1292@mail.com,+1-444-312-9769,Phoenix,USA,13226.61,809,7607529076
CUST001293,Emma Davis,customer1293@mail.com,+1-444-607-4293,New York,USA,40058.89,641,6848859971
CUST001294,Michael Wilson,customer1294@mail.com,+1-444-611-3584,Dallas,USA,38558.91,754,5604473339
CUST001295,Michael Hall,customer1295@mail.com,+1-444-533-2411,Chicago,USA,23634.18,608,5719723260
CUST001296,Daniel Walker,customer1296@mail.com,+1-444-157-9686,Phoenix,USA,48468.82,703,3781969939
CUST001297,Ava Walker,customer1297@mail.com,+1-444-528-6878,Dallas,USA,34479.13,331,8879248113
CUST001298,James Walker,customer1298@mail.com,+1-444-751-6287,Dallas,USA,45686.71,320,5498465811
CUST001299,James Walker,customer1299@mail.com,+1-444-960-1139,Dallas,USA,27290.19,534,3981350047
CUST001300,John Smith,customer1300@mail.com,+1-444-644-1389,Chicago,USA,25386.5,748,7706354692
CUST001301,John Johnson,customer1301@mail.com,+1-444-156-5121,New York,USA,38561.45,309,3870786744
CUST001302,Michael Brown,customer1302@mail.com,+1-444-695-7269,Chicago,USA,5362.32,627,6276533505
CUST001303,John Lewis,customer1303@mail.com,+1-444-472-5116,New York,USA,27118.3,427,2341886771
CUST001304,Ava Walker,customer1304@mail.com,+1-444-386-4127,Phoenix,USA,4632.61,819,3746355404
CUST001305,Olivia Brown,customer1305@mail.com,+1-444-426-5856,New York,USA,6463.2,783,7141176113
CUST001306,Daniel Johnson,customer1306@mail.com,+1-444-268-2927,Dallas,USA,46279.77,771,8301509778
CUST001307,Olivia Davis,customer1307@mail.com,+1-444-499-1272,Phoenix,USA,3609.17,590,5133521605
CUST001308,James Davis,customer1308@mail.com,+1-444-704-7862,New York,USA,13395.19,615,3301089471
CUST001309,Emma Clark,customer1309@mail.com,+1-444-758-8587,Chicago,USA,12327.14,339,6713006664
CUST001310,Emma Brown,customer1310@mail.com,+1-444-825-5069,New York,USA,9411.19,492,2571977751
CUST001311,Michael Clark,customer1311@mail.com,+1-444-250-3243,New York,USA,13017.38,374,8700981557
CUST001312,Olivia Davis,customer1312@mail.com,+1-444-577-9116,New York,USA,31671.89,818,9432478936
CUST001313,John Walker,customer1313@mail.com,+1-444-852-6114,New York,USA,39349.76,802,6842902523
CUST001314,Daniel Brown,customer1314@mail.com,+1-444-601-5663,Chicago,USA,33372.61,594,8935754914
CUST001315,Ava Davis,customer1315@mail.com,+1-444-482-8176,Phoenix,USA,45759.21,369,3214961147
CUST001316,Daniel Walker,customer1316@mail.com,+1-444-287-5710,Chicago,USA,16527.79,424,6755464741
CUST001317,Ava Lewis,customer1317@mail.com,+1-444-677-3403,Phoenix,USA,8444.13,777,2847831276
CUST001318,Sophia Hall,customer1318@mail.com,+1-444-885-1230,Phoenix,USA,40228.25,606,8568277685
CUST001319,Sarah Walker,customer1319@mail.com,+1-444-318-2287,Chicago,USA,32129.89,792,1688257132
CUST001320,David Hall,customer1320@mail.com,+1-444-507-6278,New York,USA,5129.13,560,2853714420
CUST001321,James Taylor,customer1321@mail.com,+1-444-215-4871,Chicago,USA,1871.37,696,8966204258
CUST001322,Emma Wilson,customer1322@mail.com,+1-444-964-4352,Phoenix,USA,9077.51,738,1879133201
CUST001323,Emma Hall,customer1323@mail.com,+1-444-880-7951,New York,USA,33485.55,501,4424904166
CUST001324,Michael Wilson,customer1324@mail.com,+1-444-508-4624,Phoenix,USA,11410.17,836,9467468679
CUST001325,John Hall,customer1325@mail.com,+1-444-222-6318,Chicago,USA,494.08,485,5053022045
CUST001326,James Lewis,customer1326@mail.com,+1-444-223-3351,Chicago,USA,29248.27,787,3322363317
CUST001327,Olivia Brown,customer1327@mail.com,+1-444-117-7465,New York,USA,2890.82,639,1062663145
CUST001328,Sophia Walker,customer1328@mail.com,+1-444-951-9274,Phoenix,USA,5446.18,601,3817128317
CUST001329,David Smith,customer1329@mail.com,+1-444-889-4664,Phoenix,USA,42171.89,444,4568277850
CUST001330,Michael Walker,customer1330@mail.com,+1-444-447-5215,Dallas,USA,8140.95,574,3785109574
CUST001331,Ava Walker,customer1331@mail.com,+1-444-467-4139,Chicago,USA,4517.32,631,4917731334
CUST001332,Michael Hall,customer1332@mail.com,+1-444-120-4274,Chicago,USA,27406.17,734,2047743838
CUST001333,Daniel Wilson,customer1333@mail.com,+1-444-774-2059,Chicago,USA,22982.84,695,5610842737
CUST001334,John Smith,customer1334@mail.com,+1-444-753-3416,Dallas,USA,18204.22,821,3780233833
CUST001335,David Davis,customer1335@mail.com,+1-444-491-2668,Phoenix,USA,31905.05,394,4704200479
CUST001336,Sarah Wilson,customer1336@mail.com,+1-444-646-4000,Chicago,USA,9907.17,482,7127304012
CUST001337,Daniel Taylor,customer1337@mail.com,+1-444-430-8859,Dallas,USA,13462.78,649,3795109724
CUST001338,Sophia Johnson,customer1338@mail.com,+1-444-931-2881,Chicago,USA,18888.47,401,2073147690
CUST001339,Michael Davis,customer1339@mail.com,+1-444-932-4536,New York,USA,26744.8,371,1401158401
CUST001340,David Lewis,customer1340@mail.com,+1-444-658-2595,Chicago,USA,17693.61,518,8209515448
CUST001341,Sarah Wilson,customer1341@mail.com,+1-444-280-6093,Phoenix,USA,46536.54,612,6167540609
CUST001342,Michael Brown,customer1342@mail.com,+1-444-559-7869,Chicago,USA,11646.66,564,3691650997
CUST001343,David Walker,customer1343@mail.com,+1-444-656-5794,Phoenix,USA,653.34,365,4245316520
CUST001344,Daniel Brown,customer1344@mail.com,+1-444-442-5588,Phoenix,USA,20902.92,731,4206606212
CUST001345,Ava Johnson,customer1345@mail.com,+1-444-769-6920,Phoenix,USA,16440.36,635,6078888802
CUST001346,Olivia Clark,customer1346@mail.com,+1-444-410-6676,Chicago,USA,26.73,509,4182196883
CUST001347,Daniel Hall,customer1347@mail.com,+1-444-286-2366,Chicago,USA,22768.79,681,4457670860
CUST001348,Daniel Hall,customer1348@mail.com,+1-444-202-4398,Phoenix,USA,270.98,657,8843739398
CUST001349,James Smith,customer1349@mail.com,+1-444-466-5172,Dallas,USA,26535.38,660,8866553554
CUST001350,Sarah Hall,customer1350@mail.com,+1-444-233-8343,Phoenix,USA,24769.62,365,1818309330
CUST001351,David Walker,customer1351@mail.com,+1-444-958-9994,New York,USA,45500.46,634,7766221770
CUST001352,Michael Clark,customer1352@mail.com,+1-444-766-3666,Chicago,USA,36499.89,687,2787312208
CUST001353,Emma Wilson,customer1353@mail.com,+1-444-460-8066,Phoenix,USA,22039.55,386,7923526466
CUST001354,Ava Davis,customer1354@mail.com,+1-444-486-2807,Chicago,USA,48868.95,557,9656004869
CUST001355,Daniel Johnson,customer1355@mail.com,+1-444-599-4108,Phoenix,USA,28263.73,654,1012676281
CUST001356,Ava Clark,customer1356@mail.com,+1-444-567-5295,Phoenix,USA,10695.21,768,9184171806
CUST001357,Emma Clark,customer1357@mail.com,+1-444-762-2368,Phoenix,USA,47319.47,328,2189535419
CUST001358,James Davis,customer1358@mail.com,+1-444-750-4825,Chicago,USA,29310.1,460,5883515994
CUST001359,James Smith,customer1359@mail.com,+1-444-105-5290,Phoenix,USA,37679.44,806,6463535982
CUST001360,Daniel Davis,customer1360@mail.com,+1-444-813-7922,Chicago,USA,13000.29,719,9041011052
CUST001361,James Wilson,customer1361@mail.com,+1-444-569-5350,Phoenix,USA,33442.81,620,8339701821
CUST001362,James Lewis,customer1362@mail.com,+1-444-632-2208,New York,USA,5970.6,523,6926839455
CUST001363,Sophia Johnson,customer1363@mail.com,+1-444-451-2584,Dallas,USA,39871.31,610,9545777679
CUST001364,Olivia Brown,customer1364@mail.com,+1-444-940-1766,Chicago,USA,16153.84,827,4042797620
CUST001365,Emma Clark,customer1365@mail.com,+1-444-568-8998,Chicago,USA,42380.12,565,1718894266
CUST001366,Michael Davis,customer1366@mail.com,+1-444-743-5781,New York,USA,35436.21,711,4816320279
CUST001367,Ava Johnson,customer1367@mail.com,+1-444-864-3261,Dallas,USA,27602.52,410,1034780847
CUST001368,James Hall,customer1368@mail.com,+1-444-249-9856,Chicago,USA,26077.5,567,7042540801
CUST001369,Daniel Smith,customer1369@mail.com,+1-444-201-4141,Phoenix,USA,20818.75,439,8370482653
CUST001370,Emma Walker,customer1370@mail.com,+1-444-256-8455,New York,USA,19339.2,324,5717193060
CUST001371,Sophia Davis,customer1371@mail.com,+1-444-870-9057,New York,USA,32072.34,569,9180496901
CUST001372,John Johnson,customer1372@mail.com,+1-444-534-3159,Dallas,USA,25893.92,453,2813062093
CUST001373,Emma Brown,customer1373@mail.com,+1-444-224-4272,Chicago,USA,28029.29,412,6595387794
CUST001374,Ava Davis,customer1374@mail.com,+1-444-596-2049,Chicago,USA,31792.27,734,9306630542
CUST001375,Daniel Brown,customer1375@mail.com,+1-444-169-5498,New York,USA,33013.38,697,8905983821
CUST001376,David Clark,customer1376@mail.com,+1-444-669-7227,Dallas,USA,10887.52,715,2033736052
CUST001377,Sophia Clark,customer1377@mail.com,+1-444-355-4208,Chicago,USA,46694.72,410,3129539920
CUST001378,James Lewis,customer1378@mail.com,+1-444-203-3713,New York,USA,19577.23,635,2402393745
CUST001379,David Lewis,customer1379@mail.com,+1-444-462-7605,Chicago,USA,31379.94,400,2411559160
CUST001380,Olivia Hall,customer1380@mail.com,+1-444-275-4650,Chicago,USA,17233.79,840,4673323052
CUST001381,Michael Hall,customer1381@mail.com,+1-444-137-3895,Phoenix,USA,2802.06,350,1069464611
CUST001382,Sarah Walker,customer1382@mail.com,+1-444-501-2238,Phoenix,USA,39144.39,603,8518903540
CUST001383,Sophia Clark,customer1383@mail.com,+1-444-368-8312,New York,USA,15736.33,637,3911887187
CUST001384,Daniel Johnson,customer1384@mail.com,+1-444-302-8364,Dallas,USA,41730.92,502,5370912856
CUST001385,Ava Brown,customer1385@mail.com,+1-444-981-4586,New York,USA,23459.74,813,2335589092
CUST001386,Daniel Brown,customer1386@mail.com,+1-444-689-3361,New York,USA,37450.94,481,1619594911
CUST001387,Olivia Davis,customer1387@mail.com,+1-444-904-8549,New York,USA,39865.53,486,5707001868
CUST001388,John Walker,customer1388@mail.com,+1-444-687-6220,Chicago,USA,47771.35,817,3777352268
CUST001389,James Hall,customer1389@mail.com,+1-444-269-5804,New York,USA,22151.98,712,6633706918
CUST001390,John Lewis,customer1390@mail.com,+1-444-636-5264,Dallas,USA,28231.38,376,3210898771
CUST001391,John Wilson,customer1391@mail.com,+1-444-241-1544,Dallas,USA,20660.01,645,7853074720
CUST001392,Ava Brown,customer1392@mail.com,+1-444-595-5535,Chicago,USA,10696.72,734,7850138598
CUST001393,James Johnson,customer1393@mail.com,+1-444-847-9314,Dallas,USA,18529.08,358,2311890578
CUST001394,James Johnson,customer1394@mail.com,+1-444-306-1424,Dallas,USA,15821.3,667,5715627779
CUST001395,Sarah Smith,customer1395@mail.com,+1-444-126-3820,Phoenix,USA,19878.22,494,9133185940
CUST001396,Daniel Walker,customer1396@mail.com,+1-444-673-8035,Chicago,USA,3844.01,741,1443653177
CUST001397,Sophia Wilson,customer1397@mail.com,+1-444-263-9408,Phoenix,USA,23306.97,523,2515055929
CUST001398,Daniel Clark,customer1398@mail.com,+1-444-432-6180,Chicago,USA,46986.56,306,4304837623
CUST001399,David Lewis,customer1399@mail.com,+1-444-614-3316,New York,USA,12721.01,325,7820696719
CUST001400,Olivia Wilson,customer1400@mail.com,+1-444-765-1604,New York,USA,16980.08,810,2483062827
CUST001401,John Lewis,customer1401@mail.com,+1-444-568-4276,Phoenix,USA,24812.81,634,6766363870
CUST001402,Daniel Smith,customer1402@mail.com,+1-444-144-3127,Dallas,USA,37002.98,406,4234990150
CUST001403,John Smith,customer1403@mail.com,+1-444-506-1341,Dallas,USA,16544.5,659,1511733827
CUST001404,Sophia Johnson,customer1404@mail.com,+1-444-163-5672,New York,USA,48470.23,703,5506197632
CUST001405,Daniel Clark,customer1405@mail.com,+1-444-630-3541,Dallas,USA,24701.13,841,9011479839
CUST001406,Daniel Lewis,customer1406@mail.com,+1-444-994-1096,Chicago,USA,1688.23,768,1643996124
CUST001407,David Brown,customer1407@mail.com,+1-444-716-7319,Phoenix,USA,22026.87,544,2069603646
CUST001408,Michael Walker,customer1408@mail.com,+1-444-303-4820,Chicago,USA,7253.62,788,3220434456
CUST001409,Sarah Davis,customer1409@mail.com,+1-444-208-7651,Phoenix,USA,27828.48,365,3934245872
CUST001410,Daniel Clark,customer1410@mail.com,+1-444-188-7197,Chicago,USA,5188.97,497,2827093410
CUST001411,Ava Walker,customer1411@mail.com,+1-444-149-4152,Chicago,USA,44970.11,676,7120088516
CUST001412,Ava Smith,customer1412@mail.com,+1-444-899-7924,Dallas,USA,29117.33,600,2717127339
CUST001413,Emma Lewis,customer1413@mail.com,+1-444-820-4915,Dallas,USA,11127.25,410,5563047450
CUST001414,Ava Walker,customer1414@mail.com,+1-444-382-4153,Phoenix,USA,12493.62,437,2058040988
CUST001415,John Brown,customer1415@mail.com,+1-444-349-6255,Dallas,USA,20207.2,520,2583495300
CUST001416,David Brown,customer1416@mail.com,+1-444-203-3526,Dallas,USA,33434.99,633,3729084114
CUST001417,Sarah Johnson,customer1417@mail.com,+1-444-858-7471,Dallas,USA,11076.49,436,8387560327
CUST001418,David Taylor,customer1418@mail.com,+1-444-251-8602,Dallas,USA,17438.26,829,1754803453
CUST001419,Michael Hall,customer1419@mail.com,+1-444-616-4790,Phoenix,USA,4109.38,397,5920850973
CUST001420,David Wilson,customer1420@mail.com,+1-444-618-7942,Chicago,USA,44878.34,386,4067707430
CUST001421,Emma Davis,customer1421@mail.com,+1-444-917-7563,Chicago,USA,19718.35,572,3809042714
CUST001422,Emma Clark,customer1422@mail.com,+1-444-433-3035,Chicago,USA,28930.6,839,4215587412
CUST001423,Ava Johnson,customer1423@mail.com,+1-444-925-2975,New York,USA,36332.34,794,9346302238
CUST001424,James Wilson,customer1424@mail.com,+1-444-767-1665,New York,USA,36210.82,516,6480538591
CUST001425,Ava Davis,customer1425@mail.com,+1-444-279-1573,Chicago,USA,4889.95,773,7304192660
CUST001426,Sophia Lewis,customer1426@mail.com,+1-444-929-6074,Chicago,USA,43064.93,786,4777706331
CUST001427,Ava Lewis,customer1427@mail.com,+1-444-840-2677,New York,USA,8029.35,707,6003061543
CUST001428,Sarah Hall,customer1428@mail.com,+1-444-455-3535,Phoenix,USA,28512.9,716,1916741743
CUST001429,Sarah Wilson,customer1429@mail.com,+1-444-287-6024,Chicago,USA,27536.5,413,8537979836
CUST001430,John Walker,customer1430@mail.com,+1-444-176-6437,Phoenix,USA,37418.01,554,2730334106
CUST001431,Sarah Hall,customer1431@mail.com,+1-444-983-3394,New York,USA,11970.46,428,9543797254
CUST001432,James Walker,customer1432@mail.com,+1-444-199-2454,New York,USA,43924.45,453,4139296073
CUST001433,Olivia Lewis,customer1433@mail.com,+1-444-715-7053,New York,USA,7304.09,404,7356486374
CUST001434,Sophia Brown,customer1434@mail.com,+1-444-259-5152,New York,USA,40572.15,633,4898786361
CUST001435,John Lewis,customer1435@mail.com,+1-444-375-3557,Dallas,USA,18980.05,558,4356272120
CUST001436,Emma Hall,customer1436@mail.com,+1-444-789-6868,Chicago,USA,14883.44,469,5236826414
CUST001437,James Davis,customer1437@mail.com,+1-444-838-9980,Chicago,USA,8708.73,760,6820775654
CUST001438,James Clark,customer1438@mail.com,+1-444-824-2382,Chicago,USA,37362.49,695,8485148308
CUST001439,Ava Smith,customer1439@mail.com,+1-444-866-7323,Dallas,USA,17449.49,340,1122752085
CUST001440,Ava Johnson,customer1440@mail.com,+1-444-905-5583,Chicago,USA,30625.91,821,5929243511
CUST001441,David Smith,customer1441@mail.com,+1-444-170-9860,Phoenix,USA,45099.85,321,3861213860
CUST001442,John Brown,customer1442@mail.com,+1-444-995-2391,Dallas,USA,14763.52,593,6903218090
CUST001443,Sophia Hall,customer1443@mail.com,+1-444-321-7077,Phoenix,USA,33431.72,658,9520098491
CUST001444,Ava Johnson,customer1444@mail.com,+1-444-333-9101,Phoenix,USA,39666.05,797,3062928200
CUST001445,Ava Clark,customer1445@mail.com,+1-444-345-7216,Phoenix,USA,46146.15,518,5160566318
CUST001446,Michael Davis,customer1446@mail.com,+1-444-831-1271,Phoenix,USA,305.2,654,9708589278
CUST001447,Ava Davis,customer1447@mail.com,+1-444-409-3182,New York,USA,41478.48,684,8122347356
CUST001448,Emma Clark,customer1448@mail.com,+1-444-896-9601,Chicago,USA,42735.18,315,5675535126
CUST001449,Daniel Hall,customer1449@mail.com,+1-444-217-9732,Phoenix,USA,47011.03,699,7616242528
CUST001450,James Walker,customer1450@mail.com,+1-444-470-5324,New York,USA,26858.92,632,4585995805
CUST001451,David Walker,customer1451@mail.com,+1-444-669-9059,Chicago,USA,49925.63,458,5807594387
CUST001452,Daniel Taylor,customer1452@mail.com,+1-444-816-6328,Chicago,USA,25416.91,776,8979457100
CUST001453,Ava Walker,customer1453@mail.com,+1-444-612-4236,New York,USA,2079.56,791,4141349897
CUST001454,Emma Brown,customer1454@mail.com,+1-444-821-7918,Chicago,USA,46421.08,734,6640443931
CUST001455,Emma Walker,customer1455@mail.com,+1-444-339-3686,Phoenix,USA,9839.76,680,1412164298
CUST001456,Michael Clark,customer1456@mail.com,+1-444-966-7712,Phoenix,USA,33223.68,723,8560521916
CUST001457,Ava Brown,customer1457@mail.com,+1-444-101-5180,Phoenix,USA,44675.12,522,3456065813
CUST001458,Michael Hall,customer1458@mail.com,+1-444-326-9527,Chicago,USA,30135.73,597,4299437820
CUST001459,Ava Lewis,customer1459@mail.com,+1-444-734-7394,Dallas,USA,22464.72,359,2917264567
CUST001460,Ava Smith,customer1460@mail.com,+1-444-432-5446,Chicago,USA,35701.34,594,8783125784
CUST001461,James Wilson,customer1461@mail.com,+1-444-721-6734,Phoenix,USA,30135.59,347,5960191792
CUST001462,John Brown,customer1462@mail.com,+1-444-853-9995,Dallas,USA,10059.49,384,8187587593
CUST001463,Sarah Wilson,customer1463@mail.com,+1-444-701-3123,Phoenix,USA,10953.46,532,6406271242
CUST001464,Sarah Johnson,customer1464@mail.com,+1-444-457-9300,Phoenix,USA,44312.26,750,3362147339
CUST001465,Sarah Smith,customer1465@mail.com,+1-444-765-9981,New York,USA,6574.54,394,2993907887
CUST001466,Ava Hall,customer1466@mail.com,+1-444-611-1328,Chicago,USA,4174.07,503,8109141262
CUST001467,Daniel Walker,customer1467@mail.com,+1-444-113-8980,Dallas,USA,38480.62,448,2489428640
CUST001468,David Lewis,customer1468@mail.com,+1-444-404-2654,Dallas,USA,23569.88,850,4808729133
CUST001469,Sophia Smith,customer1469@mail.com,+1-444-529-1628,Phoenix,USA,38272.62,561,4850439901
CUST001470,Daniel Taylor,customer1470@mail.com,+1-444-635-5175,Chicago,USA,17959.16,458,4786656781
CUST001471,Sophia Hall,customer1471@mail.com,+1-444-892-7267,New York,USA,14677.43,810,5588680058
CUST001472,Sophia Johnson,customer1472@mail.com,+1-444-460-3454,New York,USA,41588.27,506,7426868620
CUST001473,John Davis,customer1473@mail.com,+1-444-594-8526,Phoenix,USA,5017.64,526,3027299930
CUST001474,James Taylor,customer1474@mail.com,+1-444-433-8950,Chicago,USA,41126.56,701,7279359630
CUST001475,John Clark,customer1475@mail.com,+1-444-830-1014,Phoenix,USA,15679.44,717,9097208451
CUST001476,John Lewis,customer1476@mail.com,+1-444-473-7866,Chicago,USA,21906.07,643,9063473219
CUST001477,James Smith,customer1477@mail.com,+1-444-727-8580,Phoenix,USA,22969.77,460,4103301992
CUST001478,Emma Brown,customer1478@mail.com,+1-444-941-8947,Phoenix,USA,41736.59,845,3152393335
CUST001479,John Smith,customer1479@mail.com,+1-444-532-1142,Chicago,USA,36208.87,528,8636535909
CUST001480,Sarah Wilson,customer1480@mail.com,+1-444-754-7942,New York,USA,24137.88,742,1760900445
CUST001481,Sarah Taylor,customer1481@mail.com,+1-444-402-9315,Phoenix,USA,46451.6,303,5139450449
CUST001482,Daniel Taylor,customer1482@mail.com,+1-444-189-1100,Phoenix,USA,10875.39,367,2109518629
CUST001483,Emma Hall,customer1483@mail.com,+1-444-244-6137,Dallas,USA,17172.07,694,3378261562
CUST001484,David Johnson,customer1484@mail.com,+1-444-570-6035,Chicago,USA,1135.26,328,6958213277
CUST001485,John Taylor,customer1485@mail.com,+1-444-563-3164,Phoenix,USA,17956.65,734,3100982815
CUST001486,Daniel Lewis,customer1486@mail.com,+1-444-254-4152,Phoenix,USA,23358.18,418,1169643735
CUST001487,David Brown,customer1487@mail.com,+1-444-834-5520,New York,USA,48007.98,461,9158647284
CUST001488,James Walker,customer1488@mail.com,+1-444-537-7296,Chicago,USA,23827.03,754,4675737804
CUST001489,Olivia Wilson,customer1489@mail.com,+1-444-644-7031,New York,USA,34951.61,557,6987390573
CUST001490,Olivia Lewis,customer1490@mail.com,+1-444-398-7323,Chicago,USA,30742.19,803,8395039579
CUST001491,Sophia Walker,customer1491@mail.com,+1-444-896-7036,Chicago,USA,15452.81,543,3352666575
CUST001492,Olivia Taylor,customer1492@mail.com,+1-444-566-2571,Phoenix,USA,40506.84,810,3558453803
CUST001493,Sophia Taylor,customer1493@mail.com,+1-444-372-5826,Dallas,USA,1942.77,377,2163420263
CUST001494,Emma Hall,customer1494@mail.com,+1-444-784-8698,Dallas,USA,40096.49,569,9829726322
CUST001495,James Lewis,customer1495@mail.com,+1-444-823-1085,New York,USA,44645.36,636,5278126554
CUST001496,James Smith,customer1496@mail.com,+1-444-321-4116,New York,USA,34493.03,760,1457525498
CUST001497,David Taylor,customer1497@mail.com,+1-444-843-8319,Dallas,USA,3760.26,713,9965696110
CUST001498,James Lewis,customer1498@mail.com,+1-444-142-8344,Phoenix,USA,43417.25,676,7307499632
CUST001499,Michael Johnson,customer1499@mail.com,+1-444-778-9046,Phoenix,USA,42094.85,537,4008450181
CUST001500,Ava Davis,customer1500@mail.com,+1-444-819-9530,Phoenix,USA,25224.46,546,8094446333
CUST001501,David Taylor,customer1501@mail.com,+1-444-642-3573,Chicago,USA,29139.69,820,2976451158
CUST001502,Olivia Johnson,customer1502@mail.com,+1-444-207-7208,Dallas,USA,40435.6,377,4500609057
CUST001503,Daniel Smith,customer1503@mail.com,+1-444-353-1258,Chicago,USA,3830.91,850,9693796092
CUST001504,David Wilson,customer1504@mail.com,+1-444-485-2162,New York,USA,42248.92,776,5709538495
CUST001505,Olivia Brown,customer1505@mail.com,+1-444-118-9771,Dallas,USA,19010.61,327,2415820520
CUST001506,Sarah Brown,customer1506@mail.com,+1-444-564-3818,New York,USA,45142.18,616,7645375552
CUST001507,Sophia Lewis,customer1507@mail.com,+1-444-197-8920,Chicago,USA,43252.47,552,5987545821
CUST001508,James Johnson,customer1508@mail.com,+1-444-413-7390,Chicago,USA,49758.68,629,2407730704
CUST001509,Daniel Hall,customer1509@mail.com,+1-444-117-8041,Dallas,USA,22958.38,654,6901363618
CUST001510,Michael Wilson,customer1510@mail.com,+1-444-128-3867,Chicago,USA,43109.69,339,9369718475
CUST001511,Sophia Smith,customer1511@mail.com,+1-444-760-3315,Dallas,USA,49259.49,513,9479620498
CUST001512,Ava Brown,customer1512@mail.com,+1-444-599-7067,Phoenix,USA,1785.66,670,8078153954
CUST001513,John Smith,customer1513@mail.com,+1-444-217-2096,New York,USA,39038.51,660,2706438163
CUST001514,Michael Wilson,customer1514@mail.com,+1-444-188-2170,New York,USA,47016.72,767,5596609561
CUST001515,Ava Smith,customer1515@mail.com,+1-444-389-7082,Dallas,USA,34952.85,808,2863558120
CUST001516,Ava Brown,customer1516@mail.com,+1-444-928-5957,New York,USA,3757.24,662,6676511763
CUST001517,Ava Clark,customer1517@mail.com,+1-444-803-4273,Phoenix,USA,35662.84,557,5103767387
CUST001518,James Lewis,customer1518@mail.com,+1-444-819-7574,Phoenix,USA,21461.1,686,7139519324
CUST001519,Sophia Wilson,customer1519@mail.com,+1-444-572-5308,Phoenix,USA,47285.74,773,1020970515
CUST001520,Ava Wilson,customer1520@mail.com,+1-444-710-9355,Dallas,USA,46963.51,848,8691316539
CUST001521,John Johnson,customer1521@mail.com,+1-444-668-9447,New York,USA,36171.92,669,3381868277
CUST001522,John Lewis,customer1522@mail.com,+1-444-687-3500,New York,USA,45027.56,813,3798729973
CUST001523,James Brown,customer1523@mail.com,+1-444-305-9732,Phoenix,USA,16096.06,436,5191685509
CUST001524,Ava Brown,customer1524@mail.com,+1-444-686-5945,New York,USA,2283.13,812,4545376932
CUST001525,James Hall,customer1525@mail.com,+1-444-453-1355,Phoenix,USA,27806.58,547,4365902779
CUST001526,Sophia Johnson,customer1526@mail.com,+1-444-449-5400,Dallas,USA,24096.33,579,6625379203
CUST001527,James Walker,customer1527@mail.com,+1-444-589-7583,Phoenix,USA,30095.86,597,8195391463
CUST001528,Michael Clark,customer1528@mail.com,+1-444-225-3273,New York,USA,22003.78,565,2420338711
CUST001529,Michael Wilson,customer1529@mail.com,+1-444-142-4721,Dallas,USA,15798.96,790,6705997564
CUST001530,Sarah Walker,customer1530@mail.com,+1-444-345-1248,Phoenix,USA,744.4,778,3910121752
CUST001531,Emma Davis,customer1531@mail.com,+1-444-262-8034,Dallas,USA,15438.05,749,6265324875
CUST001532,Daniel Taylor,customer1532@mail.com,+1-444-433-1298,Dallas,USA,38189.03,797,9995587996
CUST001533,Sophia Taylor,customer1533@mail.com,+1-444-727-3657,New York,USA,25099.47,747,6303465617
CUST001534,Sarah Clark,customer1534@mail.com,+1-444-366-6254,New York,USA,40664.27,370,9147375311
CUST001535,Ava Lewis,customer1535@mail.com,+1-444-528-1798,New York,USA,37586.0,605,2680481643
CUST001536,Ava Wilson,customer1536@mail.com,+1-444-674-7420,Chicago,USA,31663.2,440,7756879474
CUST001537,Daniel Smith,customer1537@mail.com,+1-444-589-8973,Chicago,USA,33390.03,784,3296024987
CUST001538,John Lewis,customer1538@mail.com,+1-444-491-7139,Dallas,USA,47898.88,725,7590536081
CUST001539,John Clark,customer1539@mail.com,+1-444-717-7926,Dallas,USA,49426.0,449,7922975649
CUST001540,Ava Wilson,customer1540@mail.com,+1-444-899-3249,Chicago,USA,41254.07,313,5342790053
CUST001541,John Lewis,customer1541@mail.com,+1-444-507-7632,New York,USA,5455.55,828,2509755784
CUST001542,Olivia Hall,customer1542@mail.com,+1-444-418-5298,Chicago,USA,7857.23,680,2490401545
CUST001543,Olivia Davis,customer1543@mail.com,+1-444-299-8414,Chicago,USA,23266.07,341,5813252468
CUST001544,Ava Davis,customer1544@mail.com,+1-444-683-7369,Dallas,USA,30419.6,846,8599127054
CUST001545,James Johnson,customer1545@mail.com,+1-444-588-2577,New York,USA,35662.44,725,2991425054
CUST001546,Michael Lewis,customer1546@mail.com,+1-444-695-5252,New York,USA,7881.22,598,6641411214
CUST001547,Sarah Brown,customer1547@mail.com,+1-444-891-8538,Dallas,USA,8625.81,625,7569935027
CUST001548,Olivia Davis,customer1548@mail.com,+1-444-345-9030,New York,USA,38952.47,846,5505139265
CUST001549,John Smith,customer1549@mail.com,+1-444-541-7563,Dallas,USA,13777.37,657,1033105877
CUST001550,David Taylor,customer1550@mail.com,+1-444-172-5725,Phoenix,USA,20264.14,385,8709165063
CUST001551,John Johnson,customer1551@mail.com,+1-444-349-6549,Chicago,USA,34307.7,609,1974297829
CUST001552,John Taylor,customer1552@mail.com,+1-444-198-5334,Chicago,USA,7823.62,395,5327965802
CUST001553,Michael Clark,customer1553@mail.com,+1-444-330-1029,New York,USA,45392.1,517,1097618127
CUST001554,David Lewis,customer1554@mail.com,+1-444-796-4669,Phoenix,USA,12199.58,530,6730815944
CUST001555,John Taylor,customer1555@mail.com,+1-444-912-5416,Phoenix,USA,41303.52,319,3500446842
CUST001556,Michael Taylor,customer1556@mail.com,+1-444-923-7182,Dallas,USA,928.65,514,8691020289
CUST001557,Daniel Clark,customer1557@mail.com,+1-444-205-5298,Phoenix,USA,40207.57,733,9276428204
CUST001558,Ava Wilson,customer1558@mail.com,+1-444-901-6984,Dallas,USA,41442.19,564,2357718849
CUST001559,James Clark,customer1559@mail.com,+1-444-862-4036,Dallas,USA,8261.69,579,8309069883
CUST001560,Ava Wilson,customer1560@mail.com,+1-444-984-9851,Phoenix,USA,47463.32,696,2679597220
CUST001561,John Walker,customer1561@mail.com,+1-444-841-8943,Dallas,USA,11396.63,484,2812472457
CUST001562,Daniel Smith,customer1562@mail.com,+1-444-113-6653,Phoenix,USA,16288.32,776,9564520291
CUST001563,John Brown,customer1563@mail.com,+1-444-635-2725,Phoenix,USA,29627.71,820,3529545454
CUST001564,Olivia Hall,customer1564@mail.com,+1-444-282-4420,Dallas,USA,47653.69,495,4168033105
CUST001565,John Clark,customer1565@mail.com,+1-444-487-1955,New York,USA,9809.42,628,2298575268
CUST001566,David Smith,customer1566@mail.com,+1-444-571-6878,Phoenix,USA,44681.34,699,2409613433
CUST001567,Michael Johnson,customer1567@mail.com,+1-444-145-6616,Chicago,USA,30728.69,745,4351182720
CUST001568,Daniel Davis,customer1568@mail.com,+1-444-114-1999,Dallas,USA,621.56,749,4036834349
CUST001569,David Lewis,customer1569@mail.com,+1-444-790-3520,Dallas,USA,12233.74,820,6898139307
CUST001570,James Johnson,customer1570@mail.com,+1-444-712-1565,Phoenix,USA,19511.24,769,2328288388
CUST001571,Ava Smith,customer1571@mail.com,+1-444-220-5477,Phoenix,USA,27518.05,328,5445114166
CUST001572,James Clark,customer1572@mail.com,+1-444-889-5668,Phoenix,USA,43019.14,655,3218378250
CUST001573,Daniel Lewis,customer1573@mail.com,+1-444-988-7388,Dallas,USA,43378.36,397,3116911833
CUST001574,Sophia Clark,customer1574@mail.com,+1-444-970-4622,Phoenix,USA,32643.04,732,1586900075
CUST001575,Daniel Brown,customer1575@mail.com,+1-444-672-1137,Phoenix,USA,13911.1,673,7260349953
CUST001576,Sophia Davis,customer1576@mail.com,+1-444-500-9661,Chicago,USA,10858.78,493,4955083602
CUST001577,David Johnson,customer1577@mail.com,+1-444-465-4358,Chicago,USA,44388.41,519,4605274817
CUST001578,James Walker,customer1578@mail.com,+1-444-702-7679,Dallas,USA,32391.34,701,6012214893
CUST001579,David Hall,customer1579@mail.com,+1-444-380-2547,New York,USA,1828.61,718,1797058826
CUST001580,Ava Davis,customer1580@mail.com,+1-444-900-9780,New York,USA,47734.34,467,2447454138
CUST001581,Olivia Walker,customer1581@mail.com,+1-444-598-7776,Dallas,USA,40453.4,323,4019422262
CUST001582,Ava Davis,customer1582@mail.com,+1-444-337-6032,Phoenix,USA,7314.65,421,6298824963
CUST001583,Emma Hall,customer1583@mail.com,+1-444-585-8538,New York,USA,2640.24,736,9958253102
CUST001584,Ava Davis,customer1584@mail.com,+1-444-893-5364,Phoenix,USA,2701.96,711,5075038449
CUST001585,David Taylor,customer1585@mail.com,+1-444-186-8024,Dallas,USA,32834.48,422,3207765196
CUST001586,Sophia Smith,customer1586@mail.com,+1-444-286-3015,New York,USA,47846.88,631,4787628833
CUST001587,Olivia Wilson,customer1587@mail.com,+1-444-613-4483,Dallas,USA,9825.07,814,7486914947
CUST001588,Michael Clark,customer1588@mail.com,+1-444-214-1208,New York,USA,48302.76,308,6160715749
CUST001589,Emma Hall,customer1589@mail.com,+1-444-288-6475,New York,USA,30510.6,793,2136268510
CUST001590,Michael Johnson,customer1590@mail.com,+1-444-188-1685,Phoenix,USA,46780.13,361,2836149843
CUST001591,Olivia Lewis,customer1591@mail.com,+1-444-403-4977,New York,USA,28112.18,721,9323644002
CUST001592,Michael Johnson,customer1592@mail.com,+1-444-542-3729,Phoenix,USA,42513.98,405,5229753150
CUST001593,Michael Hall,customer1593@mail.com,+1-444-888-5077,New York,USA,20562.24,438,5454514286
CUST001594,Olivia Wilson,customer1594@mail.com,+1-444-201-6095,Chicago,USA,15321.26,814,3754713817
CUST001595,James Lewis,customer1595@mail.com,+1-444-137-6658,Dallas,USA,20259.05,640,7051380077
CUST001596,John Johnson,customer1596@mail.com,+1-444-853-8403,Chicago,USA,11796.17,776,8698611343
CUST001597,Ava Walker,customer1597@mail.com,+1-444-787-1334,New York,USA,20607.84,614,6034440421
CUST001598,Olivia Davis,customer1598@mail.com,+1-444-878-7111,New York,USA,37304.18,550,4830787504
CUST001599,Ava Wilson,customer1599@mail.com,+1-444-855-6251,Dallas,USA,16207.31,666,3442789617
CUST001600,James Taylor,customer1600@mail.com,+1-444-956-9435,Chicago,USA,42686.48,619,5414504172
CUST001601,David Hall,customer1601@mail.com,+1-444-947-3637,Phoenix,USA,33520.93,313,6029182930
CUST001602,Michael Davis,customer1602@mail.com,+1-444-574-9471,Phoenix,USA,630.67,410,5949375416
CUST001603,Sophia Lewis,customer1603@mail.com,+1-444-239-4909,New York,USA,40495.05,438,6621950012
CUST001604,David Davis,customer1604@mail.com,+1-444-705-7857,Dallas,USA,39246.16,422,5199926042
CUST001605,Michael Wilson,customer1605@mail.com,+1-444-642-2930,Phoenix,USA,12687.16,345,8062555639
CUST001606,Michael Wilson,customer1606@mail.com,+1-444-289-7569,New York,USA,27385.0,597,8834635181
CUST001607,Michael Clark,customer1607@mail.com,+1-444-827-3599,Phoenix,USA,19616.33,597,5973774076
CUST001608,James Walker,customer1608@mail.com,+1-444-440-2997,Phoenix,USA,45619.31,408,1343302211
CUST001609,David Davis,customer1609@mail.com,+1-444-537-6734,Phoenix,USA,23073.19,410,8069976339
CUST001610,David Smith,customer1610@mail.com,+1-444-451-1946,Dallas,USA,33628.07,649,6693678471
CUST001611,John Lewis,customer1611@mail.com,+1-444-596-8608,Chicago,USA,2379.03,496,5023481393
CUST001612,Olivia Smith,customer1612@mail.com,+1-444-237-1954,Chicago,USA,24940.5,614,6350350914
CUST001613,Sarah Lewis,customer1613@mail.com,+1-444-518-8156,Dallas,USA,20277.82,639,1027212643
CUST001614,Ava Lewis,customer1614@mail.com,+1-444-348-3514,New York,USA,17827.71,712,6630148263
CUST001615,James Walker,customer1615@mail.com,+1-444-180-7775,New York,USA,26285.86,614,1736120670
CUST001616,Michael Davis,customer1616@mail.com,+1-444-133-7247,Dallas,USA,48613.69,756,4863393105
CUST001617,David Smith,customer1617@mail.com,+1-444-231-2514,Dallas,USA,47790.57,838,6791292107
CUST001618,Sarah Davis,customer1618@mail.com,+1-444-730-8151,Phoenix,USA,1541.84,668,7772410365
CUST001619,Daniel Wilson,customer1619@mail.com,+1-444-864-1827,Dallas,USA,19590.91,665,9724983965
CUST001620,Emma Lewis,customer1620@mail.com,+1-444-499-7233,Chicago,USA,40097.14,577,5838323309
CUST001621,John Davis,customer1621@mail.com,+1-444-518-5264,Dallas,USA,18887.49,826,2331147833
CUST001622,James Johnson,customer1622@mail.com,+1-444-178-8048,New York,USA,9225.94,421,6730366619
CUST001623,Olivia Smith,customer1623@mail.com,+1-444-321-5370,Phoenix,USA,43287.38,760,2318784481
CUST001624,Michael Hall,customer1624@mail.com,+1-444-924-5332,Dallas,USA,23187.45,510,2036732786
CUST001625,Michael Brown,customer1625@mail.com,+1-444-464-4434,Phoenix,USA,12122.4,481,2976684766
CUST001626,Sophia Wilson,customer1626@mail.com,+1-444-274-3904,Chicago,USA,18189.55,303,6056252781
CUST001627,David Davis,customer1627@mail.com,+1-444-206-8680,Phoenix,USA,21081.91,539,4368151817
CUST001628,Michael Brown,customer1628@mail.com,+1-444-339-9230,New York,USA,42828.29,575,2048542167
CUST001629,Emma Hall,customer1629@mail.com,+1-444-938-2138,Dallas,USA,17473.44,336,7890205241
CUST001630,Emma Walker,customer1630@mail.com,+1-444-281-5669,Dallas,USA,32416.17,737,5508789267
CUST001631,Sophia Taylor,customer1631@mail.com,+1-444-272-4556,New York,USA,47556.95,346,8206392846
CUST001632,Sarah Davis,customer1632@mail.com,+1-444-784-9370,New York,USA,1497.54,577,7865514612
CUST001633,Sarah Wilson,customer1633@mail.com,+1-444-135-3768,Chicago,USA,3251.79,773,5876015560
CUST001634,Ava Brown,customer1634@mail.com,+1-444-899-4041,Chicago,USA,31622.92,511,9295895004
CUST001635,Olivia Clark,customer1635@mail.com,+1-444-530-5935,Chicago,USA,9910.82,362,9363661546
CUST001636,Sarah Taylor,customer1636@mail.com,+1-444-109-2862,New York,USA,43524.68,562,3435057417
CUST001637,David Smith,customer1637@mail.com,+1-444-803-9959,Dallas,USA,29334.56,791,3806883644
CUST001638,Daniel Wilson,customer1638@mail.com,+1-444-366-8939,Phoenix,USA,41268.82,405,7814291314
CUST001639,John Brown,customer1639@mail.com,+1-444-707-5922,New York,USA,34562.52,431,3996296746
CUST001640,Sarah Brown,customer1640@mail.com,+1-444-890-2214,New York,USA,20595.81,321,9996765053
CUST001641,Ava Brown,customer1641@mail.com,+1-444-124-7870,Phoenix,USA,5940.89,460,4458964747
CUST001642,Michael Hall,customer1642@mail.com,+1-444-515-3652,New York,USA,21316.13,552,9126340189
CUST001643,David Hall,customer1643@mail.com,+1-444-363-4005,Dallas,USA,6457.4,557,9064244664
CUST001644,Sophia Clark,customer1644@mail.com,+1-444-165-4709,New York,USA,22255.1,569,8512849951
CUST001645,Sarah Clark,customer1645@mail.com,+1-444-976-4572,Phoenix,USA,20986.86,677,6841016014
CUST001646,Daniel Hall,customer1646@mail.com,+1-444-470-8942,Dallas,USA,18409.07,596,9990960796
CUST001647,James Clark,customer1647@mail.com,+1-444-299-3794,Chicago,USA,5263.15,353,8901962893
CUST001648,Sarah Smith,customer1648@mail.com,+1-444-933-5273,Dallas,USA,25759.23,320,8631215742
CUST001649,Sophia Taylor,customer1649@mail.com,+1-444-852-1044,Phoenix,USA,44179.75,779,8066045954
CUST001650,Sophia Davis,customer1650@mail.com,+1-444-215-7492,Chicago,USA,27932.65,639,3124535563
CUST001651,David Johnson,customer1651@mail.com,+1-444-465-5881,Dallas,USA,14323.38,595,3838127229
CUST001652,Ava Johnson,customer1652@mail.com,+1-444-266-9391,Phoenix,USA,15777.43,648,2683884827
CUST001653,Ava Walker,customer1653@mail.com,+1-444-526-3306,Phoenix,USA,46308.73,554,1679655494
CUST001654,Emma Johnson,customer1654@mail.com,+1-444-344-7638,Phoenix,USA,9414.17,812,6901645879
CUST001655,David Walker,customer1655@mail.com,+1-444-634-8645,Chicago,USA,21048.95,741,7962281001
CUST001656,Sophia Lewis,customer1656@mail.com,+1-444-848-2580,New York,USA,3934.55,611,6478018022
CUST001657,Sarah Smith,customer1657@mail.com,+1-444-277-9198,Chicago,USA,32182.09,661,2147074132
CUST001658,Daniel Walker,customer1658@mail.com,+1-444-252-3717,Dallas,USA,41537.17,358,1016204522
CUST001659,Daniel Davis,customer1659@mail.com,+1-444-764-1485,Chicago,USA,31106.78,458,3157866769
CUST001660,Sarah Davis,customer1660@mail.com,+1-444-866-7835,Phoenix,USA,39306.64,498,1203269158
CUST001661,David Wilson,customer1661@mail.com,+1-444-190-6669,Phoenix,USA,20398.05,502,5236404136
CUST001662,Olivia Smith,customer1662@mail.com,+1-444-800-3866,New York,USA,12766.01,516,2449022250
CUST001663,Olivia Walker,customer1663@mail.com,+1-444-829-2619,Chicago,USA,32540.67,766,7767689251
CUST001664,Sophia Johnson,customer1664@mail.com,+1-444-651-8131,Chicago,USA,8207.29,342,5102680670
CUST001665,Emma Wilson,customer1665@mail.com,+1-444-622-9359,Chicago,USA,7511.6,762,2410691820
CUST001666,Ava Johnson,customer1666@mail.com,+1-444-301-3319,New York,USA,6744.94,390,9351164473
CUST001667,Olivia Smith,customer1667@mail.com,+1-444-660-2392,Dallas,USA,10873.29,777,2041262793
CUST001668,Daniel Wilson,customer1668@mail.com,+1-444-614-2068,New York,USA,3458.42,654,1784637222
CUST001669,James Clark,customer1669@mail.com,+1-444-287-7455,Dallas,USA,10357.74,821,9441011611
CUST001670,Michael Walker,customer1670@mail.com,+1-444-648-2270,New York,USA,48239.74,598,4300324926
CUST001671,Michael Johnson,customer1671@mail.com,+1-444-827-4827,New York,USA,13083.41,694,3166905826
CUST001672,Emma Hall,customer1672@mail.com,+1-444-842-1252,Phoenix,USA,17743.06,333,4587827860
CUST001673,Ava Johnson,customer1673@mail.com,+1-444-917-8952,Chicago,USA,45165.08,539,6829951218
CUST001674,Ava Taylor,customer1674@mail.com,+1-444-387-3877,New York,USA,29581.55,499,4814283209
CUST001675,John Wilson,customer1675@mail.com,+1-444-961-3013,New York,USA,24904.62,487,9339685517
CUST001676,Michael Brown,customer1676@mail.com,+1-444-146-5402,Phoenix,USA,48237.39,686,5277782729
CUST001677,Olivia Brown,customer1677@mail.com,+1-444-704-8284,Dallas,USA,20305.43,565,1836454095
CUST001678,Michael Hall,customer1678@mail.com,+1-444-971-8131,New York,USA,2835.52,757,1346945974
CUST001679,Michael Davis,customer1679@mail.com,+1-444-719-3775,Chicago,USA,3210.1,314,7007054737
CUST001680,David Wilson,customer1680@mail.com,+1-444-225-8671,New York,USA,3658.46,825,2324038738
CUST001681,Olivia Lewis,customer1681@mail.com,+1-444-619-7444,Dallas,USA,48961.7,508,5933271738
CUST001682,James Walker,customer1682@mail.com,+1-444-487-9158,Dallas,USA,39438.51,845,5286073821
CUST001683,Emma Taylor,customer1683@mail.com,+1-444-469-3070,Dallas,USA,11641.43,525,4217790791
CUST001684,Ava Walker,customer1684@mail.com,+1-444-182-5943,New York,USA,34033.54,308,3473256648
CUST001685,Daniel Clark,customer1685@mail.com,+1-444-177-8549,New York,USA,18810.09,475,7184428269
CUST001686,Emma Smith,customer1686@mail.com,+1-444-398-6683,New York,USA,30878.52,565,3163044717
CUST001687,Olivia Clark,customer1687@mail.com,+1-444-572-7807,Dallas,USA,25254.26,827,1009127945
CUST001688,Emma Brown,customer1688@mail.com,+1-444-506-4855,Phoenix,USA,1880.55,736,2268500567
CUST001689,Olivia Clark,customer1689@mail.com,+1-444-127-9599,Dallas,USA,12093.7,426,7826270859
CUST001690,Emma Walker,customer1690@mail.com,+1-444-155-9450,New York,USA,8734.87,605,7164511629
CUST001691,David Davis,customer1691@mail.com,+1-444-327-4178,Dallas,USA,12154.78,577,9539358154
CUST001692,James Walker,customer1692@mail.com,+1-444-891-1975,Chicago,USA,41759.71,634,6758271000
CUST001693,Daniel Smith,customer1693@mail.com,+1-444-821-9128,Chicago,USA,46369.24,345,6001963722
CUST001694,John Brown,customer1694@mail.com,+1-444-463-1106,Dallas,USA,7043.75,603,7396804922
CUST001695,Olivia Smith,customer1695@mail.com,+1-444-271-9674,Dallas,USA,185.85,665,4776650383
CUST001696,James Johnson,customer1696@mail.com,+1-444-261-1753,Dallas,USA,2992.29,324,5628109804
CUST001697,Michael Walker,customer1697@mail.com,+1-444-233-7348,Dallas,USA,3053.71,766,6494538224
CUST001698,John Clark,customer1698@mail.com,+1-444-685-3827,Dallas,USA,22875.87,523,8441469945
CUST001699,Sophia Walker,customer1699@mail.com,+1-444-113-5831,Dallas,USA,44077.64,654,3021898247
CUST001700,Michael Johnson,customer1700@mail.com,+1-444-256-1624,Dallas,USA,16672.58,302,3936288626
CUST001701,John Hall,customer1701@mail.com,+1-444-443-1273,New York,USA,46353.95,348,9999246862
CUST001702,John Wilson,customer1702@mail.com,+1-444-735-1771,Phoenix,USA,19295.94,390,4570022978
CUST001703,James Smith,customer1703@mail.com,+1-444-534-3137,Chicago,USA,15563.29,304,3201086222
CUST001704,Ava Lewis,customer1704@mail.com,+1-444-133-9333,New York,USA,8503.74,800,7089911147
CUST001705,Sarah Brown,customer1705@mail.com,+1-444-509-2914,Chicago,USA,33136.74,656,8506145510
CUST001706,James Walker,customer1706@mail.com,+1-444-692-1051,Chicago,USA,32257.01,516,4419866385
CUST001707,Sophia Davis,customer1707@mail.com,+1-444-811-3447,Phoenix,USA,17931.39,377,9135842426
CUST001708,Michael Brown,customer1708@mail.com,+1-444-323-9760,Phoenix,USA,45344.04,312,1256407437
CUST001709,David Lewis,customer1709@mail.com,+1-444-125-1736,Phoenix,USA,687.79,310,3489099731
CUST001710,David Hall,customer1710@mail.com,+1-444-954-8931,Phoenix,USA,3646.27,571,8712867874
CUST001711,Ava Lewis,customer1711@mail.com,+1-444-140-8028,Phoenix,USA,27853.96,821,5345685847
CUST001712,Ava Walker,customer1712@mail.com,+1-444-726-6084,Dallas,USA,20513.18,613,3867025899
CUST001713,Daniel Hall,customer1713@mail.com,+1-444-480-7940,Phoenix,USA,30602.07,679,6670150151
CUST001714,Ava Brown,customer1714@mail.com,+1-444-170-1583,Chicago,USA,36874.47,499,9528760448
CUST001715,David Hall,customer1715@mail.com,+1-444-391-3855,New York,USA,6221.59,319,5528646722
CUST001716,Sarah Smith,customer1716@mail.com,+1-444-942-6702,Phoenix,USA,21272.09,370,5608228121
CUST001717,John Walker,customer1717@mail.com,+1-444-554-4212,Phoenix,USA,13173.01,413,4132759037
CUST001718,David Wilson,customer1718@mail.com,+1-444-359-4765,New York,USA,23222.33,424,6556268373
CUST001719,Sophia Johnson,customer1719@mail.com,+1-444-492-7068,Phoenix,USA,25935.62,757,5519844936
CUST001720,Sarah Taylor,customer1720@mail.com,+1-444-684-2108,New York,USA,36093.32,398,9120339154
CUST001721,Olivia Davis,customer1721@mail.com,+1-444-242-3528,Chicago,USA,9505.19,319,1587392543
CUST001722,Ava Clark,customer1722@mail.com,+1-444-193-4479,Dallas,USA,38704.39,627,5777855817
CUST001723,John Clark,customer1723@mail.com,+1-444-902-1499,Dallas,USA,15101.17,306,4988686195
CUST001724,David Johnson,customer1724@mail.com,+1-444-598-8059,Phoenix,USA,7444.23,309,8385318827
CUST001725,James Smith,customer1725@mail.com,+1-444-477-1174,Dallas,USA,29676.59,496,9278556312
CUST001726,Sophia Smith,customer1726@mail.com,+1-444-966-6318,Phoenix,USA,23514.19,554,7481252161
CUST001727,Sarah Taylor,customer1727@mail.com,+1-444-178-5646,Dallas,USA,18126.65,421,9075682275
CUST001728,Ava Smith,customer1728@mail.com,+1-444-940-5322,Phoenix,USA,18237.53,421,8923946491
CUST001729,Michael Walker,customer1729@mail.com,+1-444-743-5491,New York,USA,48098.4,454,1711456407
CUST001730,Michael Walker,customer1730@mail.com,+1-444-273-1880,New York,USA,17116.82,553,3804394973
CUST001731,Emma Davis,customer1731@mail.com,+1-444-253-1068,Chicago,USA,25006.71,649,2169141688
CUST001732,Sarah Wilson,customer1732@mail.com,+1-444-834-4943,Dallas,USA,40501.14,799,4140342505
CUST001733,John Smith,customer1733@mail.com,+1-444-762-5181,Phoenix,USA,30009.75,812,3594175894
CUST001734,James Clark,customer1734@mail.com,+1-444-451-6594,New York,USA,35129.95,522,4480393633
CUST001735,Sarah Smith,customer1735@mail.com,+1-444-600-3432,Chicago,USA,2660.74,431,8649252796
CUST001736,Olivia Taylor,customer1736@mail.com,+1-444-583-5990,Dallas,USA,8304.95,826,3214889952
CUST001737,James Johnson,customer1737@mail.com,+1-444-549-8593,Dallas,USA,33676.75,494,3664027035
CUST001738,David Clark,customer1738@mail.com,+1-444-545-4592,Chicago,USA,16923.33,784,6259894063
CUST001739,James Hall,customer1739@mail.com,+1-444-622-6445,Chicago,USA,7672.7,787,6236885079
CUST001740,Michael Wilson,customer1740@mail.com,+1-444-821-6128,Dallas,USA,3533.98,613,7359280413
CUST001741,Sophia Johnson,customer1741@mail.com,+1-444-362-5978,Dallas,USA,33651.02,393,6377374370
CUST001742,David Clark,customer1742@mail.com,+1-444-848-2043,Phoenix,USA,22750.23,829,5482045063
CUST001743,Sarah Walker,customer1743@mail.com,+1-444-110-6509,Dallas,USA,11283.99,751,4643987026
CUST001744,David Walker,customer1744@mail.com,+1-444-562-6710,Dallas,USA,15005.52,719,2162400556
CUST001745,Olivia Taylor,customer1745@mail.com,+1-444-545-8828,Phoenix,USA,30913.37,325,3128014434
CUST001746,John Davis,customer1746@mail.com,+1-444-321-5977,Dallas,USA,36176.95,307,5320555068
CUST001747,James Johnson,customer1747@mail.com,+1-444-407-3435,New York,USA,13197.12,793,3377298124
CUST001748,James Davis,customer1748@mail.com,+1-444-561-1371,Dallas,USA,38114.3,672,8274416275
CUST001749,John Clark,customer1749@mail.com,+1-444-507-6267,New York,USA,38850.78,778,7863873105
CUST001750,David Brown,customer1750@mail.com,+1-444-174-9213,Phoenix,USA,39596.2,850,7055269758
CUST001751,Ava Smith,customer1751@mail.com,+1-444-218-3597,New York,USA,2584.82,625,7067846945
CUST001752,David Davis,customer1752@mail.com,+1-444-491-4729,Dallas,USA,4240.77,733,2274632648
CUST001753,Ava Taylor,customer1753@mail.com,+1-444-308-9752,Phoenix,USA,32678.07,305,7913294078
CUST001754,Sarah Clark,customer1754@mail.com,+1-444-751-5505,Dallas,USA,42503.7,686,2792068327
CUST001755,Sarah Lewis,customer1755@mail.com,+1-444-499-7275,Phoenix,USA,19717.6,711,2374180004
CUST001756,Olivia Smith,customer1756@mail.com,+1-444-692-8882,Dallas,USA,4689.58,819,4881794725
CUST001757,Emma Taylor,customer1757@mail.com,+1-444-275-6049,New York,USA,31539.06,595,3070488105
CUST001758,Daniel Taylor,customer1758@mail.com,+1-444-999-9566,Phoenix,USA,37857.38,353,6797167558
CUST001759,Sophia Taylor,customer1759@mail.com,+1-444-467-6419,New York,USA,27055.12,766,2902021378
CUST001760,Michael Clark,customer1760@mail.com,+1-444-107-2453,Chicago,USA,29393.91,358,4362836625
CUST001761,John Johnson,customer1761@mail.com,+1-444-215-8868,Phoenix,USA,28781.52,832,4917114108
CUST001762,Olivia Clark,customer1762@mail.com,+1-444-418-9213,Chicago,USA,5782.73,415,2484306470
CUST001763,Sarah Johnson,customer1763@mail.com,+1-444-631-2510,New York,USA,13260.14,795,6101759974
CUST001764,James Johnson,customer1764@mail.com,+1-444-929-9206,New York,USA,27303.1,459,4144465226
CUST001765,Sarah Brown,customer1765@mail.com,+1-444-947-6768,New York,USA,40337.79,706,8989996422
CUST001766,Emma Smith,customer1766@mail.com,+1-444-590-2322,Phoenix,USA,28416.81,708,2789420107
CUST001767,David Wilson,customer1767@mail.com,+1-444-216-7728,Chicago,USA,38210.42,557,1375698424
CUST001768,James Wilson,customer1768@mail.com,+1-444-965-6984,Phoenix,USA,6170.08,494,9915754061
CUST001769,Michael Clark,customer1769@mail.com,+1-444-981-9030,Chicago,USA,3352.78,591,6582347193
CUST001770,Olivia Davis,customer1770@mail.com,+1-444-709-4597,New York,USA,19273.81,408,4032272109
CUST001771,Sophia Johnson,customer1771@mail.com,+1-444-287-3178,New York,USA,30036.45,686,3697651551
CUST001772,Emma Davis,customer1772@mail.com,+1-444-994-2213,New York,USA,40505.68,768,7096629813
CUST001773,James Hall,customer1773@mail.com,+1-444-833-3941,New York,USA,45351.35,713,5105720599
CUST001774,Sophia Lewis,customer1774@mail.com,+1-444-643-1044,Chicago,USA,20732.72,660,1018293856
CUST001775,Ava Wilson,customer1775@mail.com,+1-444-286-9595,Dallas,USA,45812.97,606,1374209710
CUST001776,Olivia Johnson,customer1776@mail.com,+1-444-469-6717,Phoenix,USA,3945.17,495,6779543943
CUST001777,David Hall,customer1777@mail.com,+1-444-751-3427,Dallas,USA,25975.54,626,9099546609
CUST001778,James Wilson,customer1778@mail.com,+1-444-993-9721,Dallas,USA,8953.22,707,8374135410
CUST001779,Sophia Smith,customer1779@mail.com,+1-444-721-5345,Dallas,USA,4347.38,568,1053436077
CUST001780,Daniel Brown,customer1780@mail.com,+1-444-131-1819,Chicago,USA,22115.24,641,3617442331
CUST001781,Daniel Brown,customer1781@mail.com,+1-444-642-5132,Phoenix,USA,32262.32,784,2113386174
CUST001782,Daniel Clark,customer1782@mail.com,+1-444-161-5196,New York,USA,28749.96,714,9676811177
CUST001783,Emma Hall,customer1783@mail.com,+1-444-956-6669,Phoenix,USA,38659.52,327,6348492460
CUST001784,John Lewis,customer1784@mail.com,+1-444-456-7801,Chicago,USA,25560.4,667,7890344247
CUST001785,James Davis,customer1785@mail.com,+1-444-797-2509,New York,USA,29531.61,305,1962409407
CUST001786,Daniel Wilson,customer1786@mail.com,+1-444-408-2812,Phoenix,USA,46788.24,659,4223875696
CUST001787,Daniel Brown,customer1787@mail.com,+1-444-674-9092,Phoenix,USA,1387.57,688,5490966946
CUST001788,Sarah Smith,customer1788@mail.com,+1-444-235-8902,Phoenix,USA,32174.0,301,1379129998
CUST001789,Michael Brown,customer1789@mail.com,+1-444-390-6905,Phoenix,USA,6760.21,326,6414001233
CUST001790,Ava Smith,customer1790@mail.com,+1-444-301-5907,Dallas,USA,34185.88,451,8985484105
CUST001791,Emma Lewis,customer1791@mail.com,+1-444-534-3773,Dallas,USA,20941.6,777,9542160298
CUST001792,Sophia Taylor,customer1792@mail.com,+1-444-248-7972,Phoenix,USA,42305.86,427,9762143646
CUST001793,Daniel Wilson,customer1793@mail.com,+1-444-223-3941,New York,USA,29911.25,664,3846511029
CUST001794,Daniel Johnson,customer1794@mail.com,+1-444-739-1685,New York,USA,35537.17,677,3237256750
CUST001795,David Smith,customer1795@mail.com,+1-444-396-5580,New York,USA,30652.83,376,7408062766
CUST001796,David Hall,customer1796@mail.com,+1-444-314-5051,Chicago,USA,1644.42,666,1465639614
CUST001797,Daniel Davis,customer1797@mail.com,+1-444-990-2273,Dallas,USA,25992.95,499,1870575879
CUST001798,James Lewis,customer1798@mail.com,+1-444-841-2863,Chicago,USA,49237.6,431,7625945868
CUST001799,David Johnson,customer1799@mail.com,+1-444-311-7533,Chicago,USA,15437.17,619,7102880335
CUST001800,John Johnson,customer1800@mail.com,+1-444-795-7868,Chicago,USA,36581.83,458,2162176675
CUST001801,Sophia Taylor,customer1801@mail.com,+1-444-763-5188,New York,USA,20565.16,305,1659069177
CUST001802,John Walker,customer1802@mail.com,+1-444-869-3033,Phoenix,USA,40351.05,834,6971409636
CUST001803,Sarah Walker,customer1803@mail.com,+1-444-357-4291,New York,USA,13473.63,590,6846457972
CUST001804,Michael Lewis,customer1804@mail.com,+1-444-868-2663,Chicago,USA,30639.92,608,6948204143
CUST001805,James Lewis,customer1805@mail.com,+1-444-361-3199,Chicago,USA,29528.5,459,4301051352
CUST001806,Sarah Smith,customer1806@mail.com,+1-444-952-6126,Phoenix,USA,16220.14,825,8873925321
CUST001807,James Taylor,customer1807@mail.com,+1-444-275-6541,Phoenix,USA,40596.36,554,3897668621
CUST001808,Emma Clark,customer1808@mail.com,+1-444-677-9083,Chicago,USA,5278.32,687,2032845310
CUST001809,Sophia Lewis,customer1809@mail.com,+1-444-264-2207,New York,USA,19918.46,449,8044274924
CUST001810,Sophia Clark,customer1810@mail.com,+1-444-749-5849,Phoenix,USA,40535.12,562,3608650096
CUST001811,Olivia Johnson,customer1811@mail.com,+1-444-858-4067,Dallas,USA,39015.42,517,3552924213
CUST001812,Olivia Walker,customer1812@mail.com,+1-444-363-8485,Phoenix,USA,15881.36,820,5940871876
CUST001813,Daniel Smith,customer1813@mail.com,+1-444-215-4846,Dallas,USA,12213.2,755,3417644186
CUST001814,Olivia Wilson,customer1814@mail.com,+1-444-942-6046,New York,USA,19225.56,799,8314833768
CUST001815,Daniel Johnson,customer1815@mail.com,+1-444-715-1234,Chicago,USA,15934.97,767,4397402661
CUST001816,Daniel Taylor,customer1816@mail.com,+1-444-411-9291,Dallas,USA,22313.89,475,7835447260
CUST001817,Sarah Johnson,customer1817@mail.com,+1-444-257-2548,Dallas,USA,16038.15,348,6837938197
CUST001818,John Taylor,customer1818@mail.com,+1-444-829-9181,New York,USA,40309.24,438,3644264713
CUST001819,Sophia Smith,customer1819@mail.com,+1-444-581-2258,New York,USA,28114.85,603,3098339924
CUST001820,James Taylor,customer1820@mail.com,+1-444-778-1994,Phoenix,USA,46358.88,505,2379134894
CUST001821,Sarah Davis,customer1821@mail.com,+1-444-674-9183,Phoenix,USA,44528.42,673,9052100561
CUST001822,Ava Smith,customer1822@mail.com,+1-444-139-8524,Chicago,USA,17259.23,665,4828346091
CUST001823,David Johnson,customer1823@mail.com,+1-444-444-2782,New York,USA,49007.23,402,7323121257
CUST001824,Daniel Brown,customer1824@mail.com,+1-444-300-1164,New York,USA,6195.02,541,6970452405
CUST001825,Sophia Smith,customer1825@mail.com,+1-444-803-4393,New York,USA,46272.94,485,4465062038
CUST001826,James Smith,customer1826@mail.com,+1-444-780-9357,Chicago,USA,5655.86,539,3515937509
CUST001827,Emma Davis,customer1827@mail.com,+1-444-882-9888,Phoenix,USA,41124.13,303,2498224195
CUST001828,Sophia Smith,customer1828@mail.com,+1-444-754-9483,Dallas,USA,42979.93,768,5819827224
CUST001829,John Hall,customer1829@mail.com,+1-444-273-4026,Phoenix,USA,916.95,507,8045576034
CUST001830,James Brown,customer1830@mail.com,+1-444-759-3145,Dallas,USA,31007.93,371,2282538393
CUST001831,Sarah Hall,customer1831@mail.com,+1-444-765-2506,Phoenix,USA,10470.69,487,7303028654
CUST001832,Ava Davis,customer1832@mail.com,+1-444-629-2594,Phoenix,USA,16719.65,614,7499416933
CUST001833,John Hall,customer1833@mail.com,+1-444-656-7002,Phoenix,USA,26613.0,725,3874113888
CUST001834,Daniel Lewis,customer1834@mail.com,+1-444-497-1612,Phoenix,USA,43773.88,399,9879543587
CUST001835,Daniel Smith,customer1835@mail.com,+1-444-539-7761,New York,USA,49452.59,300,9455739463
CUST001836,John Taylor,customer1836@mail.com,+1-444-485-2249,Phoenix,USA,8951.46,429,3078567493
CUST001837,Ava Walker,customer1837@mail.com,+1-444-279-7346,Chicago,USA,39473.16,331,1761232399
CUST001838,Ava Taylor,customer1838@mail.com,+1-444-624-4390,Dallas,USA,40504.9,522,6881403262
CUST001839,James Brown,customer1839@mail.com,+1-444-162-7725,Phoenix,USA,45182.81,542,9242721553
CUST001840,Sarah Taylor,customer1840@mail.com,+1-444-336-4746,New York,USA,5202.08,535,5940871168
CUST001841,Ava Smith,customer1841@mail.com,+1-444-190-1976,Phoenix,USA,45661.2,725,9122929080
CUST001842,David Hall,customer1842@mail.com,+1-444-894-9768,Phoenix,USA,11479.37,749,9017725232
CUST001843,Sophia Walker,customer1843@mail.com,+1-444-902-6829,Chicago,USA,37206.48,522,3395212185
CUST001844,John Taylor,customer1844@mail.com,+1-444-214-1793,New York,USA,4548.2,829,1532925452
CUST001845,Sophia Brown,customer1845@mail.com,+1-444-342-4229,Phoenix,USA,31708.6,464,8005355509
CUST001846,David Walker,customer1846@mail.com,+1-444-533-6131,Dallas,USA,45021.1,578,7396492331
CUST001847,John Smith,customer1847@mail.com,+1-444-990-1081,Phoenix,USA,8030.85,345,3562729947
CUST001848,John Wilson,customer1848@mail.com,+1-444-827-1250,Dallas,USA,2413.79,373,4587042677
CUST001849,David Walker,customer1849@mail.com,+1-444-977-9614,Chicago,USA,36003.43,380,2706158227
CUST001850,Sarah Johnson,customer1850@mail.com,+1-444-751-8986,Dallas,USA,35820.87,398,3021826968
CUST001851,Olivia Smith,customer1851@mail.com,+1-444-789-5360,Dallas,USA,14332.27,837,2496256445
CUST001852,John Clark,customer1852@mail.com,+1-444-576-9031,Dallas,USA,32585.36,610,8300627491
CUST001853,James Taylor,customer1853@mail.com,+1-444-173-7134,New York,USA,6183.65,610,8306178913
CUST001854,David Davis,customer1854@mail.com,+1-444-992-5922,Dallas,USA,12548.58,758,6541743472
CUST001855,Sarah Smith,customer1855@mail.com,+1-444-239-4265,New York,USA,6262.77,820,4429249796
CUST001856,James Smith,customer1856@mail.com,+1-444-963-6276,Phoenix,USA,24356.56,316,3679225450
CUST001857,Sarah Johnson,customer1857@mail.com,+1-444-487-4408,Phoenix,USA,42523.0,357,8597709907
CUST001858,James Taylor,customer1858@mail.com,+1-444-230-3798,New York,USA,42986.19,422,6496941073
CUST001859,John Johnson,customer1859@mail.com,+1-444-419-7304,New York,USA,20420.81,751,2760719381
CUST001860,Olivia Taylor,customer1860@mail.com,+1-444-424-7568,New York,USA,26842.41,828,8309303465
CUST001861,Michael Walker,customer1861@mail.com,+1-444-217-8719,New York,USA,20484.24,743,5813847242
CUST001862,Sarah Clark,customer1862@mail.com,+1-444-587-6296,New York,USA,5773.83,765,7754167586
CUST001863,Olivia Lewis,customer1863@mail.com,+1-444-298-3449,Dallas,USA,28062.74,627,5246929933
CUST001864,John Davis,customer1864@mail.com,+1-444-411-3719,Chicago,USA,40446.36,692,3675518919
CUST001865,Sarah Brown,customer1865@mail.com,+1-444-882-4030,Phoenix,USA,12558.79,822,3081699926
CUST001866,Ava Hall,customer1866@mail.com,+1-444-678-5864,Dallas,USA,27084.1,653,1564934065
CUST001867,Olivia Walker,customer1867@mail.com,+1-444-260-3905,Phoenix,USA,32755.01,522,6925370786
CUST001868,Sophia Wilson,customer1868@mail.com,+1-444-642-7254,Phoenix,USA,23052.82,676,2407410745
CUST001869,James Clark,customer1869@mail.com,+1-444-498-6829,New York,USA,14315.16,506,2331730235
CUST001870,Michael Lewis,customer1870@mail.com,+1-444-109-3342,Dallas,USA,23971.45,595,5201154927
CUST001871,Michael Johnson,customer1871@mail.com,+1-444-505-5830,Dallas,USA,4745.22,326,5937115026
CUST001872,Michael Wilson,customer1872@mail.com,+1-444-428-1246,Chicago,USA,37787.13,659,7754727492
CUST001873,Emma Johnson,customer1873@mail.com,+1-444-380-8385,Phoenix,USA,20317.29,366,4584468282
CUST001874,David Clark,customer1874@mail.com,+1-444-761-9415,Dallas,USA,17957.68,546,2064798938
CUST001875,Sarah Lewis,customer1875@mail.com,+1-444-675-2846,Phoenix,USA,27885.75,557,2689836647
CUST001876,Michael Johnson,customer1876@mail.com,+1-444-910-3400,New York,USA,1521.02,360,5078966182
CUST001877,James Brown,customer1877@mail.com,+1-444-394-6426,Chicago,USA,2615.68,320,3087200128
CUST001878,Sophia Smith,customer1878@mail.com,+1-444-681-6276,Dallas,USA,40291.76,339,7128718062
CUST001879,John Taylor,customer1879@mail.com,+1-444-151-6106,Dallas,USA,40821.82,833,2533720466
CUST001880,James Walker,customer1880@mail.com,+1-444-383-6901,Phoenix,USA,24473.2,377,1949687423
CUST001881,David Clark,customer1881@mail.com,+1-444-608-6795,New York,USA,40677.91,332,8081800018
CUST001882,Emma Smith,customer1882@mail.com,+1-444-628-8330,Chicago,USA,48216.17,606,8143728817
CUST001883,Sophia Clark,customer1883@mail.com,+1-444-370-1591,Chicago,USA,18769.46,539,8027017488
CUST001884,James Walker,customer1884@mail.com,+1-444-378-2297,Phoenix,USA,36376.54,811,1018764939
CUST001885,Ava Johnson,customer1885@mail.com,+1-444-375-7765,Chicago,USA,6705.89,608,8487600449
CUST001886,Sophia Johnson,customer1886@mail.com,+1-444-752-8730,Chicago,USA,22913.67,595,8305535252
CUST001887,Daniel Davis,customer1887@mail.com,+1-444-423-6457,Dallas,USA,45365.86,645,5704507926
CUST001888,John Smith,customer1888@mail.com,+1-444-536-5219,New York,USA,36081.04,300,1349209627
CUST001889,Sarah Smith,customer1889@mail.com,+1-444-772-3095,Dallas,USA,24778.27,497,8727583854
CUST001890,James Clark,customer1890@mail.com,+1-444-654-5838,Dallas,USA,39035.88,831,8580108624
CUST001891,Ava Smith,customer1891@mail.com,+1-444-974-4294,Chicago,USA,1532.16,818,5257934725
CUST001892,Sophia Johnson,customer1892@mail.com,+1-444-789-8767,Chicago,USA,5785.27,643,6612262413
CUST001893,John Clark,customer1893@mail.com,+1-444-557-4661,Chicago,USA,32236.91,738,7247005024
CUST001894,John Taylor,customer1894@mail.com,+1-444-372-7907,Chicago,USA,30178.48,455,7763235312
CUST001895,John Lewis,customer1895@mail.com,+1-444-729-5397,Chicago,USA,13042.73,730,9933192294
CUST001896,Ava Smith,customer1896@mail.com,+1-444-556-3828,Chicago,USA,8517.24,402,1466819319
CUST001897,Sarah Lewis,customer1897@mail.com,+1-444-183-6328,Dallas,USA,1234.91,659,7373697042
CUST001898,Olivia Brown,customer1898@mail.com,+1-444-811-6993,New York,USA,38637.45,580,5739849520
CUST001899,Emma Clark,customer1899@mail.com,+1-444-964-8964,Phoenix,USA,19119.17,402,4002847338
CUST001900,Sophia Taylor,customer1900@mail.com,+1-444-290-4640,New York,USA,4071.35,654,9211595606
CUST001901,Ava Clark,customer1901@mail.com,+1-444-355-3994,New York,USA,36839.5,482,3979308177
CUST001902,Olivia Walker,customer1902@mail.com,+1-444-616-2633,Phoenix,USA,34145.93,802,4125210935
CUST001903,Sarah Johnson,customer1903@mail.com,+1-444-553-1545,Dallas,USA,11663.02,711,1213188470
CUST001904,Sophia Brown,customer1904@mail.com,+1-444-724-9485,Chicago,USA,44690.07,758,3851717454
CUST001905,John Walker,customer1905@mail.com,+1-444-646-7998,Phoenix,USA,24891.05,387,6096058916
CUST001906,Sophia Brown,customer1906@mail.com,+1-444-851-9157,Chicago,USA,7824.16,494,6050535343
CUST001907,John Walker,customer1907@mail.com,+1-444-998-5264,Dallas,USA,12026.95,582,9571267671
CUST001908,Ava Walker,customer1908@mail.com,+1-444-637-1871,Chicago,USA,30673.5,600,8269790824
CUST001909,Olivia Lewis,customer1909@mail.com,+1-444-953-4475,Dallas,USA,49533.25,363,4559951467
CUST001910,James Taylor,customer1910@mail.com,+1-444-473-2711,New York,USA,43529.21,443,3892213011
CUST001911,Sarah Brown,customer1911@mail.com,+1-444-747-2251,Dallas,USA,12287.52,743,2075007845
CUST001912,Michael Brown,customer1912@mail.com,+1-444-159-3618,Dallas,USA,2622.39,685,4066411828
CUST001913,Sophia Davis,customer1913@mail.com,+1-444-847-7617,Dallas,USA,45087.96,674,6648480219
CUST001914,Daniel Davis,customer1914@mail.com,+1-444-400-1513,New York,USA,14466.55,728,5344025416
CUST001915,Olivia Hall,customer1915@mail.com,+1-444-947-3033,Phoenix,USA,47218.48,600,1316641405
CUST001916,Ava Clark,customer1916@mail.com,+1-444-312-6284,Dallas,USA,38288.83,773,6242649129
CUST001917,Olivia Lewis,customer1917@mail.com,+1-444-674-6832,New York,USA,3449.42,408,5381343190
CUST001918,Sophia Davis,customer1918@mail.com,+1-444-674-9563,Phoenix,USA,46622.86,498,3397983823
CUST001919,Daniel Taylor,customer1919@mail.com,+1-444-578-7338,Chicago,USA,1063.36,675,6530309098
CUST001920,Sarah Taylor,customer1920@mail.com,+1-444-935-6540,New York,USA,7893.87,686,2592200352
CUST001921,John Johnson,customer1921@mail.com,+1-444-554-3885,Dallas,USA,21280.69,420,1318072598
CUST001922,James Brown,customer1922@mail.com,+1-444-150-5958,Chicago,USA,17402.27,586,6014748365
CUST001923,Michael Brown,customer1923@mail.com,+1-444-492-9400,New York,USA,27259.37,426,4311949119
CUST001924,Olivia Wilson,customer1924@mail.com,+1-444-314-2990,Dallas,USA,19316.18,444,2997870784
CUST001925,Ava Wilson,customer1925@mail.com,+1-444-161-3947,Dallas,USA,44102.37,422,1065033140
CUST001926,John Johnson,customer1926@mail.com,+1-444-173-1158,Phoenix,USA,43528.52,557,4843079681
CUST001927,James Walker,customer1927@mail.com,+1-444-912-6585,Dallas,USA,48889.04,757,3974056910
CUST001928,Sarah Brown,customer1928@mail.com,+1-444-799-8478,Phoenix,USA,32612.99,648,3028974921
CUST001929,David Davis,customer1929@mail.com,+1-444-724-7492,Phoenix,USA,49162.96,722,9652175705
CUST001930,David Hall,customer1930@mail.com,+1-444-596-9539,Chicago,USA,38415.32,641,6536097430
CUST001931,Sophia Clark,customer1931@mail.com,+1-444-479-5206,New York,USA,5269.39,525,5908839279
CUST001932,Olivia Walker,customer1932@mail.com,+1-444-650-8597,Phoenix,USA,16833.12,447,2792244111
CUST001933,Ava Wilson,customer1933@mail.com,+1-444-146-5445,Dallas,USA,43561.84,607,3252921635
CUST001934,David Wilson,customer1934@mail.com,+1-444-665-5353,Phoenix,USA,35883.43,665,4482336456
CUST001935,Ava Lewis,customer1935@mail.com,+1-444-898-9380,Dallas,USA,26337.91,793,9699099841
CUST001936,Ava Johnson,customer1936@mail.com,+1-444-512-3434,Phoenix,USA,20519.74,369,9848333902
CUST001937,Ava Hall,customer1937@mail.com,+1-444-317-9671,New York,USA,29705.91,561,8617074881
CUST001938,Daniel Davis,customer1938@mail.com,+1-444-472-6677,Dallas,USA,13247.81,515,6947858082
CUST001939,Daniel Brown,customer1939@mail.com,+1-444-453-3232,Chicago,USA,31468.14,674,5031493367
CUST001940,Olivia Brown,customer1940@mail.com,+1-444-422-2651,Dallas,USA,4445.56,691,9016396364
CUST001941,James Lewis,customer1941@mail.com,+1-444-788-1709,Chicago,USA,46786.95,823,7823534414
CUST001942,James Clark,customer1942@mail.com,+1-444-218-2387,New York,USA,14800.93,716,1671498779
CUST001943,Michael Lewis,customer1943@mail.com,+1-444-173-4438,New York,USA,11326.05,304,4474298794
CUST001944,James Johnson,customer1944@mail.com,+1-444-446-8638,Phoenix,USA,41061.81,746,4514325722
CUST001945,John Clark,customer1945@mail.com,+1-444-846-3514,Phoenix,USA,13878.92,389,8286018106
CUST001946,David Clark,customer1946@mail.com,+1-444-269-5951,Chicago,USA,34980.23,380,5875956355
CUST001947,Daniel Hall,customer1947@mail.com,+1-444-217-2454,Phoenix,USA,9722.39,515,7150901107
CUST001948,Daniel Davis,customer1948@mail.com,+1-444-113-9081,New York,USA,13376.54,521,3807617115
CUST001949,James Wilson,customer1949@mail.com,+1-444-950-8797,Dallas,USA,4917.17,711,3980422477
CUST001950,Sarah Wilson,customer1950@mail.com,+1-444-126-4951,Phoenix,USA,9839.93,331,7209346462
CUST001951,Michael Johnson,customer1951@mail.com,+1-444-736-5989,Phoenix,USA,8227.38,795,9730220186
CUST001952,Emma Clark,customer1952@mail.com,+1-444-988-3511,Chicago,USA,34969.93,686,4597035909
CUST001953,Sophia Smith,customer1953@mail.com,+1-444-121-6048,New York,USA,45325.83,573,4431184949
CUST001954,James Walker,customer1954@mail.com,+1-444-162-8724,Dallas,USA,41317.64,591,3715932750
CUST001955,Sarah Clark,customer1955@mail.com,+1-444-781-4014,Dallas,USA,24099.57,615,9512618898
CUST001956,James Johnson,customer1956@mail.com,+1-444-385-1536,Chicago,USA,21744.18,734,4859073418
CUST001957,Olivia Hall,customer1957@mail.com,+1-444-836-6268,Dallas,USA,46060.94,818,3790951396
CUST001958,Sophia Taylor,customer1958@mail.com,+1-444-202-9538,New York,USA,48769.37,597,5901575461
CUST001959,Emma Wilson,customer1959@mail.com,+1-444-599-7890,Dallas,USA,3277.98,580,7531549686
CUST001960,John Hall,customer1960@mail.com,+1-444-810-2282,Phoenix,USA,8553.8,678,8854135853
CUST001961,Sarah Smith,customer1961@mail.com,+1-444-862-1222,Chicago,USA,30864.91,486,6627806421
CUST001962,Daniel Wilson,customer1962@mail.com,+1-444-655-1279,New York,USA,15032.07,595,3276007438
CUST001963,Sophia Walker,customer1963@mail.com,+1-444-824-5814,Chicago,USA,29143.55,411,3449688387
CUST001964,Sophia Clark,customer1964@mail.com,+1-444-336-2218,New York,USA,20914.93,687,5255525997
CUST001965,Emma Clark,customer1965@mail.com,+1-444-907-7742,Dallas,USA,15007.48,546,5024792126
CUST001966,Sarah Johnson,customer1966@mail.com,+1-444-801-4248,New York,USA,36110.14,592,4195796266
CUST001967,Michael Taylor,customer1967@mail.com,+1-444-172-2127,New York,USA,27483.24,453,9289195135
CUST001968,Olivia Hall,customer1968@mail.com,+1-444-155-9261,Phoenix,USA,18727.26,734,9999947497
CUST001969,Michael Smith,customer1969@mail.com,+1-444-512-1154,Chicago,USA,30863.19,733,2153047219
CUST001970,John Brown,customer1970@mail.com,+1-444-281-6075,Dallas,USA,21086.67,674,3139272664
CUST001971,Ava Hall,customer1971@mail.com,+1-444-984-7941,Phoenix,USA,26978.98,365,9379575676
CUST001972,Daniel Johnson,customer1972@mail.com,+1-444-994-6683,Dallas,USA,14514.84,775,6760716574
CUST001973,Sophia Johnson,customer1973@mail.com,+1-444-908-5489,Dallas,USA,20410.63,766,9599956615
CUST001974,Emma Clark,customer1974@mail.com,+1-444-182-3287,Phoenix,USA,43166.5,530,7519374548
CUST001975,Ava Lewis,customer1975@mail.com,+1-444-744-6534,Dallas,USA,26381.14,430,1335271167
CUST001976,Olivia Johnson,customer1976@mail.com,+1-444-536-4392,Chicago,USA,46924.97,436,3383056984
CUST001977,Michael Brown,customer1977@mail.com,+1-444-196-2435,Dallas,USA,45960.4,674,5077943663
CUST001978,John Clark,customer1978@mail.com,+1-444-199-9060,Chicago,USA,41587.26,437,2009252009
CUST001979,Ava Smith,customer1979@mail.com,+1-444-664-3961,New York,USA,13.54,704,8958124477
CUST001980,Ava Johnson,customer1980@mail.com,+1-444-237-5048,Dallas,USA,5551.27,502,5011739628
CUST001981,David Lewis,customer1981@mail.com,+1-444-237-9120,Dallas,USA,6601.85,510,9884167339
CUST001982,Sophia Brown,customer1982@mail.com,+1-444-970-7303,Chicago,USA,1535.62,635,2855339197
CUST001983,Ava Davis,customer1983@mail.com,+1-444-399-7600,Chicago,USA,23867.1,371,3797243541
CUST001984,David Johnson,customer1984@mail.com,+1-444-539-5920,Dallas,USA,37395.29,570,8421751424
CUST001985,John Walker,customer1985@mail.com,+1-444-370-5618,Phoenix,USA,19499.11,551,1021078966
CUST001986,David Lewis,customer1986@mail.com,+1-444-663-3812,Chicago,USA,40768.48,302,5781422389
CUST001987,Ava Smith,customer1987@mail.com,+1-444-657-6202,Phoenix,USA,36089.59,834,4429543618
CUST001988,Ava Smith,customer1988@mail.com,+1-444-584-7158,New York,USA,42162.0,450,6012202744
CUST001989,Olivia Clark,customer1989@mail.com,+1-444-561-8141,Chicago,USA,24477.92,649,6429165107
CUST001990,Sophia Smith,customer1990@mail.com,+1-444-958-3243,Phoenix,USA,34188.04,603,8001782978
CUST001991,James Smith,customer1991@mail.com,+1-444-362-8214,Phoenix,USA,17452.07,845,8678215843
CUST001992,Emma Johnson,customer1992@mail.com,+1-444-840-6384,Chicago,USA,1947.46,338,3930850348
CUST001993,Daniel Lewis,customer1993@mail.com,+1-444-735-5186,New York,USA,27284.55,637,1361689852
CUST001994,Emma Walker,customer1994@mail.com,+1-444-131-1927,Dallas,USA,8565.24,645,2296621793
CUST001995,Emma Smith,customer1995@mail.com,+1-444-597-5712,Chicago,USA,29499.69,622,7138640053
CUST001996,Daniel Johnson,customer1996@mail.com,+1-444-165-8095,Chicago,USA,12449.06,563,3747709814
CUST001997,John Smith,customer1997@mail.com,+1-444-419-1369,Phoenix,USA,7321.3,547,3644482417
CUST001998,Emma Clark,customer1998@mail.com,+1-444-523-1343,Chicago,USA,633.17,721,8669925252
CUST001999,Daniel Hall,customer1999@mail.com,+1-444-383-2982,Phoenix,USA,42582.38,393,8182971825
CUST002000,Sophia Wilson,customer2000@mail.com,+1-444-509-2895,Chicago,USA,29296.66,686,1075887149
CUST002001,Daniel Johnson,customer2001@mail.com,+1-444-598-5891,Chicago,USA,19574.63,344,9622896736
CUST002002,John Lewis,customer2002@mail.com,+1-444-291-1488,Chicago,USA,29419.01,642,7690316180
CUST002003,James Wilson,customer2003@mail.com,+1-444-316-6142,New York,USA,46202.69,663,1995282846
CUST002004,Sarah Clark,customer2004@mail.com,+1-444-306-6899,Phoenix,USA,13142.62,579,1622254982
CUST002005,Daniel Clark,customer2005@mail.com,+1-444-724-2931,Phoenix,USA,12210.01,375,1125630722
CUST002006,John Wilson,customer2006@mail.com,+1-444-331-6261,New York,USA,25254.23,725,5233277956
CUST002007,Sophia Lewis,customer2007@mail.com,+1-444-544-2258,New York,USA,18356.97,708,5818590681
CUST002008,James Brown,customer2008@mail.com,+1-444-611-5015,Dallas,USA,44442.37,508,4357981640
CUST002009,Sarah Davis,customer2009@mail.com,+1-444-530-9713,Phoenix,USA,18979.1,848,8842105351
CUST002010,Ava Johnson,customer2010@mail.com,+1-444-706-4050,New York,USA,30682.97,407,5765597395
CUST002011,Olivia Hall,customer2011@mail.com,+1-444-806-2099,New York,USA,13698.23,681,3893479481
CUST002012,Sophia Taylor,customer2012@mail.com,+1-444-688-2219,Dallas,USA,34208.85,836,9021939588
CUST002013,Sophia Lewis,customer2013@mail.com,+1-444-649-3974,Chicago,USA,32741.91,822,3815881150
CUST002014,James Hall,customer2014@mail.com,+1-444-283-8994,Dallas,USA,40772.07,480,6676028065
CUST002015,Ava Lewis,customer2015@mail.com,+1-444-261-4905,New York,USA,941.44,806,2120188537
CUST002016,James Walker,customer2016@mail.com,+1-444-975-2632,Chicago,USA,44592.07,431,8655747049
CUST002017,Sophia Smith,customer2017@mail.com,+1-444-290-7804,New York,USA,4141.94,743,2167355051
CUST002018,Ava Walker,customer2018@mail.com,+1-444-272-6359,Phoenix,USA,16919.47,431,5880315106
CUST002019,David Walker,customer2019@mail.com,+1-444-121-9207,Phoenix,USA,23778.93,731,5136198636
CUST002020,Ava Wilson,customer2020@mail.com,+1-444-438-2937,New York,USA,26933.29,353,9001015952
CUST002021,Sarah Johnson,customer2021@mail.com,+1-444-610-8885,New York,USA,46238.99,361,9862358228
CUST002022,Michael Hall,customer2022@mail.com,+1-444-254-3674,Chicago,USA,47392.02,801,8522478126
CUST002023,Sarah Walker,customer2023@mail.com,+1-444-343-5557,Phoenix,USA,37642.09,747,2078622156
CUST002024,Sarah Brown,customer2024@mail.com,+1-444-158-4001,Phoenix,USA,1607.68,652,3607025791
CUST002025,Sophia Johnson,customer2025@mail.com,+1-444-758-6508,Phoenix,USA,25043.87,772,4660875604
CUST002026,Sarah Lewis,customer2026@mail.com,+1-444-884-6020,Phoenix,USA,11143.46,694,3628055760
CUST002027,James Brown,customer2027@mail.com,+1-444-826-8941,Dallas,USA,26394.78,821,9964350584
CUST002028,Ava Davis,customer2028@mail.com,+1-444-939-9720,Phoenix,USA,24452.08,352,6848260262
CUST002029,David Hall,customer2029@mail.com,+1-444-406-9327,Dallas,USA,15914.9,541,4932092433
CUST002030,Michael Walker,customer2030@mail.com,+1-444-433-2981,New York,USA,6958.44,591,8563370685
CUST002031,Olivia Walker,customer2031@mail.com,+1-444-237-1969,New York,USA,39854.72,747,2628834197
CUST002032,John Walker,customer2032@mail.com,+1-444-242-9872,Chicago,USA,12147.32,577,4360487058
CUST002033,Sarah Hall,customer2033@mail.com,+1-444-681-4755,Phoenix,USA,19794.2,478,8261346575
CUST002034,James Wilson,customer2034@mail.com,+1-444-662-7571,Chicago,USA,2099.17,384,5227488840
CUST002035,Daniel Davis,customer2035@mail.com,+1-444-688-2849,New York,USA,12918.07,520,3586115585
CUST002036,Daniel Davis,customer2036@mail.com,+1-444-810-4245,Phoenix,USA,2899.44,448,6183143677
CUST002037,Sarah Lewis,customer2037@mail.com,+1-444-686-4272,Phoenix,USA,45348.06,601,5352645251
CUST002038,James Johnson,customer2038@mail.com,+1-444-367-1900,Chicago,USA,45771.99,739,1830947612
CUST002039,Daniel Hall,customer2039@mail.com,+1-444-721-1818,Phoenix,USA,29612.44,436,2409799437
CUST002040,Sarah Johnson,customer2040@mail.com,+1-444-498-8907,Chicago,USA,23331.85,842,4341855503
CUST002041,Ava Walker,customer2041@mail.com,+1-444-692-9435,Phoenix,USA,46196.71,548,5682289792
CUST002042,Sarah Taylor,customer2042@mail.com,+1-444-559-6318,New York,USA,34858.93,743,3406594205
CUST002043,Emma Taylor,customer2043@mail.com,+1-444-175-1742,New York,USA,32030.3,427,7770089699
CUST002044,David Johnson,customer2044@mail.com,+1-444-608-5885,New York,USA,23491.63,388,5322738846
CUST002045,Michael Walker,customer2045@mail.com,+1-444-870-3739,Chicago,USA,21052.49,780,8516364932
CUST002046,Olivia Taylor,customer2046@mail.com,+1-444-105-7846,Chicago,USA,7112.61,481,7307709610
CUST002047,John Hall,customer2047@mail.com,+1-444-805-7029,Phoenix,USA,36160.22,318,1930564509
CUST002048,Daniel Davis,customer2048@mail.com,+1-444-112-6465,Chicago,USA,39175.92,374,3924450393
CUST002049,David Johnson,customer2049@mail.com,+1-444-294-3804,Phoenix,USA,34830.18,634,1871050258
CUST002050,Emma Davis,customer2050@mail.com,+1-444-563-4605,Phoenix,USA,47617.5,780,2816857057
CUST002051,Sophia Davis,customer2051@mail.com,+1-444-144-8289,New York,USA,25458.77,371,2071621505
CUST002052,John Wilson,customer2052@mail.com,+1-444-899-5283,Dallas,USA,40777.21,423,4385820679
CUST002053,David Johnson,customer2053@mail.com,+1-444-573-1158,New York,USA,48892.91,747,6650407029
CUST002054,John Brown,customer2054@mail.com,+1-444-299-4789,New York,USA,32494.54,757,1461627182
CUST002055,James Hall,customer2055@mail.com,+1-444-739-9370,Phoenix,USA,6932.78,319,8996865863
CUST002056,Michael Davis,customer2056@mail.com,+1-444-791-6911,Phoenix,USA,19669.47,746,1077162446
CUST002057,James Walker,customer2057@mail.com,+1-444-792-4974,Chicago,USA,28538.68,660,3022851097
CUST002058,Sarah Wilson,customer2058@mail.com,+1-444-802-3601,New York,USA,22547.35,840,2773616671
CUST002059,Olivia Wilson,customer2059@mail.com,+1-444-443-5995,Phoenix,USA,34487.65,339,5035405646
CUST002060,Daniel Smith,customer2060@mail.com,+1-444-267-3519,New York,USA,40120.54,660,7793949150
CUST002061,David Hall,customer2061@mail.com,+1-444-684-6583,Dallas,USA,41494.73,419,7916815105
CUST002062,Ava Clark,customer2062@mail.com,+1-444-329-9855,New York,USA,8139.43,624,8126906842
CUST002063,Sophia Lewis,customer2063@mail.com,+1-444-463-7235,Phoenix,USA,48598.78,708,5830436456
CUST002064,Emma Davis,customer2064@mail.com,+1-444-763-9891,Dallas,USA,49570.7,449,8131545202
CUST002065,Ava Walker,customer2065@mail.com,+1-444-300-8151,Dallas,USA,3546.88,416,6853207591
CUST002066,Sophia Davis,customer2066@mail.com,+1-444-471-2254,Dallas,USA,1287.3,443,9562266723
CUST002067,David Johnson,customer2067@mail.com,+1-444-180-4504,New York,USA,45542.92,608,9864891896
CUST002068,John Walker,customer2068@mail.com,+1-444-633-8539,Phoenix,USA,17067.72,483,5928099719
CUST002069,Emma Taylor,customer2069@mail.com,+1-444-961-3443,New York,USA,25852.72,750,5734046937
CUST002070,James Davis,customer2070@mail.com,+1-444-543-4417,Chicago,USA,5695.67,476,2202986374
CUST002071,Sophia Wilson,customer2071@mail.com,+1-444-901-5771,Phoenix,USA,49027.22,358,5311703955
CUST002072,Michael Hall,customer2072@mail.com,+1-444-877-9964,Chicago,USA,10257.59,438,5962253753
CUST002073,Ava Lewis,customer2073@mail.com,+1-444-706-6607,New York,USA,37767.11,414,5114201419
CUST002074,Sophia Wilson,customer2074@mail.com,+1-444-997-4345,Chicago,USA,26636.65,708,1235487032
CUST002075,Olivia Lewis,customer2075@mail.com,+1-444-555-6792,Dallas,USA,42816.86,451,9492282582
CUST002076,Ava Wilson,customer2076@mail.com,+1-444-799-7473,Dallas,USA,21324.36,821,1008134522
CUST002077,Daniel Smith,customer2077@mail.com,+1-444-434-8666,Dallas,USA,5567.54,564,1195520037
CUST002078,John Walker,customer2078@mail.com,+1-444-782-9705,Chicago,USA,39690.4,535,8839471203
CUST002079,Ava Smith,customer2079@mail.com,+1-444-753-4313,Phoenix,USA,23277.2,801,4986842784
CUST002080,John Davis,customer2080@mail.com,+1-444-496-2387,Phoenix,USA,35038.43,780,8657041125
CUST002081,James Smith,customer2081@mail.com,+1-444-830-2194,Dallas,USA,5863.69,824,2267952406
CUST002082,James Davis,customer2082@mail.com,+1-444-603-3723,Chicago,USA,38066.94,510,7660723821
CUST002083,Michael Lewis,customer2083@mail.com,+1-444-742-4038,Chicago,USA,29076.82,684,1981617827
CUST002084,John Smith,customer2084@mail.com,+1-444-305-2522,Dallas,USA,23435.76,385,3824274371
CUST002085,Emma Clark,customer2085@mail.com,+1-444-481-6223,New York,USA,49273.8,723,7255491762
CUST002086,Daniel Wilson,customer2086@mail.com,+1-444-260-5544,Phoenix,USA,27991.44,522,7419983494
CUST002087,Olivia Davis,customer2087@mail.com,+1-444-848-7910,New York,USA,44945.0,788,3910586158
CUST002088,Olivia Wilson,customer2088@mail.com,+1-444-484-9971,Dallas,USA,6709.74,504,2263323641
CUST002089,Michael Davis,customer2089@mail.com,+1-444-954-8874,Phoenix,USA,42708.9,316,6077679852
CUST002090,Ava Johnson,customer2090@mail.com,+1-444-954-4505,Chicago,USA,23707.96,374,8738102225
CUST002091,James Taylor,customer2091@mail.com,+1-444-617-7853,Dallas,USA,29105.03,675,2048967792
CUST002092,Ava Brown,customer2092@mail.com,+1-444-615-1277,Chicago,USA,20797.14,305,7546999567
CUST002093,David Davis,customer2093@mail.com,+1-444-142-4981,Phoenix,USA,28287.67,661,1579704097
CUST002094,Ava Lewis,customer2094@mail.com,+1-444-674-5928,Chicago,USA,4500.96,840,7108015278
CUST002095,Olivia Hall,customer2095@mail.com,+1-444-209-4586,Dallas,USA,26562.06,677,9000457410
CUST002096,Daniel Taylor,customer2096@mail.com,+1-444-530-3095,Chicago,USA,19552.58,681,9334525669
CUST002097,Daniel Hall,customer2097@mail.com,+1-444-301-7381,New York,USA,45747.17,628,3494744612
CUST002098,Ava Clark,customer2098@mail.com,+1-444-802-8902,New York,USA,40367.81,764,1929157150
CUST002099,Michael Taylor,customer2099@mail.com,+1-444-444-8708,Phoenix,USA,26129.56,797,9077926294
CUST002100,Sophia Taylor,customer2100@mail.com,+1-444-982-7534,Dallas,USA,1638.56,308,5780652309
CUST002101,Ava Lewis,customer2101@mail.com,+1-444-305-5257,New York,USA,41314.27,835,6422858658
CUST002102,Ava Walker,customer2102@mail.com,+1-444-147-1952,Dallas,USA,28043.34,602,3174234653
CUST002103,John Hall,customer2103@mail.com,+1-444-151-1016,Phoenix,USA,19735.3,743,5042288135
CUST002104,Sarah Davis,customer2104@mail.com,+1-444-498-5170,Chicago,USA,4500.16,457,9568739762
CUST002105,Sophia Lewis,customer2105@mail.com,+1-444-609-6227,New York,USA,9379.27,782,5887442814
CUST002106,Sophia Walker,customer2106@mail.com,+1-444-902-2308,Phoenix,USA,20489.17,559,9500071849
CUST002107,Daniel Wilson,customer2107@mail.com,+1-444-846-2078,Phoenix,USA,6010.82,684,9738451983
CUST002108,Olivia Smith,customer2108@mail.com,+1-444-276-2963,New York,USA,16472.29,626,7782374467
CUST002109,Ava Walker,customer2109@mail.com,+1-444-586-7646,Dallas,USA,28847.11,754,8765581712
CUST002110,Sophia Lewis,customer2110@mail.com,+1-444-452-5861,Chicago,USA,48828.89,743,3911541912
CUST002111,Emma Johnson,customer2111@mail.com,+1-444-200-4389,Phoenix,USA,22318.97,404,9973482433
CUST002112,Emma Brown,customer2112@mail.com,+1-444-870-7528,Dallas,USA,26336.26,522,6027756694
CUST002113,Sarah Johnson,customer2113@mail.com,+1-444-265-8755,Chicago,USA,14231.05,498,2837539473
CUST002114,Sarah Hall,customer2114@mail.com,+1-444-583-5109,Chicago,USA,8842.36,740,7830110361
CUST002115,James Clark,customer2115@mail.com,+1-444-303-2437,Dallas,USA,5116.72,666,1760759669
CUST002116,Olivia Walker,customer2116@mail.com,+1-444-762-5718,Dallas,USA,20083.8,815,1500332065
CUST002117,John Taylor,customer2117@mail.com,+1-444-868-2519,New York,USA,39844.07,749,1026438387
CUST002118,Emma Clark,customer2118@mail.com,+1-444-680-1384,Phoenix,USA,11621.65,741,8699583464
CUST002119,Sophia Lewis,customer2119@mail.com,+1-444-736-5237,Dallas,USA,37757.65,616,8886781298
CUST002120,Daniel Wilson,customer2120@mail.com,+1-444-978-4568,Chicago,USA,13585.09,483,6812050406
CUST002121,Emma Johnson,customer2121@mail.com,+1-444-361-1971,Dallas,USA,33573.96,350,6342334404
CUST002122,Michael Johnson,customer2122@mail.com,+1-444-977-4340,Chicago,USA,13551.03,454,3468590528
CUST002123,Sarah Davis,customer2123@mail.com,+1-444-476-1914,Chicago,USA,25546.78,794,2260654494
CUST002124,Ava Johnson,customer2124@mail.com,+1-444-333-6008,New York,USA,27930.57,613,9440528652
CUST002125,David Clark,customer2125@mail.com,+1-444-630-1068,Phoenix,USA,44910.06,829,6222363344
CUST002126,Michael Taylor,customer2126@mail.com,+1-444-176-9064,Phoenix,USA,10789.68,360,5085988397
CUST002127,Ava Lewis,customer2127@mail.com,+1-444-547-9414,Dallas,USA,21833.61,534,3323531043
CUST002128,John Clark,customer2128@mail.com,+1-444-714-9778,Phoenix,USA,42894.35,698,1479085533
CUST002129,Olivia Wilson,customer2129@mail.com,+1-444-247-9753,Dallas,USA,25687.43,750,9789059353
CUST002130,Daniel Clark,customer2130@mail.com,+1-444-632-4461,Chicago,USA,46426.87,432,8356795158
CUST002131,Sophia Lewis,customer2131@mail.com,+1-444-987-2169,Dallas,USA,13827.39,439,2696352117
CUST002132,Sophia Smith,customer2132@mail.com,+1-444-539-5981,New York,USA,484.55,396,3573253385
CUST002133,Michael Taylor,customer2133@mail.com,+1-444-697-5697,New York,USA,45197.93,346,7723318165
CUST002134,David Taylor,customer2134@mail.com,+1-444-853-8257,New York,USA,39736.77,516,3365944285
CUST002135,David Brown,customer2135@mail.com,+1-444-272-9748,Dallas,USA,5106.51,312,3816277155
CUST002136,Sophia Hall,customer2136@mail.com,+1-444-245-1848,New York,USA,10474.12,608,5054480057
CUST002137,Sophia Clark,customer2137@mail.com,+1-444-226-6349,Chicago,USA,30531.3,713,7900035314
CUST002138,Emma Taylor,customer2138@mail.com,+1-444-859-6381,Chicago,USA,28942.19,510,6482640063
CUST002139,James Walker,customer2139@mail.com,+1-444-856-7481,Chicago,USA,27486.99,576,6786135857
CUST002140,Olivia Walker,customer2140@mail.com,+1-444-441-3598,Phoenix,USA,21069.34,704,9474615268
CUST002141,Daniel Smith,customer2141@mail.com,+1-444-364-7513,Chicago,USA,781.9,333,2586709946
CUST002142,Michael Taylor,customer2142@mail.com,+1-444-305-9738,New York,USA,41427.75,316,9447349194
CUST002143,Michael Walker,customer2143@mail.com,+1-444-859-3094,Dallas,USA,32640.4,727,8714632982
CUST002144,Olivia Lewis,customer2144@mail.com,+1-444-221-7871,Chicago,USA,33067.96,449,1707215228
CUST002145,Michael Walker,customer2145@mail.com,+1-444-455-3348,Dallas,USA,28065.52,521,4126112526
CUST002146,Daniel Brown,customer2146@mail.com,+1-444-320-3618,New York,USA,36050.2,433,8481323650
CUST002147,James Walker,customer2147@mail.com,+1-444-884-3862,Dallas,USA,4520.36,457,2899959340
CUST002148,Sophia Johnson,customer2148@mail.com,+1-444-959-8293,Phoenix,USA,38549.14,463,2864661719
CUST002149,Sophia Davis,customer2149@mail.com,+1-444-709-5228,Phoenix,USA,16393.54,780,7701488650
CUST002150,Emma Walker,customer2150@mail.com,+1-444-629-1399,Phoenix,USA,38418.9,442,1570753951
CUST002151,Olivia Walker,customer2151@mail.com,+1-444-413-6814,Chicago,USA,21016.12,574,7566451092
CUST002152,John Walker,customer2152@mail.com,+1-444-108-7370,Phoenix,USA,2713.44,361,5770775882
CUST002153,Daniel Lewis,customer2153@mail.com,+1-444-899-9246,Chicago,USA,9183.23,386,1839951697
CUST002154,Ava Lewis,customer2154@mail.com,+1-444-753-9648,Phoenix,USA,2430.46,554,5901104639
CUST002155,David Hall,customer2155@mail.com,+1-444-430-8924,Phoenix,USA,21752.52,436,7485914848
CUST002156,Sarah Taylor,customer2156@mail.com,+1-444-400-7134,New York,USA,9488.97,484,1614643856
CUST002157,Michael Lewis,customer2157@mail.com,+1-444-821-6098,Phoenix,USA,10898.21,310,2820539774
CUST002158,David Johnson,customer2158@mail.com,+1-444-724-6574,Dallas,USA,40409.4,545,7404215261
CUST002159,James Taylor,customer2159@mail.com,+1-444-184-8772,New York,USA,7085.8,580,2684955426
CUST002160,Daniel Davis,customer2160@mail.com,+1-444-152-1034,Phoenix,USA,38594.59,732,8291168031
CUST002161,David Davis,customer2161@mail.com,+1-444-965-6022,Chicago,USA,44813.02,847,9942138123
CUST002162,John Taylor,customer2162@mail.com,+1-444-903-1817,Phoenix,USA,6034.64,477,4110563242
CUST002163,Daniel Clark,customer2163@mail.com,+1-444-135-9633,Dallas,USA,36646.9,570,5520888711
CUST002164,Sarah Johnson,customer2164@mail.com,+1-444-857-4155,Dallas,USA,48544.31,308,4324009609
CUST002165,Sophia Hall,customer2165@mail.com,+1-444-426-5185,Dallas,USA,7773.29,396,8625798943
CUST002166,Michael Clark,customer2166@mail.com,+1-444-535-2971,New York,USA,37938.42,499,3182720821
CUST002167,Ava Smith,customer2167@mail.com,+1-444-639-8615,Chicago,USA,17820.87,382,2691812382
CUST002168,Ava Johnson,customer2168@mail.com,+1-444-132-2636,Chicago,USA,49429.55,547,9245367557
CUST002169,Michael Walker,customer2169@mail.com,+1-444-982-8332,New York,USA,17835.54,509,9454862903
CUST002170,John Lewis,customer2170@mail.com,+1-444-631-6159,New York,USA,4825.18,753,9225700537
CUST002171,John Johnson,customer2171@mail.com,+1-444-169-1602,Dallas,USA,10209.82,749,9205765299
CUST002172,Sophia Taylor,customer2172@mail.com,+1-444-556-4415,Phoenix,USA,47650.46,316,3760595729
CUST002173,Emma Hall,customer2173@mail.com,+1-444-291-5195,Dallas,USA,16183.18,738,9056575755
CUST002174,John Wilson,customer2174@mail.com,+1-444-133-2907,Chicago,USA,6627.04,767,4026184702
CUST002175,Sarah Lewis,customer2175@mail.com,+1-444-503-2773,New York,USA,35739.01,811,8560232500
CUST002176,Olivia Hall,customer2176@mail.com,+1-444-150-8386,Dallas,USA,40218.2,626,4386550365
CUST002177,Olivia Walker,customer2177@mail.com,+1-444-852-2853,Chicago,USA,14594.5,539,9565739293
CUST002178,James Hall,customer2178@mail.com,+1-444-611-3386,Chicago,USA,28506.0,584,9288072129
CUST002179,Ava Hall,customer2179@mail.com,+1-444-447-7000,Dallas,USA,15530.15,725,1035932631
CUST002180,David Walker,customer2180@mail.com,+1-444-931-7616,Phoenix,USA,2405.8,555,9367485847
CUST002181,David Taylor,customer2181@mail.com,+1-444-200-6767,Dallas,USA,29120.28,660,8359292368
CUST002182,David Smith,customer2182@mail.com,+1-444-440-7933,Chicago,USA,13353.52,382,9872597283
CUST002183,Sarah Clark,customer2183@mail.com,+1-444-504-4567,New York,USA,5904.92,661,7221615539
CUST002184,Emma Davis,customer2184@mail.com,+1-444-168-5390,New York,USA,19262.92,416,3862561608
CUST002185,Olivia Taylor,customer2185@mail.com,+1-444-223-5513,New York,USA,6783.31,405,7299131042
CUST002186,David Clark,customer2186@mail.com,+1-444-797-9849,Chicago,USA,20034.35,800,3971845515
CUST002187,Sarah Taylor,customer2187@mail.com,+1-444-510-6449,Phoenix,USA,49173.65,562,8201327562
CUST002188,Sarah Wilson,customer2188@mail.com,+1-444-808-7156,Chicago,USA,45194.34,701,2624013173
CUST002189,Ava Johnson,customer2189@mail.com,+1-444-737-2377,Chicago,USA,33135.46,782,3379374531
CUST002190,Daniel Taylor,customer2190@mail.com,+1-444-471-3757,Dallas,USA,15812.07,789,5976838607
CUST002191,Daniel Walker,customer2191@mail.com,+1-444-211-7028,New York,USA,3087.99,344,9217953027
CUST002192,Olivia Smith,customer2192@mail.com,+1-444-154-6385,Dallas,USA,38721.59,798,9688669616
CUST002193,John Smith,customer2193@mail.com,+1-444-202-4145,Chicago,USA,37883.69,607,1614172917
CUST002194,Sophia Brown,customer2194@mail.com,+1-444-528-2124,New York,USA,31938.78,648,5564343175
CUST002195,Sophia Wilson,customer2195@mail.com,+1-444-356-2392,Chicago,USA,42297.29,685,8910278037
CUST002196,John Lewis,customer2196@mail.com,+1-444-710-7131,Phoenix,USA,26356.6,437,5931285088
CUST002197,James Johnson,customer2197@mail.com,+1-444-559-5258,Dallas,USA,33319.42,331,8651202835
CUST002198,David Smith,customer2198@mail.com,+1-444-170-4840,New York,USA,41744.84,809,8947523450
CUST002199,Olivia Wilson,customer2199@mail.com,+1-444-462-5993,Chicago,USA,27566.53,700,9393700851
CUST002200,Sophia Smith,customer2200@mail.com,+1-444-954-9690,Phoenix,USA,42006.98,544,9547040355
CUST002201,Michael Wilson,customer2201@mail.com,+1-444-353-2723,New York,USA,8021.83,403,5293528086
CUST002202,David Hall,customer2202@mail.com,+1-444-464-2520,Dallas,USA,1010.58,783,8708643162
CUST002203,Daniel Clark,customer2203@mail.com,+1-444-609-8918,Phoenix,USA,40417.16,724,8998452273
CUST002204,Emma Lewis,customer2204@mail.com,+1-444-452-1751,Chicago,USA,22174.35,517,2222618384
CUST002205,Sophia Walker,customer2205@mail.com,+1-444-657-8524,New York,USA,3577.54,517,7896065929
CUST002206,David Wilson,customer2206@mail.com,+1-444-222-9735,Phoenix,USA,33687.28,733,6787709948
CUST002207,Emma Wilson,customer2207@mail.com,+1-444-769-7584,Phoenix,USA,45299.55,575,7604371445
CUST002208,David Brown,customer2208@mail.com,+1-444-300-4877,Dallas,USA,12180.03,724,6089986841
CUST002209,Olivia Lewis,customer2209@mail.com,+1-444-244-7533,Phoenix,USA,26280.18,785,5707330973
CUST002210,Daniel Brown,customer2210@mail.com,+1-444-400-4286,Dallas,USA,2010.77,651,5142767623
CUST002211,Emma Johnson,customer2211@mail.com,+1-444-477-4440,Chicago,USA,27352.43,832,3941064982
CUST002212,Daniel Wilson,customer2212@mail.com,+1-444-898-2819,Chicago,USA,30018.78,619,3698285811
CUST002213,Michael Smith,customer2213@mail.com,+1-444-791-7918,Chicago,USA,17515.1,600,2245760741
CUST002214,Ava Lewis,customer2214@mail.com,+1-444-590-6642,Dallas,USA,37081.06,840,6553225929
CUST002215,David Brown,customer2215@mail.com,+1-444-640-6652,Chicago,USA,36354.76,325,1368146984
CUST002216,Emma Taylor,customer2216@mail.com,+1-444-496-6639,Dallas,USA,5005.51,507,7327131626
CUST002217,David Lewis,customer2217@mail.com,+1-444-545-3593,Phoenix,USA,22471.4,831,1237880181
CUST002218,Ava Hall,customer2218@mail.com,+1-444-198-9004,Phoenix,USA,31921.44,512,8796647845
CUST002219,Sophia Brown,customer2219@mail.com,+1-444-325-3872,Chicago,USA,37810.87,617,8791023503
CUST002220,Sarah Hall,customer2220@mail.com,+1-444-630-9868,Dallas,USA,32817.67,351,5021758646
CUST002221,James Smith,customer2221@mail.com,+1-444-565-6162,Chicago,USA,16230.68,689,1944022338
CUST002222,Sophia Johnson,customer2222@mail.com,+1-444-927-8927,Chicago,USA,42432.23,608,3797812996
CUST002223,Michael Brown,customer2223@mail.com,+1-444-948-2784,Phoenix,USA,39692.4,724,8836688304
CUST002224,Michael Walker,customer2224@mail.com,+1-444-265-3835,Chicago,USA,15571.98,631,1754234577
CUST002225,David Lewis,customer2225@mail.com,+1-444-701-5939,Dallas,USA,26962.42,374,5434614344
CUST002226,Michael Lewis,customer2226@mail.com,+1-444-683-2850,Phoenix,USA,35899.57,353,2547294420
CUST002227,Sarah Hall,customer2227@mail.com,+1-444-865-8273,Phoenix,USA,14025.04,515,3287068182
CUST002228,John Lewis,customer2228@mail.com,+1-444-601-7067,New York,USA,12487.13,374,1896680281
CUST002229,Olivia Johnson,customer2229@mail.com,+1-444-698-8031,Dallas,USA,31106.64,710,6541192963
CUST002230,Daniel Walker,customer2230@mail.com,+1-444-536-4267,New York,USA,27605.54,515,5900461768
CUST002231,Sophia Davis,customer2231@mail.com,+1-444-540-5338,Chicago,USA,16571.58,403,7092201029
CUST002232,Emma Clark,customer2232@mail.com,+1-444-192-7715,New York,USA,33548.75,424,9350541573
CUST002233,Michael Brown,customer2233@mail.com,+1-444-538-7240,Dallas,USA,15431.08,749,6644726981
CUST002234,John Davis,customer2234@mail.com,+1-444-213-7045,New York,USA,38756.46,712,6644295818
CUST002235,John Clark,customer2235@mail.com,+1-444-909-6911,Phoenix,USA,5413.83,765,8477792436
CUST002236,Ava Smith,customer2236@mail.com,+1-444-254-9676,Chicago,USA,21549.49,646,4214093401
CUST002237,Ava Hall,customer2237@mail.com,+1-444-650-8558,New York,USA,49245.83,747,9630580166
CUST002238,James Taylor,customer2238@mail.com,+1-444-916-8681,Chicago,USA,28493.15,514,4606672061
CUST002239,Olivia Johnson,customer2239@mail.com,+1-444-667-5453,Chicago,USA,21703.73,797,9641903115
CUST002240,James Wilson,customer2240@mail.com,+1-444-909-6345,Dallas,USA,46793.45,355,7863711011
CUST002241,Sarah Clark,customer2241@mail.com,+1-444-715-3067,Dallas,USA,7114.55,398,3018767740
CUST002242,Sarah Davis,customer2242@mail.com,+1-444-598-9509,New York,USA,24814.26,811,9861544806
CUST002243,Michael Davis,customer2243@mail.com,+1-444-706-1209,Phoenix,USA,27766.49,836,6001500217
CUST002244,Ava Smith,customer2244@mail.com,+1-444-710-4732,New York,USA,27932.62,355,4890700487
CUST002245,Ava Davis,customer2245@mail.com,+1-444-102-1660,Phoenix,USA,46036.23,348,5011281577
CUST002246,Sarah Taylor,customer2246@mail.com,+1-444-111-3220,Phoenix,USA,26670.77,590,2585887132
CUST002247,Olivia Johnson,customer2247@mail.com,+1-444-700-2512,Chicago,USA,2735.77,306,6568044872
CUST002248,David Hall,customer2248@mail.com,+1-444-621-4416,Dallas,USA,4437.29,318,1963601278
CUST002249,Daniel Brown,customer2249@mail.com,+1-444-594-3869,New York,USA,34198.34,794,5104130864
CUST002250,Olivia Lewis,customer2250@mail.com,+1-444-103-3379,New York,USA,45221.58,481,9128015503
CUST002251,John Smith,customer2251@mail.com,+1-444-681-7747,New York,USA,14958.54,545,6832067832
CUST002252,James Lewis,customer2252@mail.com,+1-444-200-3589,New York,USA,45232.74,804,6734465500
CUST002253,Daniel Hall,customer2253@mail.com,+1-444-546-7941,New York,USA,5599.01,343,3785535993
CUST002254,Emma Lewis,customer2254@mail.com,+1-444-607-9306,Chicago,USA,14173.38,848,6442350353
CUST002255,Michael Clark,customer2255@mail.com,+1-444-130-7572,Phoenix,USA,3427.15,800,6659341847
CUST002256,Emma Taylor,customer2256@mail.com,+1-444-499-6362,Phoenix,USA,28793.68,346,5616148623
CUST002257,James Smith,customer2257@mail.com,+1-444-179-5024,Chicago,USA,26530.18,336,7064351289
CUST002258,Olivia Davis,customer2258@mail.com,+1-444-549-8417,Phoenix,USA,35966.31,676,9818062497
CUST002259,David Lewis,customer2259@mail.com,+1-444-300-5663,Dallas,USA,41595.16,520,2604082276
CUST002260,Sophia Wilson,customer2260@mail.com,+1-444-923-9107,Chicago,USA,34082.18,355,5807867716
CUST002261,John Hall,customer2261@mail.com,+1-444-437-5778,Phoenix,USA,8226.23,477,5962959948
CUST002262,David Taylor,customer2262@mail.com,+1-444-459-2141,New York,USA,1404.28,533,8065686583
CUST002263,Ava Taylor,customer2263@mail.com,+1-444-208-2540,Dallas,USA,42768.13,403,2871291010
CUST002264,James Johnson,customer2264@mail.com,+1-444-498-5445,Phoenix,USA,31347.25,620,4013849232
CUST002265,Sophia Walker,customer2265@mail.com,+1-444-208-5680,Dallas,USA,48611.12,583,8567651645
CUST002266,Olivia Wilson,customer2266@mail.com,+1-444-551-3783,Dallas,USA,21472.72,345,8439259210
CUST002267,Sarah Clark,customer2267@mail.com,+1-444-562-4123,Chicago,USA,29910.03,545,1408823165
CUST002268,David Clark,customer2268@mail.com,+1-444-232-2494,Phoenix,USA,40221.83,781,9643250802
CUST002269,John Taylor,customer2269@mail.com,+1-444-108-6292,Phoenix,USA,9650.78,310,2591973020
CUST002270,Emma Clark,customer2270@mail.com,+1-444-389-4481,New York,USA,6785.39,477,3232397454
CUST002271,Daniel Wilson,customer2271@mail.com,+1-444-476-7175,Dallas,USA,35722.96,417,1125134145
CUST002272,James Wilson,customer2272@mail.com,+1-444-951-1501,New York,USA,9790.96,432,8903129419
CUST002273,David Brown,customer2273@mail.com,+1-444-280-6579,Chicago,USA,3540.6,428,8074043788
CUST002274,Sarah Hall,customer2274@mail.com,+1-444-604-6554,Dallas,USA,32550.94,732,5339242663
CUST002275,David Walker,customer2275@mail.com,+1-444-737-5952,Dallas,USA,33037.05,502,9231663096
CUST002276,Michael Taylor,customer2276@mail.com,+1-444-534-8941,New York,USA,19018.5,469,5305921959
CUST002277,Michael Clark,customer2277@mail.com,+1-444-231-8667,Phoenix,USA,26474.84,703,5757628544
CUST002278,Ava Lewis,customer2278@mail.com,+1-444-959-4040,New York,USA,44369.0,372,5980995380
CUST002279,David Lewis,customer2279@mail.com,+1-444-624-7613,Phoenix,USA,28628.89,609,6123682223
CUST002280,James Wilson,customer2280@mail.com,+1-444-469-3397,New York,USA,32582.94,320,5187573364
CUST002281,Sophia Brown,customer2281@mail.com,+1-444-722-3897,Chicago,USA,39150.83,731,5150695586
CUST002282,Olivia Clark,customer2282@mail.com,+1-444-822-2684,Dallas,USA,32468.31,641,7943336314
CUST002283,Daniel Johnson,customer2283@mail.com,+1-444-494-9275,Phoenix,USA,10073.06,801,1153842749
CUST002284,Sarah Taylor,customer2284@mail.com,+1-444-802-2057,Phoenix,USA,28519.44,777,8288008762
CUST002285,Ava Brown,customer2285@mail.com,+1-444-611-6485,Phoenix,USA,40247.99,317,4886086455
CUST002286,Emma Taylor,customer2286@mail.com,+1-444-433-4608,Chicago,USA,44957.0,342,3375725993
CUST002287,James Smith,customer2287@mail.com,+1-444-183-5088,Phoenix,USA,39474.28,627,3444974833
CUST002288,Daniel Johnson,customer2288@mail.com,+1-444-350-3912,New York,USA,8768.1,691,6741656407
CUST002289,David Davis,customer2289@mail.com,+1-444-982-6218,Dallas,USA,33181.94,621,5563426705
CUST002290,James Walker,customer2290@mail.com,+1-444-380-1547,Chicago,USA,42883.9,430,9495291164
CUST002291,Olivia Walker,customer2291@mail.com,+1-444-902-8191,New York,USA,33637.28,698,6251932496
CUST002292,Sarah Clark,customer2292@mail.com,+1-444-972-8701,New York,USA,41119.46,643,5896431519
CUST002293,James Lewis,customer2293@mail.com,+1-444-413-6507,Phoenix,USA,35218.76,714,1817642887
CUST002294,Olivia Johnson,customer2294@mail.com,+1-444-428-9054,Dallas,USA,14423.96,649,8328731443
CUST002295,Ava Taylor,customer2295@mail.com,+1-444-106-6200,Phoenix,USA,19867.28,675,8180879984
CUST002296,James Walker,customer2296@mail.com,+1-444-236-2614,Phoenix,USA,6569.82,309,1017601209
CUST002297,Sarah Clark,customer2297@mail.com,+1-444-238-3076,Chicago,USA,19291.68,684,4687325970
CUST002298,Sophia Taylor,customer2298@mail.com,+1-444-401-1782,Phoenix,USA,28812.73,761,5882309509
CUST002299,Daniel Clark,customer2299@mail.com,+1-444-663-3335,Chicago,USA,39415.47,590,6471424086
CUST002300,Sarah Brown,customer2300@mail.com,+1-444-864-1839,New York,USA,7820.74,320,1630540326
CUST002301,James Brown,customer2301@mail.com,+1-444-184-2334,Dallas,USA,15679.85,543,2529280722
CUST002302,James Wilson,customer2302@mail.com,+1-444-679-4154,Chicago,USA,22368.71,418,5318277319
CUST002303,Michael Taylor,customer2303@mail.com,+1-444-939-6000,Chicago,USA,16369.53,714,3835347409
CUST002304,Emma Wilson,customer2304@mail.com,+1-444-653-5335,Phoenix,USA,1115.24,791,8543171715
CUST002305,James Clark,customer2305@mail.com,+1-444-383-3210,Chicago,USA,48887.26,405,3186124816
CUST002306,Daniel Taylor,customer2306@mail.com,+1-444-887-7172,Chicago,USA,3323.19,675,3869715096
CUST002307,John Smith,customer2307@mail.com,+1-444-662-6283,New York,USA,11864.93,493,3454774200
CUST002308,Olivia Lewis,customer2308@mail.com,+1-444-619-9513,New York,USA,44234.17,809,7689136701
CUST002309,Michael Lewis,customer2309@mail.com,+1-444-922-5498,Chicago,USA,21397.99,655,8475631560
CUST002310,Emma Taylor,customer2310@mail.com,+1-444-997-1419,Dallas,USA,14063.21,752,1807786766
CUST002311,David Taylor,customer2311@mail.com,+1-444-578-6773,New York,USA,15404.55,737,8340031601
CUST002312,James Davis,customer2312@mail.com,+1-444-745-7610,Chicago,USA,13034.9,308,6590529648
CUST002313,Olivia Brown,customer2313@mail.com,+1-444-700-3108,Phoenix,USA,30346.33,402,7679505155
CUST002314,Sophia Brown,customer2314@mail.com,+1-444-783-8881,New York,USA,6450.42,505,3903629705
CUST002315,Sophia Johnson,customer2315@mail.com,+1-444-439-9681,New York,USA,10669.96,787,6108535867
CUST002316,David Brown,customer2316@mail.com,+1-444-651-2950,New York,USA,12380.92,353,3252160465
CUST002317,Sarah Hall,customer2317@mail.com,+1-444-798-6071,Dallas,USA,4150.59,531,9298648761
CUST002318,Ava Lewis,customer2318@mail.com,+1-444-171-4819,Dallas,USA,30080.16,300,5345294757
CUST002319,Daniel Brown,customer2319@mail.com,+1-444-729-2389,New York,USA,13928.99,435,1303089170
CUST002320,Olivia Walker,customer2320@mail.com,+1-444-136-9303,Phoenix,USA,48867.8,560,7230152051
CUST002321,Sarah Brown,customer2321@mail.com,+1-444-669-1895,New York,USA,36367.85,366,1315859812
CUST002322,Michael Wilson,customer2322@mail.com,+1-444-135-9527,New York,USA,2531.79,341,1768248788
CUST002323,Olivia Brown,customer2323@mail.com,+1-444-336-2370,Dallas,USA,38770.03,701,8009146816
CUST002324,Michael Brown,customer2324@mail.com,+1-444-168-8058,Chicago,USA,24671.24,360,1447788203
CUST002325,David Johnson,customer2325@mail.com,+1-444-549-1167,Dallas,USA,25288.51,523,1014055101
CUST002326,Ava Taylor,customer2326@mail.com,+1-444-141-5001,Chicago,USA,28989.1,385,7597984871
CUST002327,Emma Davis,customer2327@mail.com,+1-444-992-3337,Phoenix,USA,18073.79,377,2092299553
CUST002328,Daniel Smith,customer2328@mail.com,+1-444-563-3500,New York,USA,5636.0,663,9300667694
CUST002329,Olivia Brown,customer2329@mail.com,+1-444-444-1008,Phoenix,USA,40010.46,572,4665288843
CUST002330,David Taylor,customer2330@mail.com,+1-444-547-6925,Dallas,USA,7638.17,542,3963032584
CUST002331,Sarah Walker,customer2331@mail.com,+1-444-839-1519,Chicago,USA,7951.25,828,6755148169
CUST002332,James Clark,customer2332@mail.com,+1-444-973-4476,Dallas,USA,37186.42,456,3705700193
CUST002333,Michael Clark,customer2333@mail.com,+1-444-135-4817,Chicago,USA,39663.52,346,5679078918
CUST002334,Daniel Taylor,customer2334@mail.com,+1-444-216-6383,New York,USA,18524.04,351,5188079870
CUST002335,John Taylor,customer2335@mail.com,+1-444-158-1666,New York,USA,9866.43,389,6874302422
CUST002336,James Wilson,customer2336@mail.com,+1-444-166-2194,Phoenix,USA,37096.73,814,2589310789
CUST002337,Ava Clark,customer2337@mail.com,+1-444-654-3412,Phoenix,USA,46230.88,728,7304132451
CUST002338,Ava Hall,customer2338@mail.com,+1-444-114-4456,Dallas,USA,4766.07,435,2225923164
CUST002339,David Hall,customer2339@mail.com,+1-444-761-7659,Phoenix,USA,2059.23,737,1751238457
CUST002340,James Taylor,customer2340@mail.com,+1-444-670-5172,New York,USA,20267.15,806,8261965251
CUST002341,James Brown,customer2341@mail.com,+1-444-989-5893,Phoenix,USA,7458.2,413,2622779676
CUST002342,Sophia Hall,customer2342@mail.com,+1-444-501-3002,Phoenix,USA,39779.88,847,1788317023
CUST002343,Daniel Clark,customer2343@mail.com,+1-444-860-1955,Dallas,USA,7204.89,379,3195514391
CUST002344,John Taylor,customer2344@mail.com,+1-444-261-5009,Dallas,USA,34846.11,577,8099592944
CUST002345,David Johnson,customer2345@mail.com,+1-444-277-5182,Phoenix,USA,33225.65,805,3949081018
CUST002346,Sophia Taylor,customer2346@mail.com,+1-444-845-1182,Dallas,USA,4352.39,593,5263017961
CUST002347,Olivia Taylor,customer2347@mail.com,+1-444-402-3829,New York,USA,3220.79,457,2926227944
CUST002348,Michael Johnson,customer2348@mail.com,+1-444-552-6962,Phoenix,USA,16293.1,468,9169117762
CUST002349,John Walker,customer2349@mail.com,+1-444-292-3543,Chicago,USA,40784.0,343,5698546752
CUST002350,Emma Davis,customer2350@mail.com,+1-444-352-6378,New York,USA,29856.95,628,4552901844
CUST002351,Olivia Wilson,customer2351@mail.com,+1-444-222-1209,New York,USA,41377.76,800,3211008921
CUST002352,Daniel Brown,customer2352@mail.com,+1-444-964-7138,New York,USA,27786.68,357,5072852387
CUST002353,Sarah Walker,customer2353@mail.com,+1-444-508-3853,Chicago,USA,28218.43,655,5753572395
CUST002354,David Taylor,customer2354@mail.com,+1-444-437-8815,Dallas,USA,20586.27,348,9684961079
CUST002355,Emma Smith,customer2355@mail.com,+1-444-374-7133,Phoenix,USA,16994.55,532,2767081927
CUST002356,Sophia Hall,customer2356@mail.com,+1-444-803-5923,Phoenix,USA,39183.66,572,5857908445
CUST002357,Emma Davis,customer2357@mail.com,+1-444-506-3358,Dallas,USA,19354.67,484,9825113831
CUST002358,James Brown,customer2358@mail.com,+1-444-698-6852,Dallas,USA,7583.27,672,8535820806
CUST002359,Ava Brown,customer2359@mail.com,+1-444-795-1462,New York,USA,30352.06,691,2286600558
CUST002360,James Davis,customer2360@mail.com,+1-444-114-3292,Chicago,USA,11962.41,742,6129987040
CUST002361,James Lewis,customer2361@mail.com,+1-444-937-2227,Dallas,USA,45520.41,673,7935896959
CUST002362,Olivia Lewis,customer2362@mail.com,+1-444-879-2767,Phoenix,USA,21216.05,527,3860093102
CUST002363,John Walker,customer2363@mail.com,+1-444-370-6041,Chicago,USA,42779.54,584,5207189726
CUST002364,Sophia Clark,customer2364@mail.com,+1-444-635-1678,New York,USA,37537.36,518,6965498189
CUST002365,John Davis,customer2365@mail.com,+1-444-378-5399,New York,USA,20876.1,584,4311454002
CUST002366,Sophia Lewis,customer2366@mail.com,+1-444-368-7859,Dallas,USA,39958.72,641,6987241291
CUST002367,James Wilson,customer2367@mail.com,+1-444-980-7636,New York,USA,49784.2,601,2280080913
CUST002368,Sophia Brown,customer2368@mail.com,+1-444-531-2888,New York,USA,25636.56,754,7059912532
CUST002369,Sophia Clark,customer2369@mail.com,+1-444-345-5811,Dallas,USA,13708.49,689,6418011106
CUST002370,Ava Walker,customer2370@mail.com,+1-444-399-8813,Chicago,USA,48830.3,523,9755611274
CUST002371,John Walker,customer2371@mail.com,+1-444-941-2999,Chicago,USA,24935.0,600,1489571159
CUST002372,David Wilson,customer2372@mail.com,+1-444-138-6002,Phoenix,USA,21107.85,612,5486117042
CUST002373,Emma Taylor,customer2373@mail.com,+1-444-583-6159,Chicago,USA,4568.62,630,5042286308
CUST002374,Michael Brown,customer2374@mail.com,+1-444-907-9924,Dallas,USA,6426.69,795,1461026992
CUST002375,John Walker,customer2375@mail.com,+1-444-553-6403,Chicago,USA,33214.74,450,9734082369
CUST002376,Sarah Walker,customer2376@mail.com,+1-444-595-5468,New York,USA,49982.92,454,4756335087
CUST002377,Daniel Smith,customer2377@mail.com,+1-444-383-2770,Chicago,USA,17533.84,615,9840646745
CUST002378,Daniel Wilson,customer2378@mail.com,+1-444-695-9876,Phoenix,USA,10488.47,423,2883680100
CUST002379,Ava Davis,customer2379@mail.com,+1-444-939-1439,New York,USA,31730.58,817,2865126624
CUST002380,Ava Clark,customer2380@mail.com,+1-444-565-5186,Phoenix,USA,5796.06,780,1060633708
CUST002381,Sophia Taylor,customer2381@mail.com,+1-444-861-1805,Phoenix,USA,2452.66,380,1355440960
CUST002382,Olivia Brown,customer2382@mail.com,+1-444-679-6651,Dallas,USA,4941.04,460,3148748246
CUST002383,Olivia Hall,customer2383@mail.com,+1-444-803-8460,New York,USA,13764.42,470,8867355022
CUST002384,Sarah Johnson,customer2384@mail.com,+1-444-437-3029,Chicago,USA,29615.9,800,8638068626
CUST002385,Sophia Clark,customer2385@mail.com,+1-444-639-8466,Dallas,USA,28825.36,736,7434916563
CUST002386,Emma Brown,customer2386@mail.com,+1-444-375-1668,Phoenix,USA,19871.13,683,2321258785
CUST002387,James Brown,customer2387@mail.com,+1-444-542-9184,Chicago,USA,31510.8,699,2682519330
CUST002388,Daniel Wilson,customer2388@mail.com,+1-444-514-5323,Chicago,USA,37198.99,743,7554127703
CUST002389,Sophia Clark,customer2389@mail.com,+1-444-202-9330,Phoenix,USA,24259.29,304,1728593406
CUST002390,Sophia Taylor,customer2390@mail.com,+1-444-860-3290,Phoenix,USA,12984.53,320,8325953321
CUST002391,David Lewis,customer2391@mail.com,+1-444-405-7243,Chicago,USA,13534.82,316,4222568628
CUST002392,Ava Wilson,customer2392@mail.com,+1-444-370-1827,Phoenix,USA,29631.0,572,3487003473
CUST002393,Ava Brown,customer2393@mail.com,+1-444-587-4994,Chicago,USA,43419.63,604,2078668729
CUST002394,David Smith,customer2394@mail.com,+1-444-994-5448,New York,USA,9790.05,576,7358462221
CUST002395,Emma Lewis,customer2395@mail.com,+1-444-397-6451,Chicago,USA,20254.84,533,1202680611
CUST002396,Michael Taylor,customer2396@mail.com,+1-444-793-6326,Dallas,USA,35560.06,428,3151067689
CUST002397,Emma Taylor,customer2397@mail.com,+1-444-996-5167,Dallas,USA,44510.19,396,9511544190
CUST002398,Sarah Hall,customer2398@mail.com,+1-444-681-8539,New York,USA,7723.42,800,5909819815
CUST002399,James Lewis,customer2399@mail.com,+1-444-711-9907,New York,USA,34150.98,760,4590106897
CUST002400,James Davis,customer2400@mail.com,+1-444-174-3506,New York,USA,26482.2,485,7516394339
CUST002401,Ava Walker,customer2401@mail.com,+1-444-417-9991,Chicago,USA,40463.05,644,2546723745
CUST002402,John Wilson,customer2402@mail.com,+1-444-432-8860,New York,USA,15540.85,471,8497821507
CUST002403,John Smith,customer2403@mail.com,+1-444-707-1624,Phoenix,USA,17734.55,692,8358952324
CUST002404,Olivia Wilson,customer2404@mail.com,+1-444-960-7279,New York,USA,27893.2,336,7473157967
CUST002405,Ava Johnson,customer2405@mail.com,+1-444-349-4021,Dallas,USA,27522.49,846,8485482514
CUST002406,Olivia Brown,customer2406@mail.com,+1-444-264-1446,Dallas,USA,31092.84,409,6330049018
CUST002407,Ava Walker,customer2407@mail.com,+1-444-220-9898,New York,USA,22094.46,549,4149832585
CUST002408,Olivia Brown,customer2408@mail.com,+1-444-335-5696,Chicago,USA,18484.58,741,7334650914
CUST002409,Michael Lewis,customer2409@mail.com,+1-444-611-2395,Dallas,USA,3121.41,499,1765951760
CUST002410,Daniel Lewis,customer2410@mail.com,+1-444-592-5999,Dallas,USA,26678.33,754,8597885096
CUST002411,David Johnson,customer2411@mail.com,+1-444-467-9023,New York,USA,16612.98,597,9539757189
CUST002412,Daniel Clark,customer2412@mail.com,+1-444-695-8821,Chicago,USA,1134.24,475,1852524301
CUST002413,James Johnson,customer2413@mail.com,+1-444-888-5855,New York,USA,980.29,494,8926084640
CUST002414,Michael Johnson,customer2414@mail.com,+1-444-661-2033,Dallas,USA,39028.22,480,2023061357
CUST002415,Emma Clark,customer2415@mail.com,+1-444-147-6192,New York,USA,37913.62,812,7421042712
CUST002416,James Johnson,customer2416@mail.com,+1-444-245-1760,New York,USA,43540.21,420,1686388366
CUST002417,Ava Lewis,customer2417@mail.com,+1-444-669-3013,Phoenix,USA,38549.3,666,7766807424
CUST002418,Olivia Clark,customer2418@mail.com,+1-444-845-8006,Phoenix,USA,13704.79,396,6380378265
CUST002419,Olivia Wilson,customer2419@mail.com,+1-444-436-5421,New York,USA,22384.21,395,3108373807
CUST002420,Sarah Walker,customer2420@mail.com,+1-444-175-5843,Dallas,USA,20864.86,592,2719288416
CUST002421,James Brown,customer2421@mail.com,+1-444-180-3312,Phoenix,USA,33308.27,606,5524417185
CUST002422,Ava Smith,customer2422@mail.com,+1-444-393-6851,Dallas,USA,39663.1,488,9846106254
CUST002423,David Brown,customer2423@mail.com,+1-444-884-6150,Dallas,USA,20000.4,544,4790954377
CUST002424,James Smith,customer2424@mail.com,+1-444-150-2214,Phoenix,USA,43382.27,803,7080333767
CUST002425,Michael Davis,customer2425@mail.com,+1-444-957-2846,Chicago,USA,9442.94,797,6278602971
CUST002426,Michael Davis,customer2426@mail.com,+1-444-174-7868,Dallas,USA,3312.04,532,9740397863
CUST002427,Daniel Clark,customer2427@mail.com,+1-444-825-6017,Phoenix,USA,31559.62,707,3162540109
CUST002428,Emma Smith,customer2428@mail.com,+1-444-748-1880,Phoenix,USA,38123.08,470,9307305589
CUST002429,John Smith,customer2429@mail.com,+1-444-844-6151,Chicago,USA,3192.61,328,6582687115
CUST002430,Daniel Smith,customer2430@mail.com,+1-444-995-8293,New York,USA,34534.65,420,8899478371
CUST002431,Ava Davis,customer2431@mail.com,+1-444-541-2534,Dallas,USA,25110.42,324,3293690033
CUST002432,Emma Brown,customer2432@mail.com,+1-444-897-3285,Chicago,USA,42827.43,594,4030885252
CUST002433,James Brown,customer2433@mail.com,+1-444-737-5362,Chicago,USA,41065.13,822,2707963430
CUST002434,Michael Clark,customer2434@mail.com,+1-444-181-6872,Phoenix,USA,39186.52,501,6390189152
CUST002435,Daniel Davis,customer2435@mail.com,+1-444-375-7921,Chicago,USA,183.19,381,8960557362
CUST002436,James Brown,customer2436@mail.com,+1-444-114-2475,New York,USA,39939.39,321,3958498407
CUST002437,Daniel Smith,customer2437@mail.com,+1-444-993-8466,Chicago,USA,40300.12,470,9602952747
CUST002438,Michael Johnson,customer2438@mail.com,+1-444-555-8587,Phoenix,USA,36280.96,749,7693847292
CUST002439,Olivia Johnson,customer2439@mail.com,+1-444-623-9183,Phoenix,USA,45022.01,654,6002154207
CUST002440,David Brown,customer2440@mail.com,+1-444-244-5613,Dallas,USA,32736.69,493,1155254268
CUST002441,Sarah Taylor,customer2441@mail.com,+1-444-860-6225,Phoenix,USA,20456.78,396,1780546300
CUST002442,Sarah Walker,customer2442@mail.com,+1-444-918-1858,Chicago,USA,18110.83,361,7563356617
CUST002443,Ava Johnson,customer2443@mail.com,+1-444-471-8371,Dallas,USA,14979.9,625,4960678389
CUST002444,Sophia Taylor,customer2444@mail.com,+1-444-726-4405,Chicago,USA,4445.11,300,8376303700
CUST002445,Emma Hall,customer2445@mail.com,+1-444-495-2447,Phoenix,USA,22201.97,360,6889212106
CUST002446,Sophia Clark,customer2446@mail.com,+1-444-929-6183,Phoenix,USA,41003.52,837,5074178798
CUST002447,Sophia Smith,customer2447@mail.com,+1-444-374-4280,Dallas,USA,11561.39,826,8322443615
CUST002448,Sarah Davis,customer2448@mail.com,+1-444-260-4428,Dallas,USA,22339.81,654,2207882227
CUST002449,John Davis,customer2449@mail.com,+1-444-731-2179,Dallas,USA,5933.81,363,7955568567
CUST002450,Daniel Smith,customer2450@mail.com,+1-444-387-6154,New York,USA,37027.22,746,8595818027
CUST002451,Michael Johnson,customer2451@mail.com,+1-444-370-7550,Phoenix,USA,49357.36,777,1362142640
CUST002452,Sarah Hall,customer2452@mail.com,+1-444-944-3201,Chicago,USA,26812.76,497,5969563868
CUST002453,John Johnson,customer2453@mail.com,+1-444-178-6453,Phoenix,USA,49379.61,662,2717924142
CUST002454,Ava Lewis,customer2454@mail.com,+1-444-342-7683,Chicago,USA,6186.86,352,1362994646
CUST002455,John Clark,customer2455@mail.com,+1-444-401-9148,Dallas,USA,40057.54,433,4595770714
CUST002456,Emma Johnson,customer2456@mail.com,+1-444-888-5615,Phoenix,USA,249.6,647,3559710351
CUST002457,James Lewis,customer2457@mail.com,+1-444-221-3735,Dallas,USA,45929.66,429,3363886917
CUST002458,Sophia Clark,customer2458@mail.com,+1-444-336-8713,New York,USA,25961.36,773,3308515801
CUST002459,Michael Davis,customer2459@mail.com,+1-444-602-7365,New York,USA,23079.37,606,2695373406
CUST002460,Emma Johnson,customer2460@mail.com,+1-444-181-3572,Phoenix,USA,49053.07,605,3144321578
CUST002461,Daniel Smith,customer2461@mail.com,+1-444-385-6761,Dallas,USA,43940.31,713,9263816468
CUST002462,Ava Taylor,customer2462@mail.com,+1-444-529-7271,Phoenix,USA,46088.17,844,4657307769
CUST002463,Michael Davis,customer2463@mail.com,+1-444-632-7605,Phoenix,USA,9952.96,665,3166423615
CUST002464,David Lewis,customer2464@mail.com,+1-444-323-4746,Chicago,USA,14232.63,830,1611080203
CUST002465,Olivia Brown,customer2465@mail.com,+1-444-757-1572,Chicago,USA,26892.61,850,7434751148
CUST002466,Ava Johnson,customer2466@mail.com,+1-444-522-1873,New York,USA,28513.73,346,7528002696
CUST002467,James Wilson,customer2467@mail.com,+1-444-842-4128,Phoenix,USA,44193.16,832,8038142135
CUST002468,Emma Davis,customer2468@mail.com,+1-444-324-1019,New York,USA,29223.9,364,6100672683
CUST002469,Michael Brown,customer2469@mail.com,+1-444-408-7211,New York,USA,29789.68,676,7271713320
CUST002470,Ava Brown,customer2470@mail.com,+1-444-426-7551,New York,USA,13080.81,505,2763316102
CUST002471,Olivia Johnson,customer2471@mail.com,+1-444-376-2540,New York,USA,11501.56,735,9305863609
CUST002472,Daniel Hall,customer2472@mail.com,+1-444-878-7041,Chicago,USA,31717.74,766,5858539610
CUST002473,Sophia Johnson,customer2473@mail.com,+1-444-753-8916,Phoenix,USA,1073.6,561,7887454307
CUST002474,David Davis,customer2474@mail.com,+1-444-687-7382,New York,USA,2376.92,304,1220265654
CUST002475,John Davis,customer2475@mail.com,+1-444-660-8856,Phoenix,USA,34517.63,671,2128555652
CUST002476,Daniel Clark,customer2476@mail.com,+1-444-364-2967,Phoenix,USA,41974.75,724,1924527663
CUST002477,Daniel Walker,customer2477@mail.com,+1-444-358-5853,Phoenix,USA,20819.85,466,7796145228
CUST002478,Sophia Davis,customer2478@mail.com,+1-444-413-8571,Dallas,USA,36589.68,377,5633292339
CUST002479,Sophia Davis,customer2479@mail.com,+1-444-920-1777,Dallas,USA,30500.34,307,7978049950
CUST002480,Ava Clark,customer2480@mail.com,+1-444-592-7282,Chicago,USA,3064.84,391,5741970068
CUST002481,Michael Brown,customer2481@mail.com,+1-444-946-9192,New York,USA,39816.49,498,4085755902
CUST002482,Emma Smith,customer2482@mail.com,+1-444-766-8175,Phoenix,USA,14804.71,753,7672971661
CUST002483,Ava Smith,customer2483@mail.com,+1-444-166-5304,Chicago,USA,23918.24,784,7058080044
CUST002484,John Smith,customer2484@mail.com,+1-444-157-4332,New York,USA,36656.18,393,8667182934
CUST002485,Sarah Smith,customer2485@mail.com,+1-444-422-9690,Dallas,USA,761.62,332,6087238314
CUST002486,Sophia Smith,customer2486@mail.com,+1-444-603-2564,Dallas,USA,32106.38,319,1546721655
CUST002487,Sophia Smith,customer2487@mail.com,+1-444-329-3681,New York,USA,31871.66,645,6732917064
CUST002488,Daniel Lewis,customer2488@mail.com,+1-444-825-9135,New York,USA,43584.72,456,6157340651
CUST002489,Sophia Brown,customer2489@mail.com,+1-444-789-7989,Phoenix,USA,7073.27,602,5419190808
CUST002490,John Walker,customer2490@mail.com,+1-444-925-2559,Dallas,USA,20918.28,310,6091557600
CUST002491,Sophia Brown,customer2491@mail.com,+1-444-810-3493,New York,USA,47704.37,502,1458123440
CUST002492,Olivia Hall,customer2492@mail.com,+1-444-512-9728,Phoenix,USA,34217.9,509,7607434313
CUST002493,Emma Taylor,customer2493@mail.com,+1-444-776-8333,New York,USA,20111.48,416,4256366612
CUST002494,Michael Smith,customer2494@mail.com,+1-444-509-7138,New York,USA,27997.42,756,1019371107
CUST002495,Emma Lewis,customer2495@mail.com,+1-444-817-7918,Phoenix,USA,24699.24,467,9631231244
CUST002496,Sarah Clark,customer2496@mail.com,+1-444-445-1166,Chicago,USA,16585.28,360,2512859054
CUST002497,Emma Hall,customer2497@mail.com,+1-444-718-2579,Dallas,USA,32349.26,678,1928269996
CUST002498,Ava Brown,customer2498@mail.com,+1-444-913-6076,Phoenix,USA,5232.63,515,3167733943
CUST002499,Olivia Smith,customer2499@mail.com,+1-444-298-9608,Chicago,USA,25565.07,582,3847772479
CUST002500,Sophia Hall,customer2500@mail.com,+1-444-151-1697,Chicago,USA,33305.07,465,4261743705
CUST002501,Daniel Wilson,customer2501@mail.com,+1-444-497-4838,Dallas,USA,34774.08,522,8724452298
CUST002502,John Hall,customer2502@mail.com,+1-444-769-9587,Dallas,USA,35897.27,741,7160054828
CUST002503,Emma Smith,customer2503@mail.com,+1-444-851-4817,Dallas,USA,39357.43,443,9649402840
CUST002504,Michael Johnson,customer2504@mail.com,+1-444-880-2090,Dallas,USA,14962.28,813,3210221116
CUST002505,Daniel Brown,customer2505@mail.com,+1-444-808-6619,New York,USA,8465.71,680,8569595917
CUST002506,Sarah Brown,customer2506@mail.com,+1-444-914-7696,Dallas,USA,49054.52,604,4397514417
CUST002507,Emma Smith,customer2507@mail.com,+1-444-646-6208,Dallas,USA,14700.99,378,7075845444
CUST002508,Sophia Wilson,customer2508@mail.com,+1-444-983-6382,Phoenix,USA,30103.24,474,1181198528
CUST002509,Ava Smith,customer2509@mail.com,+1-444-946-7321,Dallas,USA,13931.79,472,1360060842
CUST002510,Michael Walker,customer2510@mail.com,+1-444-482-7603,New York,USA,24108.39,388,8170639513
CUST002511,Sarah Johnson,customer2511@mail.com,+1-444-796-9330,Dallas,USA,10397.7,624,7366402140
CUST002512,Olivia Taylor,customer2512@mail.com,+1-444-401-5835,Phoenix,USA,10865.76,538,2271062901
CUST002513,Sophia Wilson,customer2513@mail.com,+1-444-514-6861,Chicago,USA,15294.17,839,2922955359
CUST002514,Daniel Smith,customer2514@mail.com,+1-444-754-3775,Phoenix,USA,13814.32,535,2938641508
CUST002515,James Taylor,customer2515@mail.com,+1-444-558-9105,New York,USA,42441.87,352,2546369438
CUST002516,Emma Hall,customer2516@mail.com,+1-444-205-6939,Chicago,USA,1285.84,656,2986249868
CUST002517,Olivia Wilson,customer2517@mail.com,+1-444-687-4577,Chicago,USA,38822.67,788,3595926964
CUST002518,Sarah Clark,customer2518@mail.com,+1-444-516-3989,Phoenix,USA,5251.21,518,3510055507
CUST002519,David Clark,customer2519@mail.com,+1-444-658-9916,New York,USA,21171.37,598,4263959196
CUST002520,James Walker,customer2520@mail.com,+1-444-555-9813,Chicago,USA,19360.08,386,2885581277
CUST002521,Sophia Hall,customer2521@mail.com,+1-444-581-9094,Chicago,USA,29604.29,648,5916342601
CUST002522,Michael Clark,customer2522@mail.com,+1-444-619-9722,New York,USA,35489.7,362,5688909893
CUST002523,David Johnson,customer2523@mail.com,+1-444-872-3932,New York,USA,14277.44,493,4692413011
CUST002524,Ava Brown,customer2524@mail.com,+1-444-601-6800,Phoenix,USA,23093.61,477,2279068018
CUST002525,Michael Wilson,customer2525@mail.com,+1-444-354-8485,New York,USA,37985.57,564,8639713639
CUST002526,David Johnson,customer2526@mail.com,+1-444-858-1139,Phoenix,USA,24941.5,377,6548421488
CUST002527,Ava Smith,customer2527@mail.com,+1-444-576-4677,Chicago,USA,38021.31,724,9165832387
CUST002528,Emma Wilson,customer2528@mail.com,+1-444-950-3822,Dallas,USA,26941.82,447,8889090248
CUST002529,Olivia Clark,customer2529@mail.com,+1-444-289-5035,Dallas,USA,39441.68,437,7132814153
CUST002530,Olivia Johnson,customer2530@mail.com,+1-444-139-5160,Phoenix,USA,21790.48,357,3357582814
CUST002531,Sarah Brown,customer2531@mail.com,+1-444-671-2456,New York,USA,12560.12,519,1936897777
CUST002532,David Wilson,customer2532@mail.com,+1-444-338-4919,Phoenix,USA,27796.31,300,9361232752
CUST002533,James Brown,customer2533@mail.com,+1-444-173-8616,Chicago,USA,42659.1,318,3346775804
CUST002534,David Taylor,customer2534@mail.com,+1-444-199-4105,New York,USA,43248.04,762,8438304133
CUST002535,Sophia Wilson,customer2535@mail.com,+1-444-119-1534,Phoenix,USA,14463.03,671,8609587464
CUST002536,Emma Wilson,customer2536@mail.com,+1-444-645-7933,Phoenix,USA,48142.62,510,1720381551
CUST002537,David Smith,customer2537@mail.com,+1-444-213-2782,Phoenix,USA,44230.61,780,7776861965
CUST002538,Sophia Johnson,customer2538@mail.com,+1-444-164-3320,Chicago,USA,12351.22,356,7541998671
CUST002539,Sophia Lewis,customer2539@mail.com,+1-444-236-3382,New York,USA,4239.12,379,3829039712
CUST002540,Sophia Johnson,customer2540@mail.com,+1-444-118-7128,Phoenix,USA,27346.89,625,4333601982
CUST002541,Ava Clark,customer2541@mail.com,+1-444-342-6624,New York,USA,22776.2,759,7991085193
CUST002542,Sarah Johnson,customer2542@mail.com,+1-444-309-8266,Dallas,USA,7211.2,585,7042391240
CUST002543,Michael Hall,customer2543@mail.com,+1-444-519-6168,New York,USA,20208.35,351,6076061936
CUST002544,Ava Hall,customer2544@mail.com,+1-444-556-6186,New York,USA,4175.35,596,5055122107
CUST002545,Ava Taylor,customer2545@mail.com,+1-444-215-7458,Dallas,USA,23395.01,326,3352584650
CUST002546,John Brown,customer2546@mail.com,+1-444-771-6568,Chicago,USA,2821.74,765,6810520876
CUST002547,John Clark,customer2547@mail.com,+1-444-838-4075,Phoenix,USA,44018.44,644,7557646538
CUST002548,Michael Brown,customer2548@mail.com,+1-444-556-7731,Chicago,USA,12512.52,507,9981420789
CUST002549,David Smith,customer2549@mail.com,+1-444-424-5910,New York,USA,13037.99,501,5594381569
CUST002550,Ava Lewis,customer2550@mail.com,+1-444-236-7370,New York,USA,45633.97,765,6970063781
CUST002551,Sarah Brown,customer2551@mail.com,+1-444-991-9314,Chicago,USA,25862.34,775,5708544010
CUST002552,John Smith,customer2552@mail.com,+1-444-869-9658,Dallas,USA,40264.68,336,2482603864
CUST002553,Michael Wilson,customer2553@mail.com,+1-444-413-1878,New York,USA,9743.89,356,5554247603
CUST002554,Michael Clark,customer2554@mail.com,+1-444-905-3395,New York,USA,13407.23,616,5587331847
CUST002555,James Walker,customer2555@mail.com,+1-444-136-2787,New York,USA,12253.92,376,2366422550
CUST002556,Michael Hall,customer2556@mail.com,+1-444-493-6842,New York,USA,37924.46,574,4382736848
CUST002557,Daniel Taylor,customer2557@mail.com,+1-444-775-7164,Phoenix,USA,29015.96,845,7532238186
CUST002558,Ava Hall,customer2558@mail.com,+1-444-131-6914,Phoenix,USA,32567.68,564,4526783629
CUST002559,Olivia Davis,customer2559@mail.com,+1-444-510-6871,Chicago,USA,29822.28,531,3726935186
CUST002560,Olivia Hall,customer2560@mail.com,+1-444-363-7994,New York,USA,49099.0,505,7371917410
CUST002561,Ava Hall,customer2561@mail.com,+1-444-467-2876,Phoenix,USA,3166.0,489,8360535834
CUST002562,Olivia Brown,customer2562@mail.com,+1-444-435-1282,Dallas,USA,41889.38,588,6818689695
CUST002563,Sarah Wilson,customer2563@mail.com,+1-444-958-1031,Dallas,USA,44827.45,813,7226700898
CUST002564,John Wilson,customer2564@mail.com,+1-444-337-8769,Chicago,USA,21433.86,417,6623970441
CUST002565,Sophia Wilson,customer2565@mail.com,+1-444-251-5317,Phoenix,USA,43594.66,344,4830363971
CUST002566,Michael Davis,customer2566@mail.com,+1-444-502-2778,Phoenix,USA,9755.67,335,3268181621
CUST002567,Emma Taylor,customer2567@mail.com,+1-444-929-5270,New York,USA,45399.59,625,3217628777
CUST002568,James Taylor,customer2568@mail.com,+1-444-117-9295,Phoenix,USA,10418.08,685,5610091198
CUST002569,Emma Smith,customer2569@mail.com,+1-444-740-7388,Chicago,USA,46622.84,404,1961382431
CUST002570,David Johnson,customer2570@mail.com,+1-444-261-5306,New York,USA,7139.86,368,9673958207
CUST002571,Sarah Brown,customer2571@mail.com,+1-444-666-7619,Phoenix,USA,7923.37,657,2321643943
CUST002572,Daniel Hall,customer2572@mail.com,+1-444-103-9852,Phoenix,USA,3337.41,683,8332984237
CUST002573,Sarah Johnson,customer2573@mail.com,+1-444-327-5205,New York,USA,39677.84,841,2957671141
CUST002574,Daniel Hall,customer2574@mail.com,+1-444-270-6394,Phoenix,USA,7059.97,641,8698580737
CUST002575,Sarah Wilson,customer2575@mail.com,+1-444-805-7542,Phoenix,USA,23645.61,302,3940418615
CUST002576,Daniel Clark,customer2576@mail.com,+1-444-332-2187,Chicago,USA,24751.59,608,9517864138
CUST002577,Ava Smith,customer2577@mail.com,+1-444-147-1116,Dallas,USA,12126.09,770,2641922382
CUST002578,Olivia Johnson,customer2578@mail.com,+1-444-238-8360,Dallas,USA,46302.18,647,6079260013
CUST002579,David Smith,customer2579@mail.com,+1-444-557-1476,Dallas,USA,27733.66,442,6350127977
CUST002580,Daniel Wilson,customer2580@mail.com,+1-444-430-9594,New York,USA,41652.87,506,7537336877
CUST002581,Sophia Wilson,customer2581@mail.com,+1-444-664-8642,Chicago,USA,15397.78,335,9646817315
CUST002582,Emma Wilson,customer2582@mail.com,+1-444-600-2683,Chicago,USA,26391.38,372,4392337179
CUST002583,Emma Smith,customer2583@mail.com,+1-444-471-1423,Phoenix,USA,1069.75,546,9447846352
CUST002584,David Brown,customer2584@mail.com,+1-444-896-8456,New York,USA,48145.3,311,4540007760
CUST002585,Olivia Smith,customer2585@mail.com,+1-444-367-2533,New York,USA,40109.55,605,2845202116
CUST002586,Michael Brown,customer2586@mail.com,+1-444-274-3471,New York,USA,1412.53,409,2065343714
CUST002587,Olivia Smith,customer2587@mail.com,+1-444-784-7929,Phoenix,USA,49340.86,592,5939111446
CUST002588,James Brown,customer2588@mail.com,+1-444-702-8414,New York,USA,11028.46,413,3743406737
CUST002589,Olivia Hall,customer2589@mail.com,+1-444-576-6357,Dallas,USA,6647.37,682,9916757816
CUST002590,James Lewis,customer2590@mail.com,+1-444-659-8427,Chicago,USA,25488.23,452,8380613664
CUST002591,John Brown,customer2591@mail.com,+1-444-394-5474,Dallas,USA,43355.28,612,7696045014
CUST002592,James Smith,customer2592@mail.com,+1-444-841-8489,Phoenix,USA,16771.38,470,6794781287
CUST002593,Michael Smith,customer2593@mail.com,+1-444-627-6122,Dallas,USA,15968.87,326,5696225901
CUST002594,Sarah Hall,customer2594@mail.com,+1-444-243-4542,New York,USA,25289.15,549,7868211771
CUST002595,Emma Lewis,customer2595@mail.com,+1-444-509-6646,Phoenix,USA,28913.23,543,9450136938
CUST002596,David Hall,customer2596@mail.com,+1-444-159-7395,Chicago,USA,4023.51,482,3972789041
CUST002597,John Wilson,customer2597@mail.com,+1-444-357-9637,Chicago,USA,12464.39,381,6245321813
CUST002598,Olivia Davis,customer2598@mail.com,+1-444-723-2887,Dallas,USA,6249.33,391,9298846763
CUST002599,Emma Walker,customer2599@mail.com,+1-444-287-6795,Chicago,USA,39551.72,405,8263715388
CUST002600,Ava Johnson,customer2600@mail.com,+1-444-273-5795,Chicago,USA,48145.3,590,7483163711
CUST002601,Sarah Wilson,customer2601@mail.com,+1-444-764-7936,Dallas,USA,5494.66,350,2777210534
CUST002602,John Johnson,customer2602@mail.com,+1-444-968-4620,Dallas,USA,6593.8,346,3075935852
CUST002603,Emma Taylor,customer2603@mail.com,+1-444-146-9488,Phoenix,USA,3515.7,582,9034314503
CUST002604,James Brown,customer2604@mail.com,+1-444-814-1050,New York,USA,47228.62,530,7995877124
CUST002605,Michael Wilson,customer2605@mail.com,+1-444-429-6542,Phoenix,USA,41795.8,485,8459996797
CUST002606,Daniel Lewis,customer2606@mail.com,+1-444-612-8670,Dallas,USA,28209.31,821,8331492248
CUST002607,Sophia Wilson,customer2607@mail.com,+1-444-254-4524,Phoenix,USA,4475.89,628,5704354805
CUST002608,Olivia Wilson,customer2608@mail.com,+1-444-781-6544,Chicago,USA,14105.75,721,4890585154
CUST002609,David Clark,customer2609@mail.com,+1-444-467-7956,Chicago,USA,21718.23,333,5750177387
CUST002610,Daniel Taylor,customer2610@mail.com,+1-444-626-9846,Phoenix,USA,40319.6,511,6384378867
CUST002611,John Lewis,customer2611@mail.com,+1-444-228-3627,Dallas,USA,25015.32,306,7859798854
CUST002612,Olivia Wilson,customer2612@mail.com,+1-444-807-8692,New York,USA,7554.23,411,9924563461
CUST002613,John Wilson,customer2613@mail.com,+1-444-840-3253,Chicago,USA,49875.13,440,8165000642
CUST002614,Ava Davis,customer2614@mail.com,+1-444-153-3454,New York,USA,14741.8,468,9758022682
CUST002615,Michael Walker,customer2615@mail.com,+1-444-699-8778,Chicago,USA,6805.36,430,2158625924
CUST002616,Emma Taylor,customer2616@mail.com,+1-444-659-5218,Phoenix,USA,28628.8,564,4552194873
CUST002617,Sophia Hall,customer2617@mail.com,+1-444-182-3267,Phoenix,USA,18651.42,747,5757998067
CUST002618,Ava Johnson,customer2618@mail.com,+1-444-583-4562,Phoenix,USA,20838.89,778,2838108390
CUST002619,Olivia Hall,customer2619@mail.com,+1-444-718-5662,Chicago,USA,19838.35,435,5308663271
CUST002620,Daniel Wilson,customer2620@mail.com,+1-444-524-9808,Chicago,USA,3744.82,732,5910503351
CUST002621,Daniel Lewis,customer2621@mail.com,+1-444-910-2436,Chicago,USA,17129.86,571,2652698061
CUST002622,John Johnson,customer2622@mail.com,+1-444-441-9402,Chicago,USA,21510.11,448,7124628009
CUST002623,Daniel Johnson,customer2623@mail.com,+1-444-568-3657,Phoenix,USA,14274.65,300,5767861900
CUST002624,David Brown,customer2624@mail.com,+1-444-951-3725,Phoenix,USA,44015.62,555,8606536660
CUST002625,John Brown,customer2625@mail.com,+1-444-937-5665,Chicago,USA,28215.12,567,2934189631
CUST002626,David Johnson,customer2626@mail.com,+1-444-408-1961,Dallas,USA,27331.13,397,9444106647
CUST002627,Daniel Clark,customer2627@mail.com,+1-444-214-9955,Phoenix,USA,45153.88,743,2673782131
CUST002628,Michael Brown,customer2628@mail.com,+1-444-717-6381,New York,USA,45499.56,492,6580390316
CUST002629,David Davis,customer2629@mail.com,+1-444-671-9548,Chicago,USA,6768.82,429,6747455850
CUST002630,Sarah Davis,customer2630@mail.com,+1-444-144-1301,New York,USA,41399.94,639,4205999161
CUST002631,Michael Lewis,customer2631@mail.com,+1-444-243-7941,Chicago,USA,24964.45,618,7054189299
CUST002632,Emma Wilson,customer2632@mail.com,+1-444-329-3612,New York,USA,21041.17,301,3644501722
CUST002633,James Johnson,customer2633@mail.com,+1-444-394-1548,Chicago,USA,36317.48,314,4427596085
CUST002634,Sarah Lewis,customer2634@mail.com,+1-444-343-8708,Dallas,USA,3596.53,520,8654670751
CUST002635,Daniel Brown,customer2635@mail.com,+1-444-606-8498,Chicago,USA,48732.85,456,8427914787
CUST002636,Ava Johnson,customer2636@mail.com,+1-444-764-7565,Phoenix,USA,11944.96,825,3969397577
CUST002637,Sarah Clark,customer2637@mail.com,+1-444-327-4893,Phoenix,USA,19178.63,523,7891302386
CUST002638,Michael Smith,customer2638@mail.com,+1-444-976-7763,Chicago,USA,35534.91,799,8675605750
CUST002639,Sophia Walker,customer2639@mail.com,+1-444-625-2343,Dallas,USA,40274.67,670,9759492743
CUST002640,David Brown,customer2640@mail.com,+1-444-811-7261,Chicago,USA,39580.7,496,8037646746
CUST002641,David Hall,customer2641@mail.com,+1-444-764-5279,Chicago,USA,8423.54,552,3332942108
CUST002642,Michael Taylor,customer2642@mail.com,+1-444-598-6540,Chicago,USA,41828.64,497,9063201107
CUST002643,David Wilson,customer2643@mail.com,+1-444-581-5651,Dallas,USA,24322.28,440,2170719093
CUST002644,Ava Wilson,customer2644@mail.com,+1-444-114-9577,Dallas,USA,19421.75,699,8529769572
CUST002645,John Clark,customer2645@mail.com,+1-444-213-3143,Phoenix,USA,11560.59,483,7975081508
CUST002646,Sarah Wilson,customer2646@mail.com,+1-444-526-4098,Dallas,USA,207.36,719,4739945938
CUST002647,Sarah Smith,customer2647@mail.com,+1-444-999-5331,Dallas,USA,20585.29,547,9390936060
CUST002648,John Taylor,customer2648@mail.com,+1-444-426-6205,Phoenix,USA,22142.68,781,4387708889
CUST002649,Sarah Smith,customer2649@mail.com,+1-444-529-2500,Chicago,USA,47329.39,771,2801592865
CUST002650,Michael Clark,customer2650@mail.com,+1-444-180-4668,New York,USA,19391.75,617,8924373289
CUST002651,David Hall,customer2651@mail.com,+1-444-894-2207,New York,USA,3117.78,808,1610655313
CUST002652,Olivia Davis,customer2652@mail.com,+1-444-728-3023,Phoenix,USA,3371.2,818,1830282286
CUST002653,Sarah Smith,customer2653@mail.com,+1-444-216-6210,Phoenix,USA,8039.4,401,7552785241
CUST002654,Olivia Walker,customer2654@mail.com,+1-444-713-7869,Dallas,USA,38173.36,677,8547118034
CUST002655,Ava Davis,customer2655@mail.com,+1-444-972-1211,Phoenix,USA,3756.62,761,9265910328
CUST002656,Daniel Smith,customer2656@mail.com,+1-444-305-9271,New York,USA,34371.23,843,7455098375
CUST002657,Daniel Walker,customer2657@mail.com,+1-444-756-4400,Chicago,USA,26683.38,321,7416948930
CUST002658,Emma Wilson,customer2658@mail.com,+1-444-223-7618,Dallas,USA,12266.18,801,8003183711
CUST002659,John Davis,customer2659@mail.com,+1-444-114-2055,Dallas,USA,12357.09,491,3951583962
CUST002660,Sarah Lewis,customer2660@mail.com,+1-444-878-3457,Chicago,USA,21692.01,773,5097745400
CUST002661,Emma Clark,customer2661@mail.com,+1-444-395-4221,Phoenix,USA,25082.29,782,8781946633
CUST002662,Sophia Brown,customer2662@mail.com,+1-444-863-7331,Chicago,USA,39138.01,710,4183361295
CUST002663,James Davis,customer2663@mail.com,+1-444-386-8486,Dallas,USA,46275.91,433,1559517614
CUST002664,Ava Johnson,customer2664@mail.com,+1-444-695-3318,Chicago,USA,27036.51,348,9787916861
CUST002665,Sophia Clark,customer2665@mail.com,+1-444-374-3553,Chicago,USA,17922.75,615,9371419407
CUST002666,Sarah Wilson,customer2666@mail.com,+1-444-489-7316,Phoenix,USA,28046.55,356,9166147573
CUST002667,Daniel Walker,customer2667@mail.com,+1-444-605-2468,Phoenix,USA,27229.94,826,1492723942
CUST002668,James Smith,customer2668@mail.com,+1-444-221-9591,Chicago,USA,15708.5,520,8397885182
CUST002669,Olivia Clark,customer2669@mail.com,+1-444-660-2313,Chicago,USA,34514.72,356,8464276114
CUST002670,Emma Lewis,customer2670@mail.com,+1-444-707-8032,New York,USA,23457.74,355,6010412062
CUST002671,Sophia Wilson,customer2671@mail.com,+1-444-509-7523,Phoenix,USA,46465.87,649,8765432697
CUST002672,Sophia Hall,customer2672@mail.com,+1-444-496-9046,New York,USA,11916.98,819,2722145978
CUST002673,Olivia Brown,customer2673@mail.com,+1-444-865-4325,New York,USA,44632.29,333,5555911139
CUST002674,John Walker,customer2674@mail.com,+1-444-765-6078,Chicago,USA,9720.73,763,1384503803
CUST002675,John Lewis,customer2675@mail.com,+1-444-863-3176,Chicago,USA,41213.6,420,9856332774
CUST002676,James Brown,customer2676@mail.com,+1-444-773-4935,Dallas,USA,25083.94,620,1486673955
CUST002677,Emma Smith,customer2677@mail.com,+1-444-339-8571,New York,USA,6220.66,563,9529652796
CUST002678,Sarah Hall,customer2678@mail.com,+1-444-485-6884,Dallas,USA,21310.13,710,7417096352
CUST002679,Sarah Walker,customer2679@mail.com,+1-444-567-5315,Phoenix,USA,47815.04,710,4891897826
CUST002680,John Walker,customer2680@mail.com,+1-444-602-1632,Phoenix,USA,32504.21,770,3234588175
CUST002681,Michael Hall,customer2681@mail.com,+1-444-154-7524,Chicago,USA,22827.71,501,7645299308
CUST002682,James Johnson,customer2682@mail.com,+1-444-939-1536,Dallas,USA,37167.94,689,4436452277
CUST002683,Olivia Hall,customer2683@mail.com,+1-444-847-2655,Phoenix,USA,5543.81,709,7432502949
CUST002684,Emma Smith,customer2684@mail.com,+1-444-734-4768,Dallas,USA,39691.94,304,6534788850
CUST002685,Sophia Walker,customer2685@mail.com,+1-444-156-3718,Phoenix,USA,47573.16,353,2516403866
CUST002686,James Walker,customer2686@mail.com,+1-444-191-2971,Dallas,USA,2713.78,796,3367467068
CUST002687,Olivia Taylor,customer2687@mail.com,+1-444-757-4827,Dallas,USA,14496.37,698,4294593697
CUST002688,John Davis,customer2688@mail.com,+1-444-458-7269,Phoenix,USA,25339.92,804,8745904148
CUST002689,Sarah Walker,customer2689@mail.com,+1-444-149-7650,Phoenix,USA,34298.42,803,7697149387
CUST002690,Olivia Smith,customer2690@mail.com,+1-444-140-2465,Chicago,USA,14081.21,702,6381216837
CUST002691,James Hall,customer2691@mail.com,+1-444-864-3400,Chicago,USA,42560.06,821,5092035442
CUST002692,James Lewis,customer2692@mail.com,+1-444-944-6676,Phoenix,USA,49958.25,608,9629333787
CUST002693,David Walker,customer2693@mail.com,+1-444-302-4487,Phoenix,USA,47722.52,351,9773767230
CUST002694,Sarah Brown,customer2694@mail.com,+1-444-981-8388,Dallas,USA,957.58,370,9309423570
CUST002695,David Davis,customer2695@mail.com,+1-444-223-1830,Dallas,USA,1879.74,706,4377096187
CUST002696,Daniel Clark,customer2696@mail.com,+1-444-617-6330,Chicago,USA,7268.14,605,6617959701
CUST002697,David Johnson,customer2697@mail.com,+1-444-603-3305,Chicago,USA,24539.48,343,6278576431
CUST002698,Daniel Davis,customer2698@mail.com,+1-444-210-9877,Dallas,USA,6213.63,300,6047172949
CUST002699,John Johnson,customer2699@mail.com,+1-444-269-7993,New York,USA,18185.3,784,3462973342
CUST002700,John Johnson,customer2700@mail.com,+1-444-674-8582,New York,USA,12702.96,811,1024518532
CUST002701,Sophia Wilson,customer2701@mail.com,+1-444-444-8286,New York,USA,2191.23,433,5466302275
CUST002702,Sophia Hall,customer2702@mail.com,+1-444-750-1649,New York,USA,30180.37,802,8552366525
CUST002703,Ava Davis,customer2703@mail.com,+1-444-879-5882,Phoenix,USA,32110.92,713,1205837599
CUST002704,Sarah Walker,customer2704@mail.com,+1-444-895-9945,Dallas,USA,23949.1,358,9260235013
CUST002705,Sarah Taylor,customer2705@mail.com,+1-444-675-7454,Chicago,USA,20267.33,798,6430822270
CUST002706,James Smith,customer2706@mail.com,+1-444-198-8612,New York,USA,38041.88,508,4097830181
CUST002707,Sophia Hall,customer2707@mail.com,+1-444-115-5400,Dallas,USA,4388.05,636,6109202211
CUST002708,Ava Johnson,customer2708@mail.com,+1-444-246-4069,New York,USA,15773.29,504,4231674054
CUST002709,James Taylor,customer2709@mail.com,+1-444-961-9005,Dallas,USA,47751.65,576,1103141793
CUST002710,Sarah Walker,customer2710@mail.com,+1-444-124-8227,Chicago,USA,12911.49,699,5109866084
CUST002711,John Taylor,customer2711@mail.com,+1-444-345-4686,Phoenix,USA,6724.29,810,8744730157
CUST002712,Daniel Wilson,customer2712@mail.com,+1-444-176-1796,Dallas,USA,6327.51,380,6323146144
CUST002713,Sophia Walker,customer2713@mail.com,+1-444-913-6607,New York,USA,6972.64,665,1516744837
CUST002714,Ava Hall,customer2714@mail.com,+1-444-729-4935,Dallas,USA,16772.89,376,4887952890
CUST002715,Sophia Clark,customer2715@mail.com,+1-444-865-5996,Chicago,USA,5365.24,689,4925866518
CUST002716,Sarah Smith,customer2716@mail.com,+1-444-703-7696,Chicago,USA,46491.69,570,2253838440
CUST002717,James Johnson,customer2717@mail.com,+1-444-828-3192,Chicago,USA,24154.23,489,9628930301
CUST002718,Michael Walker,customer2718@mail.com,+1-444-265-6572,Dallas,USA,16021.05,849,1803452370
CUST002719,Sarah Johnson,customer2719@mail.com,+1-444-777-2612,Chicago,USA,15367.69,800,9621358866
CUST002720,Ava Walker,customer2720@mail.com,+1-444-409-1023,Phoenix,USA,45123.22,817,8696353239
CUST002721,Daniel Brown,customer2721@mail.com,+1-444-223-3697,Chicago,USA,29002.71,580,7378938458
CUST002722,Daniel Clark,customer2722@mail.com,+1-444-963-8490,Phoenix,USA,15921.98,403,9945173917
CUST002723,David Johnson,customer2723@mail.com,+1-444-921-4105,New York,USA,1448.65,560,7077777902
CUST002724,Ava Taylor,customer2724@mail.com,+1-444-498-4671,New York,USA,43516.67,731,1700275602
CUST002725,John Clark,customer2725@mail.com,+1-444-678-5895,Dallas,USA,23072.09,651,6581507820
CUST002726,John Hall,customer2726@mail.com,+1-444-767-9287,Dallas,USA,20771.78,690,6390637806
CUST002727,John Hall,customer2727@mail.com,+1-444-642-5102,New York,USA,3670.11,797,5735573484
CUST002728,Olivia Clark,customer2728@mail.com,+1-444-336-3259,New York,USA,5648.67,519,8130802518
CUST002729,Sophia Taylor,customer2729@mail.com,+1-444-534-7360,Chicago,USA,39156.68,553,7042731133
CUST002730,James Taylor,customer2730@mail.com,+1-444-885-5134,Phoenix,USA,15390.47,774,6651066884
CUST002731,Olivia Smith,customer2731@mail.com,+1-444-603-2315,Chicago,USA,940.84,785,2611924578
CUST002732,Sophia Smith,customer2732@mail.com,+1-444-976-7552,Dallas,USA,18355.33,647,3630677217
CUST002733,Michael Smith,customer2733@mail.com,+1-444-449-1605,Phoenix,USA,41156.78,794,6513135186
CUST002734,Daniel Taylor,customer2734@mail.com,+1-444-234-6388,New York,USA,7163.58,721,3819164250
CUST002735,David Johnson,customer2735@mail.com,+1-444-580-7655,New York,USA,30355.84,789,8499334504
CUST002736,Michael Davis,customer2736@mail.com,+1-444-378-2215,New York,USA,29603.56,465,4319443065
CUST002737,John Hall,customer2737@mail.com,+1-444-728-5284,New York,USA,5118.99,790,1994214655
CUST002738,Michael Johnson,customer2738@mail.com,+1-444-139-4750,New York,USA,39404.98,673,8183147158
CUST002739,Emma Lewis,customer2739@mail.com,+1-444-211-6306,New York,USA,5130.48,480,4547350448
CUST002740,Michael Walker,customer2740@mail.com,+1-444-123-8348,Chicago,USA,49507.35,303,3468210925
CUST002741,Sarah Johnson,customer2741@mail.com,+1-444-278-7983,Dallas,USA,40417.81,690,7039531769
CUST002742,Emma Lewis,customer2742@mail.com,+1-444-563-7309,Dallas,USA,15332.79,312,4192904651
CUST002743,Daniel Davis,customer2743@mail.com,+1-444-326-8702,Chicago,USA,10531.09,786,7859666681
CUST002744,Ava Clark,customer2744@mail.com,+1-444-485-5883,Phoenix,USA,83.63,500,4264257557
CUST002745,James Taylor,customer2745@mail.com,+1-444-942-2289,New York,USA,10579.82,593,4068951251
CUST002746,Emma Davis,customer2746@mail.com,+1-444-204-1439,New York,USA,43125.43,315,2257853746
CUST002747,Sarah Walker,customer2747@mail.com,+1-444-672-2767,Dallas,USA,44324.13,318,9775048298
CUST002748,John Smith,customer2748@mail.com,+1-444-174-8758,Chicago,USA,30912.38,738,6290905252
CUST002749,David Smith,customer2749@mail.com,+1-444-598-6132,Dallas,USA,20095.63,511,8786565879
CUST002750,Ava Taylor,customer2750@mail.com,+1-444-236-3001,Dallas,USA,37554.91,572,1952037101
CUST002751,Daniel Taylor,customer2751@mail.com,+1-444-947-7952,Phoenix,USA,6559.98,384,9082179216
CUST002752,Michael Davis,customer2752@mail.com,+1-444-926-3766,Phoenix,USA,23565.09,655,6776092079
CUST002753,Sarah Walker,customer2753@mail.com,+1-444-663-1638,Dallas,USA,31666.5,508,7656538084
CUST002754,James Davis,customer2754@mail.com,+1-444-731-8710,Dallas,USA,21608.73,723,5107393022
CUST002755,David Brown,customer2755@mail.com,+1-444-510-6121,New York,USA,48769.92,500,4653093146
CUST002756,Ava Lewis,customer2756@mail.com,+1-444-737-2499,New York,USA,12189.3,344,8290303149
CUST002757,James Smith,customer2757@mail.com,+1-444-839-7574,New York,USA,35980.56,523,4060261962
CUST002758,Sophia Taylor,customer2758@mail.com,+1-444-195-3258,Phoenix,USA,43103.79,319,1353645207
CUST002759,Emma Lewis,customer2759@mail.com,+1-444-364-4004,New York,USA,26021.42,434,3608135929
CUST002760,Sophia Wilson,customer2760@mail.com,+1-444-403-4888,Dallas,USA,35373.61,517,1089192685
CUST002761,Sophia Hall,customer2761@mail.com,+1-444-522-6143,Chicago,USA,43923.67,466,9257864919
CUST002762,Emma Johnson,customer2762@mail.com,+1-444-274-6446,Dallas,USA,19217.03,732,8814938457
CUST002763,James Clark,customer2763@mail.com,+1-444-154-9993,Phoenix,USA,22858.74,356,9210489059
CUST002764,James Wilson,customer2764@mail.com,+1-444-867-2409,Phoenix,USA,46938.03,563,2156273086
CUST002765,James Lewis,customer2765@mail.com,+1-444-597-4079,Chicago,USA,46280.67,805,7488722758
CUST002766,Daniel Wilson,customer2766@mail.com,+1-444-960-6295,New York,USA,8863.3,385,7221644094
CUST002767,Daniel Hall,customer2767@mail.com,+1-444-692-8597,Dallas,USA,24383.06,642,4541097725
CUST002768,Sophia Brown,customer2768@mail.com,+1-444-281-3690,Chicago,USA,19616.51,373,7431757470
CUST002769,James Lewis,customer2769@mail.com,+1-444-407-5674,New York,USA,3251.16,781,1995758417
CUST002770,Daniel Lewis,customer2770@mail.com,+1-444-945-4645,New York,USA,12914.23,589,9281030376
CUST002771,David Walker,customer2771@mail.com,+1-444-636-4635,Chicago,USA,6276.05,822,8248198058
CUST002772,Sophia Clark,customer2772@mail.com,+1-444-622-7470,Phoenix,USA,1219.41,457,8813416577
CUST002773,Sarah Clark,customer2773@mail.com,+1-444-514-8752,Phoenix,USA,25590.32,790,7245655298
CUST002774,Olivia Walker,customer2774@mail.com,+1-444-390-3508,Dallas,USA,8530.59,659,6391407417
CUST002775,Sophia Hall,customer2775@mail.com,+1-444-334-1907,Dallas,USA,45180.81,674,4545193924
CUST002776,Daniel Smith,customer2776@mail.com,+1-444-270-2947,Phoenix,USA,37212.41,337,9181827389
CUST002777,David Taylor,customer2777@mail.com,+1-444-675-6319,Phoenix,USA,7341.66,486,9830018776
CUST002778,Olivia Davis,customer2778@mail.com,+1-444-393-8903,Chicago,USA,32742.88,515,1270441512
CUST002779,Daniel Johnson,customer2779@mail.com,+1-444-950-4374,Chicago,USA,26847.13,357,1779624467
CUST002780,Sarah Clark,customer2780@mail.com,+1-444-182-1853,Chicago,USA,16333.02,452,8376913243
CUST002781,David Walker,customer2781@mail.com,+1-444-517-2412,New York,USA,17044.86,352,9676168722
CUST002782,Michael Smith,customer2782@mail.com,+1-444-149-1536,Phoenix,USA,17906.45,592,4502650344
CUST002783,Michael Smith,customer2783@mail.com,+1-444-995-2622,New York,USA,14611.86,818,9708516683
CUST002784,Emma Wilson,customer2784@mail.com,+1-444-514-4192,Phoenix,USA,36148.74,756,2975992299
CUST002785,Michael Clark,customer2785@mail.com,+1-444-829-5366,Chicago,USA,17972.0,638,2051217898
CUST002786,Michael Clark,customer2786@mail.com,+1-444-853-9960,New York,USA,45515.03,393,6827238135
CUST002787,Daniel Smith,customer2787@mail.com,+1-444-766-9410,Dallas,USA,44315.16,625,5631104008
CUST002788,Sophia Hall,customer2788@mail.com,+1-444-751-3601,New York,USA,2269.93,608,5191947845
CUST002789,Daniel Brown,customer2789@mail.com,+1-444-942-4993,Dallas,USA,19277.3,423,2020327971
CUST002790,Olivia Lewis,customer2790@mail.com,+1-444-778-8100,Phoenix,USA,17809.91,756,2583477936
CUST002791,John Johnson,customer2791@mail.com,+1-444-760-7011,Phoenix,USA,27179.58,746,8710465616
CUST002792,Sophia Johnson,customer2792@mail.com,+1-444-346-6866,Dallas,USA,16178.63,319,8512751743
CUST002793,James Lewis,customer2793@mail.com,+1-444-626-7996,Chicago,USA,16702.55,753,5894630430
CUST002794,James Taylor,customer2794@mail.com,+1-444-533-4601,Dallas,USA,40833.09,782,8555170915
CUST002795,Emma Brown,customer2795@mail.com,+1-444-385-1750,Phoenix,USA,22494.58,568,2878297865
CUST002796,Ava Davis,customer2796@mail.com,+1-444-925-6302,Dallas,USA,9758.63,470,6073528303
CUST002797,John Davis,customer2797@mail.com,+1-444-716-3757,New York,USA,23225.64,361,1326851950
CUST002798,David Hall,customer2798@mail.com,+1-444-176-5277,Phoenix,USA,11110.78,446,6386705070
CUST002799,Olivia Lewis,customer2799@mail.com,+1-444-127-4508,New York,USA,5793.83,476,6696998874
CUST002800,Sophia Clark,customer2800@mail.com,+1-444-794-4725,Phoenix,USA,42813.55,622,8138323583
CUST002801,Michael Wilson,customer2801@mail.com,+1-444-622-8628,Chicago,USA,32725.46,775,7965190090
CUST002802,Michael Clark,customer2802@mail.com,+1-444-240-7150,Phoenix,USA,16819.6,397,6357430281
CUST002803,John Clark,customer2803@mail.com,+1-444-801-8455,Chicago,USA,31340.8,754,3909277246
CUST002804,John Hall,customer2804@mail.com,+1-444-324-9407,Phoenix,USA,4420.31,498,2886391878
CUST002805,Daniel Lewis,customer2805@mail.com,+1-444-140-1550,Phoenix,USA,30457.67,467,4187810120
CUST002806,Ava Davis,customer2806@mail.com,+1-444-514-9731,New York,USA,49983.51,330,5128915247
CUST002807,James Lewis,customer2807@mail.com,+1-444-854-6151,New York,USA,1237.52,685,6006967724
CUST002808,Daniel Smith,customer2808@mail.com,+1-444-810-1784,Phoenix,USA,32197.89,348,4899769757
CUST002809,Ava Walker,customer2809@mail.com,+1-444-294-4481,Chicago,USA,3852.21,398,3973719821
CUST002810,Michael Wilson,customer2810@mail.com,+1-444-501-5100,New York,USA,30447.57,596,7293220134
CUST002811,Ava Taylor,customer2811@mail.com,+1-444-425-4320,Phoenix,USA,19664.24,546,8004613627
CUST002812,Michael Wilson,customer2812@mail.com,+1-444-457-5521,Dallas,USA,46868.58,807,4210932118
CUST002813,Daniel Hall,customer2813@mail.com,+1-444-171-7738,New York,USA,48988.18,558,8183843986
CUST002814,Sarah Walker,customer2814@mail.com,+1-444-210-1805,Phoenix,USA,46438.65,524,9409821169
CUST002815,Ava Hall,customer2815@mail.com,+1-444-329-5334,New York,USA,32164.63,665,9010088424
CUST002816,Olivia Brown,customer2816@mail.com,+1-444-591-4418,New York,USA,22541.52,348,4367438580
CUST002817,John Clark,customer2817@mail.com,+1-444-149-3978,Dallas,USA,3053.57,376,5261560611
CUST002818,Olivia Wilson,customer2818@mail.com,+1-444-559-4856,Phoenix,USA,5757.65,307,8863748766
CUST002819,Michael Wilson,customer2819@mail.com,+1-444-919-9857,Chicago,USA,2761.2,462,2000120767
CUST002820,Sarah Clark,customer2820@mail.com,+1-444-494-1786,Chicago,USA,41525.93,571,7494176395
CUST002821,Olivia Lewis,customer2821@mail.com,+1-444-661-1816,Chicago,USA,34440.44,322,1569840754
CUST002822,James Walker,customer2822@mail.com,+1-444-843-8157,Dallas,USA,22255.64,606,3255868611
CUST002823,Daniel Brown,customer2823@mail.com,+1-444-396-1160,Chicago,USA,19056.42,843,8106724060
CUST002824,Michael Clark,customer2824@mail.com,+1-444-987-8142,New York,USA,7623.51,476,2887885908
CUST002825,Sophia Wilson,customer2825@mail.com,+1-444-884-2787,Phoenix,USA,30984.25,646,9779746261
CUST002826,James Wilson,customer2826@mail.com,+1-444-977-9212,Chicago,USA,24736.32,497,1464251519
CUST002827,Sophia Walker,customer2827@mail.com,+1-444-752-8950,Chicago,USA,21507.86,448,6403962356
CUST002828,John Lewis,customer2828@mail.com,+1-444-717-3594,Dallas,USA,2704.86,319,5159816866
CUST002829,John Taylor,customer2829@mail.com,+1-444-874-3171,Dallas,USA,5253.82,556,3544600100
CUST002830,Ava Smith,customer2830@mail.com,+1-444-829-1246,New York,USA,2491.34,707,1694536277
CUST002831,Emma Taylor,customer2831@mail.com,+1-444-394-7663,Chicago,USA,3593.95,742,7270756799
CUST002832,Sarah Wilson,customer2832@mail.com,+1-444-137-6504,Phoenix,USA,21036.29,575,3722206822
CUST002833,Emma Johnson,customer2833@mail.com,+1-444-501-7795,Phoenix,USA,4921.61,434,2260348756
CUST002834,Ava Walker,customer2834@mail.com,+1-444-551-2623,New York,USA,43221.33,577,5093126108
CUST002835,Michael Taylor,customer2835@mail.com,+1-444-736-9099,New York,USA,24704.06,408,1166194378
CUST002836,Daniel Wilson,customer2836@mail.com,+1-444-897-5925,Chicago,USA,29496.74,459,1391191074
CUST002837,Sarah Johnson,customer2837@mail.com,+1-444-581-8747,Dallas,USA,14442.68,764,5696575050
CUST002838,John Davis,customer2838@mail.com,+1-444-932-6365,Phoenix,USA,17574.62,691,3130442804
CUST002839,David Taylor,customer2839@mail.com,+1-444-494-9386,Chicago,USA,1815.17,805,2125698653
CUST002840,James Brown,customer2840@mail.com,+1-444-860-5681,Chicago,USA,35859.26,571,4550854148
CUST002841,Michael Hall,customer2841@mail.com,+1-444-140-7229,New York,USA,47510.69,816,9699053452
CUST002842,Emma Davis,customer2842@mail.com,+1-444-577-5676,New York,USA,39260.8,807,4004090811
CUST002843,Daniel Smith,customer2843@mail.com,+1-444-867-7067,Chicago,USA,8192.3,631,7401861968
CUST002844,Michael Wilson,customer2844@mail.com,+1-444-355-2165,Dallas,USA,48154.23,556,2926235151
CUST002845,Ava Clark,customer2845@mail.com,+1-444-495-3162,Chicago,USA,243.39,705,6784309481
CUST002846,Sophia Wilson,customer2846@mail.com,+1-444-444-4248,New York,USA,15422.54,559,6118178157
CUST002847,Emma Johnson,customer2847@mail.com,+1-444-165-9580,Dallas,USA,5255.92,718,5421795796
CUST002848,David Walker,customer2848@mail.com,+1-444-846-3731,New York,USA,33444.67,803,8661724184
CUST002849,Daniel Davis,customer2849@mail.com,+1-444-336-9967,Dallas,USA,34476.57,468,8280723963
CUST002850,James Smith,customer2850@mail.com,+1-444-145-2577,New York,USA,47769.54,391,6504170110
CUST002851,David Lewis,customer2851@mail.com,+1-444-405-7079,Dallas,USA,5480.33,760,3601353027
CUST002852,Sophia Brown,customer2852@mail.com,+1-444-296-3000,Dallas,USA,9029.91,705,1323912877
CUST002853,Ava Clark,customer2853@mail.com,+1-444-122-4397,Phoenix,USA,21665.95,567,4302131937
CUST002854,John Taylor,customer2854@mail.com,+1-444-749-5530,Phoenix,USA,48269.85,337,8624228501
CUST002855,James Wilson,customer2855@mail.com,+1-444-869-8364,New York,USA,18205.21,745,6238282970
CUST002856,Ava Davis,customer2856@mail.com,+1-444-990-7033,Dallas,USA,4834.21,390,1488819211
CUST002857,Sophia Wilson,customer2857@mail.com,+1-444-214-2685,Phoenix,USA,35528.01,702,9811066217
CUST002858,John Davis,customer2858@mail.com,+1-444-228-4675,Dallas,USA,40608.35,649,4338685777
CUST002859,Ava Brown,customer2859@mail.com,+1-444-712-3585,New York,USA,14644.18,479,7660663803
CUST002860,Emma Davis,customer2860@mail.com,+1-444-591-7797,Phoenix,USA,4953.62,363,5478255369
CUST002861,Daniel Clark,customer2861@mail.com,+1-444-362-3391,New York,USA,23828.68,447,2149998081
CUST002862,Emma Walker,customer2862@mail.com,+1-444-569-5639,Phoenix,USA,21105.46,634,7976629148
CUST002863,Olivia Lewis,customer2863@mail.com,+1-444-240-3124,Phoenix,USA,29228.87,436,9494187544
CUST002864,Sarah Lewis,customer2864@mail.com,+1-444-376-5752,New York,USA,8336.5,670,1806157889
CUST002865,James Smith,customer2865@mail.com,+1-444-903-3856,New York,USA,43852.63,492,3307619496
CUST002866,Olivia Hall,customer2866@mail.com,+1-444-788-7739,Chicago,USA,18318.05,599,4353004229
CUST002867,Ava Hall,customer2867@mail.com,+1-444-240-4402,New York,USA,20082.98,386,1628439585
CUST002868,David Taylor,customer2868@mail.com,+1-444-939-8505,Dallas,USA,5474.21,549,5626824465
CUST002869,Sarah Johnson,customer2869@mail.com,+1-444-704-8643,Dallas,USA,35225.64,841,6313533372
CUST002870,Daniel Lewis,customer2870@mail.com,+1-444-416-4949,Chicago,USA,2515.14,469,6583173047
CUST002871,Emma Wilson,customer2871@mail.com,+1-444-837-2093,Dallas,USA,12598.92,358,9979531114
CUST002872,Emma Davis,customer2872@mail.com,+1-444-198-7881,Chicago,USA,208.6,560,3364256165
CUST002873,Michael Davis,customer2873@mail.com,+1-444-863-9712,New York,USA,8852.75,783,3953620911
CUST002874,Sarah Hall,customer2874@mail.com,+1-444-867-6575,Dallas,USA,42091.53,568,8095179871
CUST002875,Michael Hall,customer2875@mail.com,+1-444-794-2697,Phoenix,USA,15193.96,618,5953014365
CUST002876,John Wilson,customer2876@mail.com,+1-444-953-1467,Chicago,USA,3895.05,515,1399775001
CUST002877,Daniel Johnson,customer2877@mail.com,+1-444-973-7382,New York,USA,17735.94,358,9576518729
CUST002878,Michael Taylor,customer2878@mail.com,+1-444-904-9562,Phoenix,USA,3961.78,560,1241655811
CUST002879,Daniel Johnson,customer2879@mail.com,+1-444-633-8225,Phoenix,USA,19709.81,687,8318227568
CUST002880,Michael Clark,customer2880@mail.com,+1-444-391-7773,New York,USA,17238.86,612,1747667209
CUST002881,Daniel Lewis,customer2881@mail.com,+1-444-136-8753,New York,USA,32750.64,845,7553530595
CUST002882,Michael Wilson,customer2882@mail.com,+1-444-517-9884,Phoenix,USA,43268.16,658,7468465941
CUST002883,Emma Clark,customer2883@mail.com,+1-444-127-3617,Phoenix,USA,5018.67,726,7717741317
CUST002884,Sarah Smith,customer2884@mail.com,+1-444-221-6484,Phoenix,USA,44049.82,714,2754425730
CUST002885,Ava Johnson,customer2885@mail.com,+1-444-254-5657,Phoenix,USA,24989.75,351,6184161030
CUST002886,Olivia Smith,customer2886@mail.com,+1-444-832-5150,Chicago,USA,39127.51,661,8542044158
CUST002887,Michael Smith,customer2887@mail.com,+1-444-273-8322,Dallas,USA,10714.16,790,7040175459
CUST002888,Emma Lewis,customer2888@mail.com,+1-444-173-8663,New York,USA,12520.62,384,4968048653
CUST002889,Daniel Lewis,customer2889@mail.com,+1-444-512-5146,Phoenix,USA,48938.69,657,2407136874
CUST002890,Sophia Wilson,customer2890@mail.com,+1-444-259-3721,Chicago,USA,26090.46,754,8141165418
CUST002891,David Taylor,customer2891@mail.com,+1-444-310-2490,Phoenix,USA,31936.34,644,6574414208
CUST002892,John Brown,customer2892@mail.com,+1-444-973-9281,Phoenix,USA,26983.36,576,7430101881
CUST002893,Daniel Brown,customer2893@mail.com,+1-444-211-7188,Phoenix,USA,3538.25,637,8932125104
CUST002894,Ava Hall,customer2894@mail.com,+1-444-178-1736,Dallas,USA,30952.31,483,8733245893
CUST002895,John Davis,customer2895@mail.com,+1-444-831-9618,Dallas,USA,11874.16,385,8610517833
CUST002896,David Taylor,customer2896@mail.com,+1-444-898-4200,Dallas,USA,15018.47,693,1352612624
CUST002897,Olivia Brown,customer2897@mail.com,+1-444-125-7947,Chicago,USA,29809.22,724,4272274940
CUST002898,John Walker,customer2898@mail.com,+1-444-431-7419,New York,USA,9597.54,704,8198595273
CUST002899,John Davis,customer2899@mail.com,+1-444-760-7626,Chicago,USA,5994.81,409,5827798625
CUST002900,Sarah Lewis,customer2900@mail.com,+1-444-974-3306,Dallas,USA,33466.99,312,8416457472
CUST002901,Michael Johnson,customer2901@mail.com,+1-444-684-1470,New York,USA,45836.29,393,9659394120
CUST002902,John Hall,customer2902@mail.com,+1-444-207-4435,Phoenix,USA,33990.72,634,3404777997
CUST002903,Sarah Brown,customer2903@mail.com,+1-444-869-8938,Phoenix,USA,5786.16,822,7003592855
CUST002904,John Johnson,customer2904@mail.com,+1-444-648-6539,Phoenix,USA,22734.21,470,1535562139
CUST002905,James Lewis,customer2905@mail.com,+1-444-917-9967,Chicago,USA,11778.16,450,2708078013
CUST002906,Emma Smith,customer2906@mail.com,+1-444-233-3772,Dallas,USA,13644.23,799,4639214798
CUST002907,John Hall,customer2907@mail.com,+1-444-340-5732,Phoenix,USA,1991.17,847,1563764344
CUST002908,Sophia Walker,customer2908@mail.com,+1-444-162-6416,Chicago,USA,48415.84,770,7646837488
CUST002909,Michael Davis,customer2909@mail.com,+1-444-143-2289,Chicago,USA,3521.67,506,8148536683
CUST002910,Michael Clark,customer2910@mail.com,+1-444-800-2953,Dallas,USA,49184.36,840,3788808493
CUST002911,James Clark,customer2911@mail.com,+1-444-842-4043,Phoenix,USA,19273.02,598,2110459154
CUST002912,John Wilson,customer2912@mail.com,+1-444-242-9597,Dallas,USA,23182.98,836,5571420496
CUST002913,David Johnson,customer2913@mail.com,+1-444-769-5317,New York,USA,39305.4,337,2959170581
CUST002914,Sarah Brown,customer2914@mail.com,+1-444-800-6784,Dallas,USA,33938.79,715,6240726188
CUST002915,Sophia Smith,customer2915@mail.com,+1-444-226-8315,Chicago,USA,8245.2,603,6784155177
CUST002916,Sophia Lewis,customer2916@mail.com,+1-444-562-2996,Phoenix,USA,7967.63,481,5368193552
CUST002917,Sarah Brown,customer2917@mail.com,+1-444-147-7647,New York,USA,40086.18,638,8860818747
CUST002918,Sophia Smith,customer2918@mail.com,+1-444-382-5786,Chicago,USA,29438.62,622,1941426277
CUST002919,David Taylor,customer2919@mail.com,+1-444-279-7855,Phoenix,USA,43172.96,361,6272344829
CUST002920,Sophia Wilson,customer2920@mail.com,+1-444-898-2037,Chicago,USA,29980.52,664,8595501592
CUST002921,Sophia Johnson,customer2921@mail.com,+1-444-770-3076,Chicago,USA,33170.01,534,6160989048
CUST002922,Michael Clark,customer2922@mail.com,+1-444-769-5223,New York,USA,6444.48,618,7946525199
CUST002923,Sophia Hall,customer2923@mail.com,+1-444-257-7954,New York,USA,16239.65,478,7200545444
CUST002924,Ava Clark,customer2924@mail.com,+1-444-210-6407,Dallas,USA,14940.77,811,8966205417
CUST002925,Sarah Hall,customer2925@mail.com,+1-444-521-7529,Chicago,USA,18085.24,558,2119848141
CUST002926,James Clark,customer2926@mail.com,+1-444-617-1377,Phoenix,USA,24768.53,666,3187914635
CUST002927,Emma Taylor,customer2927@mail.com,+1-444-936-7367,New York,USA,12139.43,726,2344761479
CUST002928,Emma Smith,customer2928@mail.com,+1-444-264-5248,Chicago,USA,41619.74,460,4963273481
CUST002929,Daniel Walker,customer2929@mail.com,+1-444-491-5471,New York,USA,2394.48,676,8351278673
CUST002930,James Smith,customer2930@mail.com,+1-444-508-7195,Dallas,USA,32908.21,505,1965970268
CUST002931,Michael Johnson,customer2931@mail.com,+1-444-445-7706,New York,USA,39073.87,733,1197545895
CUST002932,Michael Taylor,customer2932@mail.com,+1-444-270-1617,Dallas,USA,20508.58,730,1693246136
CUST002933,Ava Walker,customer2933@mail.com,+1-444-565-5378,Dallas,USA,48416.0,430,7679806022
CUST002934,Daniel Clark,customer2934@mail.com,+1-444-423-3894,Chicago,USA,13582.79,596,3008378846
CUST002935,Emma Lewis,customer2935@mail.com,+1-444-200-3051,Dallas,USA,38889.53,823,3513069643
CUST002936,Olivia Clark,customer2936@mail.com,+1-444-450-6437,Dallas,USA,6440.62,697,6146704256
CUST002937,Michael Hall,customer2937@mail.com,+1-444-536-9175,Dallas,USA,33174.03,803,2388385891
CUST002938,Michael Wilson,customer2938@mail.com,+1-444-667-7247,New York,USA,40320.52,599,5225076629
CUST002939,Michael Brown,customer2939@mail.com,+1-444-918-2880,Dallas,USA,43038.6,473,2349780023
CUST002940,Ava Brown,customer2940@mail.com,+1-444-328-3666,New York,USA,20755.74,833,3042068954
CUST002941,Olivia Johnson,customer2941@mail.com,+1-444-908-3519,Dallas,USA,31663.18,731,6334252832
CUST002942,Ava Johnson,customer2942@mail.com,+1-444-407-8359,Phoenix,USA,48160.08,522,8526060261
CUST002943,Sarah Johnson,customer2943@mail.com,+1-444-780-6640,Phoenix,USA,44475.18,420,4394014967
CUST002944,Emma Walker,customer2944@mail.com,+1-444-864-7228,Phoenix,USA,12455.75,760,6628139411
CUST002945,Michael Smith,customer2945@mail.com,+1-444-501-6757,Phoenix,USA,47272.99,467,9695892933
CUST002946,David Brown,customer2946@mail.com,+1-444-409-5566,Dallas,USA,22978.67,755,3418414247
CUST002947,James Brown,customer2947@mail.com,+1-444-586-2664,Dallas,USA,27493.61,503,3189498658
CUST002948,James Wilson,customer2948@mail.com,+1-444-387-6412,Chicago,USA,46385.7,544,8157976453
CUST002949,Emma Walker,customer2949@mail.com,+1-444-401-5205,Phoenix,USA,10678.4,651,2898095105
CUST002950,Michael Lewis,customer2950@mail.com,+1-444-483-9524,New York,USA,23039.71,361,6866840213
CUST002951,Sarah Taylor,customer2951@mail.com,+1-444-326-4677,Dallas,USA,18820.28,771,8272051554
CUST002952,James Taylor,customer2952@mail.com,+1-444-653-9440,Phoenix,USA,49199.45,760,3186334900
CUST002953,Olivia Hall,customer2953@mail.com,+1-444-591-4637,Phoenix,USA,30773.73,446,2414326536
CUST002954,James Hall,customer2954@mail.com,+1-444-873-8968,Phoenix,USA,45485.12,406,3172528623
CUST002955,Sarah Smith,customer2955@mail.com,+1-444-293-6405,Dallas,USA,27728.71,470,2432580432
CUST002956,Daniel Taylor,customer2956@mail.com,+1-444-259-3566,Chicago,USA,8729.32,711,2545769218
CUST002957,Michael Johnson,customer2957@mail.com,+1-444-649-2863,Chicago,USA,9053.85,818,1979875686
CUST002958,Ava Wilson,customer2958@mail.com,+1-444-882-7241,Dallas,USA,19916.22,602,8518461729
CUST002959,Sarah Davis,customer2959@mail.com,+1-444-915-4101,Dallas,USA,26724.92,423,2337852271
CUST002960,David Clark,customer2960@mail.com,+1-444-108-2660,Dallas,USA,47149.87,527,8248484997
CUST002961,Ava Davis,customer2961@mail.com,+1-444-466-9021,Chicago,USA,19621.18,371,6517940449
CUST002962,Olivia Walker,customer2962@mail.com,+1-444-952-6112,Chicago,USA,14908.46,771,6070343783
CUST002963,Sophia Taylor,customer2963@mail.com,+1-444-819-5301,New York,USA,43274.93,580,5523764426
CUST002964,James Walker,customer2964@mail.com,+1-444-237-5909,Chicago,USA,39869.46,707,3017468488
CUST002965,Emma Hall,customer2965@mail.com,+1-444-749-4547,Chicago,USA,30189.85,595,8515040944
CUST002966,David Lewis,customer2966@mail.com,+1-444-963-7528,Phoenix,USA,40450.26,456,2960581056
CUST002967,Michael Taylor,customer2967@mail.com,+1-444-917-4163,Phoenix,USA,37198.51,486,7226578319
CUST002968,Olivia Smith,customer2968@mail.com,+1-444-837-5554,Dallas,USA,2400.49,570,9398511534
CUST002969,Sarah Wilson,customer2969@mail.com,+1-444-422-1584,Chicago,USA,24473.09,302,4111621211
CUST002970,Sarah Wilson,customer2970@mail.com,+1-444-817-7604,Chicago,USA,4252.93,750,4732761405
CUST002971,Ava Taylor,customer2971@mail.com,+1-444-196-3735,Phoenix,USA,48661.32,405,4242438770
CUST002972,John Clark,customer2972@mail.com,+1-444-498-3273,Chicago,USA,8213.46,834,1198686264
CUST002973,James Taylor,customer2973@mail.com,+1-444-563-2350,Dallas,USA,39752.05,501,1071846061
CUST002974,James Clark,customer2974@mail.com,+1-444-372-8220,Chicago,USA,15524.18,606,7650452926
CUST002975,Daniel Davis,customer2975@mail.com,+1-444-823-4792,Dallas,USA,20848.87,775,1851479561
CUST002976,Daniel Smith,customer2976@mail.com,+1-444-552-1232,Phoenix,USA,28837.18,379,7372047759
CUST002977,Emma Walker,customer2977@mail.com,+1-444-421-7401,New York,USA,27802.63,625,6010268897
CUST002978,Michael Walker,customer2978@mail.com,+1-444-134-1093,Dallas,USA,42633.31,836,7118478598
CUST002979,Emma Wilson,customer2979@mail.com,+1-444-707-9603,Phoenix,USA,20051.58,351,5127429885
CUST002980,James Hall,customer2980@mail.com,+1-444-524-4305,Dallas,USA,16930.74,849,7838526999
CUST002981,Sarah Johnson,customer2981@mail.com,+1-444-875-9896,Phoenix,USA,32287.5,553,7838340749
CUST002982,Ava Smith,customer2982@mail.com,+1-444-286-4633,Chicago,USA,8911.86,554,2973829552
CUST002983,Sophia Brown,customer2983@mail.com,+1-444-244-4498,Chicago,USA,6264.9,601,2608521993
CUST002984,David Smith,customer2984@mail.com,+1-444-728-5825,Phoenix,USA,33515.19,394,3114126881
CUST002985,John Wilson,customer2985@mail.com,+1-444-906-5708,Chicago,USA,40727.67,354,9208782488
CUST002986,David Smith,customer2986@mail.com,+1-444-268-5651,New York,USA,29487.78,595,8729971062
CUST002987,Sophia Taylor,customer2987@mail.com,+1-444-767-2902,Chicago,USA,22381.3,350,7445505622
CUST002988,John Smith,customer2988@mail.com,+1-444-364-9878,New York,USA,98.55,823,3491894180
CUST002989,Sarah Hall,customer2989@mail.com,+1-444-354-9232,Dallas,USA,44491.61,534,4142579117
CUST002990,Michael Wilson,customer2990@mail.com,+1-444-171-2411,Chicago,USA,29213.67,525,4890271520
CUST002991,John Johnson,customer2991@mail.com,+1-444-317-4779,New York,USA,44076.0,413,2649719177
CUST002992,Sarah Taylor,customer2992@mail.com,+1-444-678-2240,Phoenix,USA,30734.49,701,3149915678
CUST002993,Sophia Clark,customer2993@mail.com,+1-444-737-3914,Dallas,USA,35985.79,491,9975451897
CUST002994,Sarah Johnson,customer2994@mail.com,+1-444-204-2306,Dallas,USA,29586.66,381,6201880988
CUST002995,David Clark,customer2995@mail.com,+1-444-144-2895,Phoenix,USA,26514.23,431,4331989339
CUST002996,Olivia Lewis,customer2996@mail.com,+1-444-736-9029,New York,USA,18950.95,499,5211944595
CUST002997,Daniel Wilson,customer2997@mail.com,+1-444-995-5695,New York,USA,16903.31,508,8394056850
CUST002998,Daniel Walker,customer2998@mail.com,+1-444-242-1040,Chicago,USA,43912.98,808,1135534907
CUST002999,John Lewis,customer2999@mail.com,+1-444-427-8333,Chicago,USA,45060.82,691,5756920333
CUST003000,Olivia Davis,customer3000@mail.com,+1-444-386-2749,Chicago,USA,33960.47,374,3341339180
CUST003001,James Wilson,customer3001@mail.com,+1-444-354-7823,New York,USA,37464.41,800,5006423890
CUST003002,Olivia Wilson,customer3002@mail.com,+1-444-334-9450,Chicago,USA,10282.0,564,4051635543
CUST003003,Ava Clark,customer3003@mail.com,+1-444-751-6332,Dallas,USA,37094.05,405,7878111812
CUST003004,Sarah Lewis,customer3004@mail.com,+1-444-370-2690,Chicago,USA,1772.8,622,7029562060
CUST003005,John Johnson,customer3005@mail.com,+1-444-246-1994,Phoenix,USA,494.33,308,3307778930
CUST003006,David Taylor,customer3006@mail.com,+1-444-195-2583,New York,USA,19233.45,704,5036734309
CUST003007,Olivia Hall,customer3007@mail.com,+1-444-180-3314,Chicago,USA,5868.47,794,4138315764
CUST003008,John Hall,customer3008@mail.com,+1-444-409-9662,Phoenix,USA,37495.07,339,8105856598
CUST003009,Sarah Smith,customer3009@mail.com,+1-444-288-7967,New York,USA,7639.28,832,5524495325
CUST003010,Sarah Walker,customer3010@mail.com,+1-444-579-2027,Dallas,USA,14901.41,602,6660177962
CUST003011,Olivia Walker,customer3011@mail.com,+1-444-460-3605,New York,USA,1642.93,603,8843674324
CUST003012,Sarah Walker,customer3012@mail.com,+1-444-778-7037,Dallas,USA,49640.35,398,8691279209
CUST003013,Olivia Clark,customer3013@mail.com,+1-444-977-6981,Dallas,USA,23977.91,348,1559199360
CUST003014,Emma Wilson,customer3014@mail.com,+1-444-811-5808,New York,USA,28055.79,449,7522613636
CUST003015,Olivia Johnson,customer3015@mail.com,+1-444-489-1791,Dallas,USA,10056.88,455,9577558903
CUST003016,Sophia Hall,customer3016@mail.com,+1-444-413-6382,New York,USA,11487.63,498,8828609256
CUST003017,James Brown,customer3017@mail.com,+1-444-232-2620,Phoenix,USA,16013.6,723,1372912021
CUST003018,Olivia Taylor,customer3018@mail.com,+1-444-685-8911,Chicago,USA,12166.67,786,9428912869
CUST003019,Sophia Johnson,customer3019@mail.com,+1-444-522-2718,New York,USA,42582.02,835,8415768444
CUST003020,Daniel Wilson,customer3020@mail.com,+1-444-812-9729,Dallas,USA,26910.1,364,3820349717
CUST003021,Sophia Walker,customer3021@mail.com,+1-444-371-6767,Dallas,USA,21367.66,640,5289900753
CUST003022,Michael Taylor,customer3022@mail.com,+1-444-340-5142,Dallas,USA,1827.44,355,8046268352
CUST003023,Daniel Hall,customer3023@mail.com,+1-444-917-4420,Chicago,USA,21578.61,329,6636488037
CUST003024,David Davis,customer3024@mail.com,+1-444-787-6856,Chicago,USA,30100.35,615,1575740691
CUST003025,Sarah Smith,customer3025@mail.com,+1-444-373-4117,Chicago,USA,41795.15,553,3957617971
CUST003026,John Taylor,customer3026@mail.com,+1-444-508-5016,Dallas,USA,37248.35,482,8125319404
CUST003027,John Wilson,customer3027@mail.com,+1-444-674-4643,Dallas,USA,19075.93,766,7710569404
CUST003028,Sarah Brown,customer3028@mail.com,+1-444-193-8238,New York,USA,35481.83,622,6382565155
CUST003029,Daniel Wilson,customer3029@mail.com,+1-444-118-4985,Chicago,USA,12332.87,574,1277622243
CUST003030,Michael Clark,customer3030@mail.com,+1-444-936-5889,New York,USA,34053.01,666,6952782647
CUST003031,Sarah Davis,customer3031@mail.com,+1-444-818-2570,Phoenix,USA,34774.15,349,6494794797
CUST003032,Emma Lewis,customer3032@mail.com,+1-444-826-1015,Chicago,USA,14626.6,569,1460181768
CUST003033,John Smith,customer3033@mail.com,+1-444-788-1177,Chicago,USA,34945.57,673,2510140726
CUST003034,Olivia Clark,customer3034@mail.com,+1-444-449-7657,Phoenix,USA,47347.07,537,1245712102
CUST003035,Olivia Brown,customer3035@mail.com,+1-444-569-2115,Phoenix,USA,28745.56,347,4167693752
CUST003036,Sarah Johnson,customer3036@mail.com,+1-444-453-4986,Phoenix,USA,17735.13,327,3690804705
CUST003037,Michael Hall,customer3037@mail.com,+1-444-176-8323,Chicago,USA,4401.42,665,7002734729
CUST003038,Sophia Smith,customer3038@mail.com,+1-444-546-6961,Chicago,USA,41114.84,808,2016688129
CUST003039,Sophia Walker,customer3039@mail.com,+1-444-876-8658,Phoenix,USA,47347.11,675,9700229187
CUST003040,David Wilson,customer3040@mail.com,+1-444-189-2207,Dallas,USA,27780.76,751,5751709178
CUST003041,Ava Hall,customer3041@mail.com,+1-444-402-1636,Chicago,USA,33654.63,424,1155589863
CUST003042,Sarah Lewis,customer3042@mail.com,+1-444-843-6906,Phoenix,USA,2025.54,306,7714718087
CUST003043,James Johnson,customer3043@mail.com,+1-444-524-4566,New York,USA,15102.78,783,2393636296
CUST003044,Ava Smith,customer3044@mail.com,+1-444-993-1861,Phoenix,USA,29921.15,442,4967541092
CUST003045,Daniel Brown,customer3045@mail.com,+1-444-496-9464,New York,USA,31445.11,453,9220797268
CUST003046,David Hall,customer3046@mail.com,+1-444-283-2220,Chicago,USA,17207.01,497,6157503169
CUST003047,David Clark,customer3047@mail.com,+1-444-857-3350,Phoenix,USA,31080.79,375,3495727557
CUST003048,Ava Johnson,customer3048@mail.com,+1-444-575-1344,New York,USA,4974.1,643,9245872457
CUST003049,Olivia Taylor,customer3049@mail.com,+1-444-630-8027,Chicago,USA,13885.83,557,1622330343
CUST003050,James Hall,customer3050@mail.com,+1-444-231-8450,Chicago,USA,25159.54,582,9762377130
CUST003051,James Hall,customer3051@mail.com,+1-444-945-7145,Chicago,USA,5289.95,557,3562142376
CUST003052,Sarah Clark,customer3052@mail.com,+1-444-696-4549,New York,USA,37801.78,613,2293362081
CUST003053,Michael Walker,customer3053@mail.com,+1-444-933-1810,New York,USA,39921.97,552,5424053569
CUST003054,Ava Lewis,customer3054@mail.com,+1-444-853-7476,New York,USA,20627.12,447,3450478831
CUST003055,Olivia Clark,customer3055@mail.com,+1-444-402-3583,Dallas,USA,45333.2,408,4264194310
CUST003056,Daniel Smith,customer3056@mail.com,+1-444-545-1626,Chicago,USA,22997.1,801,4714102082
CUST003057,Daniel Clark,customer3057@mail.com,+1-444-351-6682,New York,USA,22396.4,374,8033596964
CUST003058,Daniel Lewis,customer3058@mail.com,+1-444-232-6349,Dallas,USA,18165.87,845,9818335986
CUST003059,John Taylor,customer3059@mail.com,+1-444-859-9663,New York,USA,23757.21,654,3422895897
CUST003060,Sarah Clark,customer3060@mail.com,+1-444-627-1296,Dallas,USA,27680.26,785,9065207999
CUST003061,Daniel Walker,customer3061@mail.com,+1-444-897-1196,Chicago,USA,47499.45,457,2854246276
CUST003062,Michael Taylor,customer3062@mail.com,+1-444-667-6094,Phoenix,USA,26162.63,468,9595429968
CUST003063,John Hall,customer3063@mail.com,+1-444-180-9939,New York,USA,631.23,766,3166335389
CUST003064,Daniel Lewis,customer3064@mail.com,+1-444-629-7398,New York,USA,8813.63,550,8701425258
CUST003065,Sarah Wilson,customer3065@mail.com,+1-444-417-2963,Dallas,USA,30563.23,556,4431198073
CUST003066,David Taylor,customer3066@mail.com,+1-444-766-4369,Phoenix,USA,19607.75,595,3667942543
CUST003067,James Taylor,customer3067@mail.com,+1-444-904-1807,Phoenix,USA,4038.09,603,7113303900
CUST003068,Michael Johnson,customer3068@mail.com,+1-444-963-2411,Dallas,USA,30607.42,713,9372562228
CUST003069,Ava Brown,customer3069@mail.com,+1-444-783-4136,Dallas,USA,8346.91,751,4117856056
CUST003070,Sarah Brown,customer3070@mail.com,+1-444-980-7521,New York,USA,19748.18,545,5371617378
CUST003071,Ava Davis,customer3071@mail.com,+1-444-197-4671,Chicago,USA,2405.88,329,3417661571
CUST003072,James Smith,customer3072@mail.com,+1-444-225-6063,Phoenix,USA,27809.65,477,3998288082
CUST003073,James Johnson,customer3073@mail.com,+1-444-590-2765,New York,USA,39486.49,434,5439867928
CUST003074,James Davis,customer3074@mail.com,+1-444-172-3802,Phoenix,USA,5923.0,529,4410792557
CUST003075,Ava Clark,customer3075@mail.com,+1-444-681-2502,Phoenix,USA,13832.27,785,7051702100
CUST003076,James Lewis,customer3076@mail.com,+1-444-571-2790,Chicago,USA,10561.56,596,4662724647
CUST003077,Sarah Lewis,customer3077@mail.com,+1-444-232-3316,Phoenix,USA,13861.02,763,1382189180
CUST003078,Sophia Clark,customer3078@mail.com,+1-444-828-2412,Phoenix,USA,40921.48,380,2965651721
CUST003079,Emma Clark,customer3079@mail.com,+1-444-913-9374,Chicago,USA,17372.57,845,7800513063
CUST003080,Sarah Lewis,customer3080@mail.com,+1-444-817-4781,Chicago,USA,3317.95,433,7903810302
CUST003081,Sophia Wilson,customer3081@mail.com,+1-444-887-9237,Chicago,USA,14587.34,577,8583667698
CUST003082,Sophia Hall,customer3082@mail.com,+1-444-415-9386,Chicago,USA,9106.59,724,6277646217
CUST003083,Daniel Walker,customer3083@mail.com,+1-444-435-9858,Dallas,USA,26484.51,416,9812349567
CUST003084,Ava Lewis,customer3084@mail.com,+1-444-603-5797,Chicago,USA,43108.28,737,9959711558
CUST003085,Sophia Wilson,customer3085@mail.com,+1-444-187-9526,Chicago,USA,34981.09,755,6045153486
CUST003086,Daniel Hall,customer3086@mail.com,+1-444-592-9244,Phoenix,USA,35993.22,657,2080460195
CUST003087,Ava Johnson,customer3087@mail.com,+1-444-587-8239,New York,USA,24290.34,576,6167608759
CUST003088,Emma Lewis,customer3088@mail.com,+1-444-371-2435,New York,USA,1391.93,833,1746962475
CUST003089,Michael Wilson,customer3089@mail.com,+1-444-239-2552,New York,USA,36234.69,751,2993885411
CUST003090,Sarah Hall,customer3090@mail.com,+1-444-576-4124,New York,USA,27292.92,464,3015423262
CUST003091,Emma Davis,customer3091@mail.com,+1-444-744-2373,Phoenix,USA,13121.68,620,2566313535
CUST003092,John Davis,customer3092@mail.com,+1-444-939-9596,Phoenix,USA,17340.45,802,8021601229
CUST003093,John Davis,customer3093@mail.com,+1-444-251-8122,Dallas,USA,840.72,837,5538453717
CUST003094,Ava Hall,customer3094@mail.com,+1-444-112-1305,New York,USA,35774.25,782,9562917162
CUST003095,Olivia Hall,customer3095@mail.com,+1-444-489-4336,Dallas,USA,1975.24,719,8265946924
CUST003096,Sarah Taylor,customer3096@mail.com,+1-444-620-7190,Dallas,USA,31537.03,806,3305802353
CUST003097,Ava Walker,customer3097@mail.com,+1-444-389-4082,Phoenix,USA,45578.77,574,9898679976
CUST003098,Olivia Johnson,customer3098@mail.com,+1-444-938-9219,Chicago,USA,33439.45,616,9832312263
CUST003099,Ava Johnson,customer3099@mail.com,+1-444-768-2578,Chicago,USA,27336.76,718,5430070800
CUST003100,Ava Wilson,customer3100@mail.com,+1-444-314-2114,Phoenix,USA,44341.47,490,2823134280
CUST003101,Olivia Taylor,customer3101@mail.com,+1-444-151-8135,New York,USA,7047.83,802,7213920460
CUST003102,Michael Brown,customer3102@mail.com,+1-444-196-9513,Chicago,USA,33865.31,373,1232178183
CUST003103,Sophia Lewis,customer3103@mail.com,+1-444-528-5584,Phoenix,USA,151.89,746,4471441346
CUST003104,Michael Brown,customer3104@mail.com,+1-444-167-5029,Dallas,USA,31882.65,385,2335150740
CUST003105,Emma Smith,customer3105@mail.com,+1-444-653-3272,Chicago,USA,21215.72,729,5536685621
CUST003106,John Smith,customer3106@mail.com,+1-444-100-7281,Chicago,USA,8584.42,664,3179612543
CUST003107,John Clark,customer3107@mail.com,+1-444-521-5205,New York,USA,3935.56,704,3039800164
CUST003108,Daniel Lewis,customer3108@mail.com,+1-444-683-2639,Dallas,USA,41895.65,419,1235763861
CUST003109,John Brown,customer3109@mail.com,+1-444-121-2640,Chicago,USA,49526.65,547,7608599110
CUST003110,David Smith,customer3110@mail.com,+1-444-790-2271,New York,USA,16543.1,841,4365608558
CUST003111,Sophia Wilson,customer3111@mail.com,+1-444-432-8543,Dallas,USA,28952.61,634,7301686472
CUST003112,Olivia Smith,customer3112@mail.com,+1-444-668-3374,Chicago,USA,45822.44,656,4204274538
CUST003113,Daniel Johnson,customer3113@mail.com,+1-444-400-9000,Phoenix,USA,14749.45,828,4177567434
CUST003114,Sophia Lewis,customer3114@mail.com,+1-444-613-9040,Phoenix,USA,9757.19,827,4310160916
CUST003115,Olivia Walker,customer3115@mail.com,+1-444-833-2946,Phoenix,USA,11988.16,395,9236394453
CUST003116,Emma Taylor,customer3116@mail.com,+1-444-590-5192,Chicago,USA,6290.17,669,2408332811
CUST003117,Sarah Walker,customer3117@mail.com,+1-444-486-9698,Chicago,USA,17923.29,841,7088241215
CUST003118,Daniel Walker,customer3118@mail.com,+1-444-318-1709,Dallas,USA,14749.98,416,3922099458
CUST003119,Sophia Wilson,customer3119@mail.com,+1-444-455-5925,Chicago,USA,396.29,633,9873707372
CUST003120,James Davis,customer3120@mail.com,+1-444-336-9241,Chicago,USA,46108.52,368,1306225066
CUST003121,James Taylor,customer3121@mail.com,+1-444-893-1952,Phoenix,USA,33068.79,535,7279349501
CUST003122,Sarah Walker,customer3122@mail.com,+1-444-655-6386,Dallas,USA,43709.96,608,2571445051
CUST003123,Sarah Clark,customer3123@mail.com,+1-444-212-6258,New York,USA,40653.41,686,6576149084
CUST003124,Sophia Brown,customer3124@mail.com,+1-444-265-1137,Chicago,USA,25365.91,407,8534407756
CUST003125,James Clark,customer3125@mail.com,+1-444-523-2069,Chicago,USA,42148.42,469,5867634678
CUST003126,Sophia Davis,customer3126@mail.com,+1-444-795-2297,Dallas,USA,2863.06,333,4321805309
CUST003127,Ava Clark,customer3127@mail.com,+1-444-714-1038,Phoenix,USA,23364.67,437,4051098544
CUST003128,Sophia Wilson,customer3128@mail.com,+1-444-741-3118,Chicago,USA,177.04,531,8528694606
CUST003129,James Taylor,customer3129@mail.com,+1-444-942-8462,Dallas,USA,29301.13,563,9789755256
CUST003130,Olivia Hall,customer3130@mail.com,+1-444-818-5317,Phoenix,USA,29960.27,757,7224288888
CUST003131,James Taylor,customer3131@mail.com,+1-444-510-2504,Dallas,USA,40846.98,606,3318234554
CUST003132,John Hall,customer3132@mail.com,+1-444-928-2113,Phoenix,USA,2847.56,773,6351584970
CUST003133,Sarah Lewis,customer3133@mail.com,+1-444-814-6542,Chicago,USA,48129.5,337,7639203321
CUST003134,Sophia Smith,customer3134@mail.com,+1-444-781-9078,Chicago,USA,39599.91,463,3237340077
CUST003135,John Smith,customer3135@mail.com,+1-444-382-3450,Chicago,USA,46351.79,487,3364912878
CUST003136,Emma Hall,customer3136@mail.com,+1-444-493-8134,Phoenix,USA,17685.24,432,6667176108
CUST003137,James Walker,customer3137@mail.com,+1-444-815-6972,New York,USA,34117.18,475,6679003386
CUST003138,James Taylor,customer3138@mail.com,+1-444-322-5195,New York,USA,43930.73,357,6709737947
CUST003139,Daniel Smith,customer3139@mail.com,+1-444-341-6282,New York,USA,27998.1,781,1440812764
CUST003140,James Hall,customer3140@mail.com,+1-444-398-6197,Chicago,USA,28782.04,541,6065613181
CUST003141,Daniel Davis,customer3141@mail.com,+1-444-800-9769,Dallas,USA,20421.75,563,7792572095
CUST003142,John Taylor,customer3142@mail.com,+1-444-921-6993,Chicago,USA,30648.61,421,4964299606
CUST003143,Daniel Walker,customer3143@mail.com,+1-444-497-4478,New York,USA,49700.14,302,5420475537
CUST003144,Sophia Davis,customer3144@mail.com,+1-444-263-3384,Chicago,USA,20920.07,839,8211181584
CUST003145,Daniel Walker,customer3145@mail.com,+1-444-963-4089,Chicago,USA,47955.24,763,9513982398
CUST003146,John Johnson,customer3146@mail.com,+1-444-604-9897,Dallas,USA,32560.94,827,2799809986
CUST003147,Daniel Johnson,customer3147@mail.com,+1-444-613-9560,Chicago,USA,11382.83,366,6580707867
CUST003148,Ava Lewis,customer3148@mail.com,+1-444-276-7736,Phoenix,USA,47764.1,427,6539739156
CUST003149,Sarah Smith,customer3149@mail.com,+1-444-894-9244,New York,USA,22129.62,712,8653811540
CUST003150,Olivia Clark,customer3150@mail.com,+1-444-408-6409,Phoenix,USA,21673.66,423,9130647908
CUST003151,Sarah Davis,customer3151@mail.com,+1-444-301-6121,Chicago,USA,12257.71,496,4138910247
CUST003152,Michael Johnson,customer3152@mail.com,+1-444-838-4644,New York,USA,34839.94,803,7765426054
CUST003153,Sophia Brown,customer3153@mail.com,+1-444-163-5207,Chicago,USA,28433.58,557,1642045501
CUST003154,Sarah Smith,customer3154@mail.com,+1-444-102-3627,Dallas,USA,11945.63,812,4362218326
CUST003155,Ava Davis,customer3155@mail.com,+1-444-351-8406,Dallas,USA,26666.76,745,5500134558
CUST003156,Ava Hall,customer3156@mail.com,+1-444-720-6291,Chicago,USA,23961.29,305,4649507986
CUST003157,Sarah Johnson,customer3157@mail.com,+1-444-607-5005,Dallas,USA,46853.93,733,7200712853
CUST003158,Sarah Johnson,customer3158@mail.com,+1-444-394-4358,New York,USA,42599.85,571,8059091013
CUST003159,Sarah Wilson,customer3159@mail.com,+1-444-290-8446,Chicago,USA,48768.98,517,2128891981
CUST003160,Olivia Lewis,customer3160@mail.com,+1-444-803-9709,New York,USA,28897.41,476,2431365016
CUST003161,Daniel Smith,customer3161@mail.com,+1-444-329-8061,Dallas,USA,45321.87,484,8723843065
CUST003162,John Wilson,customer3162@mail.com,+1-444-872-9241,Phoenix,USA,8197.09,528,4757236382
CUST003163,David Walker,customer3163@mail.com,+1-444-932-7310,New York,USA,16312.18,515,9462666672
CUST003164,David Clark,customer3164@mail.com,+1-444-614-3269,Dallas,USA,27598.63,336,8134002151
CUST003165,Sarah Lewis,customer3165@mail.com,+1-444-513-3135,Dallas,USA,43581.85,429,9676740383
CUST003166,Ava Brown,customer3166@mail.com,+1-444-154-4156,Dallas,USA,3355.78,420,1472921945
CUST003167,John Johnson,customer3167@mail.com,+1-444-804-2787,Phoenix,USA,43015.65,826,2823659528
CUST003168,Daniel Johnson,customer3168@mail.com,+1-444-811-4726,New York,USA,25171.05,524,8545956838
CUST003169,John Clark,customer3169@mail.com,+1-444-687-8956,Dallas,USA,48633.51,482,9156615319
CUST003170,Emma Smith,customer3170@mail.com,+1-444-448-8576,Dallas,USA,47597.96,838,7379642652
CUST003171,Sarah Brown,customer3171@mail.com,+1-444-407-1605,Phoenix,USA,47956.02,400,3900258595
CUST003172,Olivia Clark,customer3172@mail.com,+1-444-896-2986,Dallas,USA,33283.51,798,1094099679
CUST003173,Emma Hall,customer3173@mail.com,+1-444-295-9370,Phoenix,USA,40380.12,551,9589484392
CUST003174,Olivia Walker,customer3174@mail.com,+1-444-458-5720,Phoenix,USA,25825.84,590,5957552469
CUST003175,Sophia Clark,customer3175@mail.com,+1-444-269-1663,Dallas,USA,16653.37,461,1896306610
CUST003176,Ava Walker,customer3176@mail.com,+1-444-628-9889,Chicago,USA,32544.86,417,6679556353
CUST003177,Ava Taylor,customer3177@mail.com,+1-444-170-8435,New York,USA,5703.94,415,5664597662
CUST003178,Olivia Johnson,customer3178@mail.com,+1-444-758-3421,New York,USA,30660.15,506,8270519893
CUST003179,Michael Taylor,customer3179@mail.com,+1-444-430-7078,Phoenix,USA,16968.61,620,7840496065
CUST003180,James Smith,customer3180@mail.com,+1-444-526-4348,Phoenix,USA,5714.05,350,4567180892
CUST003181,James Wilson,customer3181@mail.com,+1-444-857-7470,Phoenix,USA,36962.48,695,6383573926
CUST003182,John Smith,customer3182@mail.com,+1-444-413-7876,New York,USA,6398.85,571,3171068158
CUST003183,Daniel Smith,customer3183@mail.com,+1-444-143-6663,New York,USA,15365.93,480,8660967323
CUST003184,Sarah Davis,customer3184@mail.com,+1-444-598-5686,Phoenix,USA,37656.83,713,9484140717
CUST003185,David Taylor,customer3185@mail.com,+1-444-886-6079,Dallas,USA,39489.44,509,3894155824
CUST003186,David Hall,customer3186@mail.com,+1-444-485-5270,New York,USA,32475.9,402,6680535721
CUST003187,Olivia Smith,customer3187@mail.com,+1-444-172-4801,Chicago,USA,6613.43,723,6381474135
CUST003188,Daniel Smith,customer3188@mail.com,+1-444-286-8363,Chicago,USA,34551.58,519,4479954267
CUST003189,Ava Taylor,customer3189@mail.com,+1-444-898-8148,Chicago,USA,6603.47,501,8195485211
CUST003190,James Brown,customer3190@mail.com,+1-444-982-3052,New York,USA,41038.57,527,1654330262
CUST003191,Daniel Clark,customer3191@mail.com,+1-444-152-9660,Chicago,USA,9321.68,647,6938821242
CUST003192,Michael Brown,customer3192@mail.com,+1-444-208-1550,Phoenix,USA,46154.55,795,8375597639
CUST003193,Ava Smith,customer3193@mail.com,+1-444-627-2387,Dallas,USA,40733.96,604,3721967188
CUST003194,Olivia Wilson,customer3194@mail.com,+1-444-533-8130,Dallas,USA,13393.16,519,4834000526
CUST003195,Daniel Davis,customer3195@mail.com,+1-444-756-2800,Chicago,USA,45591.28,710,1679336815
CUST003196,Olivia Taylor,customer3196@mail.com,+1-444-921-9015,New York,USA,26551.76,646,5336448793
CUST003197,Ava Wilson,customer3197@mail.com,+1-444-768-5764,Chicago,USA,46379.82,364,6090859437
CUST003198,Olivia Johnson,customer3198@mail.com,+1-444-268-9871,Chicago,USA,44846.8,712,4378343036
CUST003199,Daniel Johnson,customer3199@mail.com,+1-444-926-5040,Phoenix,USA,34206.46,566,7137342625
CUST003200,Michael Taylor,customer3200@mail.com,+1-444-712-7223,Dallas,USA,11775.27,750,2310747814
CUST003201,Michael Walker,customer3201@mail.com,+1-444-423-9788,Phoenix,USA,11457.36,407,4259181029
CUST003202,David Wilson,customer3202@mail.com,+1-444-241-5987,Phoenix,USA,3804.81,446,2883604773
CUST003203,Ava Lewis,customer3203@mail.com,+1-444-647-8877,Dallas,USA,26389.37,558,2581020435
CUST003204,Emma Hall,customer3204@mail.com,+1-444-705-3765,Phoenix,USA,24691.36,471,7631466629
CUST003205,Olivia Hall,customer3205@mail.com,+1-444-306-9458,Phoenix,USA,5268.64,577,2980581033
CUST003206,James Wilson,customer3206@mail.com,+1-444-487-5194,Phoenix,USA,41704.63,615,5210948363
CUST003207,Michael Clark,customer3207@mail.com,+1-444-650-4291,Dallas,USA,4367.93,529,4851513041
CUST003208,Sophia Hall,customer3208@mail.com,+1-444-577-4023,New York,USA,15980.29,690,6093996706
CUST003209,Ava Walker,customer3209@mail.com,+1-444-192-5057,Chicago,USA,30408.25,722,4159971416
CUST003210,Sarah Davis,customer3210@mail.com,+1-444-687-6312,New York,USA,30476.31,443,5671025234
CUST003211,David Taylor,customer3211@mail.com,+1-444-324-3143,Dallas,USA,4394.24,567,4362716967
CUST003212,Ava Clark,customer3212@mail.com,+1-444-248-1527,New York,USA,193.51,795,6488448409
CUST003213,Sarah Lewis,customer3213@mail.com,+1-444-706-7493,Chicago,USA,47842.94,495,1770013288
CUST003214,Sophia Taylor,customer3214@mail.com,+1-444-666-6953,Phoenix,USA,22380.71,479,4609052385
CUST003215,James Walker,customer3215@mail.com,+1-444-966-8818,Chicago,USA,25367.7,615,1654756565
CUST003216,Daniel Johnson,customer3216@mail.com,+1-444-783-3220,Phoenix,USA,23320.94,551,6404389010
CUST003217,Michael Davis,customer3217@mail.com,+1-444-426-3669,Chicago,USA,25977.05,437,6020507551
CUST003218,Ava Lewis,customer3218@mail.com,+1-444-275-4040,Dallas,USA,28903.35,326,6420207328
CUST003219,Michael Hall,customer3219@mail.com,+1-444-203-1135,Dallas,USA,18566.1,408,9953964065
CUST003220,Daniel Walker,customer3220@mail.com,+1-444-453-3882,Chicago,USA,42825.51,374,5620938193
CUST003221,David Taylor,customer3221@mail.com,+1-444-584-1412,New York,USA,23685.15,531,2211610281
CUST003222,Daniel Walker,customer3222@mail.com,+1-444-611-4701,New York,USA,46326.64,816,6927229743
CUST003223,Sarah Walker,customer3223@mail.com,+1-444-479-1599,Dallas,USA,19641.29,441,4990511627
CUST003224,Sophia Wilson,customer3224@mail.com,+1-444-272-4902,New York,USA,5345.57,324,6933666620
CUST003225,Emma Lewis,customer3225@mail.com,+1-444-253-1337,New York,USA,8988.11,846,1479226566
CUST003226,Michael Brown,customer3226@mail.com,+1-444-930-5864,New York,USA,23868.61,696,2493467150
CUST003227,Ava Johnson,customer3227@mail.com,+1-444-126-4833,Phoenix,USA,15930.79,840,5674590254
CUST003228,David Brown,customer3228@mail.com,+1-444-968-4037,Chicago,USA,26881.19,584,4961894361
CUST003229,Ava Smith,customer3229@mail.com,+1-444-191-5903,New York,USA,43545.78,712,2055498929
CUST003230,Ava Wilson,customer3230@mail.com,+1-444-148-3923,Dallas,USA,20353.2,576,9610075562
CUST003231,Sarah Wilson,customer3231@mail.com,+1-444-100-6785,Chicago,USA,19728.44,400,3363010773
CUST003232,Michael Johnson,customer3232@mail.com,+1-444-719-4292,Chicago,USA,5386.07,707,5529989131
CUST003233,Sarah Taylor,customer3233@mail.com,+1-444-585-8283,Chicago,USA,16933.91,557,9283105273
CUST003234,Ava Wilson,customer3234@mail.com,+1-444-531-4432,Chicago,USA,33430.27,421,3356852777
CUST003235,Daniel Clark,customer3235@mail.com,+1-444-562-7884,Dallas,USA,33031.37,796,6765785707
CUST003236,Ava Smith,customer3236@mail.com,+1-444-995-3394,Dallas,USA,398.83,606,9628354679
CUST003237,James Wilson,customer3237@mail.com,+1-444-294-9099,Chicago,USA,41618.29,354,3475731816
CUST003238,Emma Johnson,customer3238@mail.com,+1-444-930-8550,Dallas,USA,25280.45,690,5539238086
CUST003239,Ava Lewis,customer3239@mail.com,+1-444-650-5585,Dallas,USA,13443.59,742,8944461418
CUST003240,Daniel Clark,customer3240@mail.com,+1-444-133-1103,New York,USA,44811.58,669,6841436067
CUST003241,Olivia Smith,customer3241@mail.com,+1-444-947-7832,Chicago,USA,25255.07,375,4894155646
CUST003242,Daniel Johnson,customer3242@mail.com,+1-444-875-1461,New York,USA,45069.25,480,3673642229
CUST003243,Michael Brown,customer3243@mail.com,+1-444-323-2701,Chicago,USA,5656.07,832,3164226044
CUST003244,Emma Clark,customer3244@mail.com,+1-444-380-3872,Phoenix,USA,33387.07,376,1790456538
CUST003245,David Taylor,customer3245@mail.com,+1-444-410-1073,Chicago,USA,40728.43,733,2093400681
CUST003246,Sarah Johnson,customer3246@mail.com,+1-444-248-3973,Chicago,USA,457.15,380,3962155135
CUST003247,James Clark,customer3247@mail.com,+1-444-601-9540,Chicago,USA,5859.52,453,1942144918
CUST003248,Michael Smith,customer3248@mail.com,+1-444-533-6375,New York,USA,45450.0,440,7110512422
CUST003249,Olivia Clark,customer3249@mail.com,+1-444-984-9889,New York,USA,32301.94,746,2634557143
CUST003250,Sophia Hall,customer3250@mail.com,+1-444-715-2865,Chicago,USA,5202.01,608,4172909774
CUST003251,Michael Johnson,customer3251@mail.com,+1-444-540-9066,Dallas,USA,1328.97,673,7404523180
CUST003252,Michael Hall,customer3252@mail.com,+1-444-297-7226,Phoenix,USA,30425.43,396,1606279244
CUST003253,Olivia Wilson,customer3253@mail.com,+1-444-628-3019,Phoenix,USA,33093.92,511,2311940236
CUST003254,Daniel Lewis,customer3254@mail.com,+1-444-110-5849,New York,USA,33065.67,783,4844648225
CUST003255,Olivia Brown,customer3255@mail.com,+1-444-455-9536,Dallas,USA,31422.3,324,3383776750
CUST003256,Michael Lewis,customer3256@mail.com,+1-444-480-5066,New York,USA,44820.38,622,2899681553
CUST003257,Emma Davis,customer3257@mail.com,+1-444-162-8556,Phoenix,USA,3681.02,604,6401212021
CUST003258,John Walker,customer3258@mail.com,+1-444-782-9588,Phoenix,USA,18693.48,817,4703176611
CUST003259,James Lewis,customer3259@mail.com,+1-444-344-1820,Phoenix,USA,37847.56,345,9885587328
CUST003260,Emma Hall,customer3260@mail.com,+1-444-941-3989,Chicago,USA,31911.89,798,9429921453
CUST003261,Sophia Clark,customer3261@mail.com,+1-444-286-1249,Chicago,USA,4369.4,363,9100904076
CUST003262,Emma Taylor,customer3262@mail.com,+1-444-879-9832,Dallas,USA,11385.29,456,8631973653
CUST003263,Daniel Lewis,customer3263@mail.com,+1-444-338-4592,Dallas,USA,29160.97,453,2887814963
CUST003264,Michael Clark,customer3264@mail.com,+1-444-209-9222,Phoenix,USA,6272.69,705,1741532467
CUST003265,Emma Walker,customer3265@mail.com,+1-444-219-5466,Chicago,USA,5599.77,821,9289190445
CUST003266,Ava Brown,customer3266@mail.com,+1-444-179-2926,Phoenix,USA,37313.23,523,2228326349
CUST003267,Daniel Davis,customer3267@mail.com,+1-444-189-1948,Phoenix,USA,21911.11,719,3310956076
CUST003268,Michael Clark,customer3268@mail.com,+1-444-671-1558,Phoenix,USA,31438.12,427,4729641396
CUST003269,Sophia Brown,customer3269@mail.com,+1-444-261-7516,Phoenix,USA,19020.87,488,7578917492
CUST003270,Sophia Brown,customer3270@mail.com,+1-444-793-2128,Dallas,USA,532.33,826,1763784898
CUST003271,Olivia Johnson,customer3271@mail.com,+1-444-317-6540,Chicago,USA,631.3,561,2380182473
CUST003272,James Davis,customer3272@mail.com,+1-444-705-4399,Phoenix,USA,15673.84,524,8555452292
CUST003273,John Wilson,customer3273@mail.com,+1-444-862-7056,Phoenix,USA,26133.81,440,5950105769
CUST003274,James Wilson,customer3274@mail.com,+1-444-291-6510,Chicago,USA,16686.09,591,6902843331
CUST003275,Sarah Wilson,customer3275@mail.com,+1-444-780-2504,Chicago,USA,49424.74,413,5860129707
CUST003276,James Brown,customer3276@mail.com,+1-444-771-8431,Chicago,USA,24646.55,341,5118566453
CUST003277,Michael Clark,customer3277@mail.com,+1-444-843-4721,Chicago,USA,4559.78,691,6073224037
CUST003278,Emma Taylor,customer3278@mail.com,+1-444-470-5591,Chicago,USA,16602.75,672,9730577460
CUST003279,Michael Wilson,customer3279@mail.com,+1-444-601-4007,New York,USA,5379.72,696,6031480556
CUST003280,Daniel Wilson,customer3280@mail.com,+1-444-554-8506,New York,USA,19068.9,509,8392759587
CUST003281,Michael Brown,customer3281@mail.com,+1-444-194-1104,Chicago,USA,36746.84,452,6352130805
CUST003282,John Smith,customer3282@mail.com,+1-444-809-2997,Chicago,USA,26672.7,611,6062245596
CUST003283,Michael Smith,customer3283@mail.com,+1-444-852-6306,New York,USA,37891.71,490,8884242420
CUST003284,Sophia Taylor,customer3284@mail.com,+1-444-270-9030,Phoenix,USA,3236.07,784,5753749229
CUST003285,Sarah Brown,customer3285@mail.com,+1-444-375-4868,Dallas,USA,29125.09,309,4917850912
CUST003286,Ava Smith,customer3286@mail.com,+1-444-149-9279,Phoenix,USA,12900.66,694,2399162839
CUST003287,John Wilson,customer3287@mail.com,+1-444-942-7730,Phoenix,USA,29581.61,727,3677336993
CUST003288,David Lewis,customer3288@mail.com,+1-444-158-9349,Phoenix,USA,3471.32,812,6921068052
CUST003289,Sarah Walker,customer3289@mail.com,+1-444-873-1906,Chicago,USA,23161.42,332,6260053045
CUST003290,Michael Brown,customer3290@mail.com,+1-444-265-9883,Dallas,USA,48496.81,363,5022494783
CUST003291,Sophia Hall,customer3291@mail.com,+1-444-993-1994,New York,USA,39221.55,641,9046110316
CUST003292,Emma Walker,customer3292@mail.com,+1-444-445-9246,Chicago,USA,47718.32,670,2560348912
CUST003293,James Smith,customer3293@mail.com,+1-444-601-4699,Chicago,USA,35965.28,359,9565481759
CUST003294,Emma Wilson,customer3294@mail.com,+1-444-216-6296,Dallas,USA,11740.78,530,7783339147
CUST003295,Olivia Wilson,customer3295@mail.com,+1-444-162-9509,New York,USA,20045.97,429,1884120800
CUST003296,Sophia Brown,customer3296@mail.com,+1-444-976-5709,Chicago,USA,34099.82,399,8525079070
CUST003297,David Brown,customer3297@mail.com,+1-444-919-5819,Chicago,USA,2082.16,391,4576408915
CUST003298,David Davis,customer3298@mail.com,+1-444-521-7526,Phoenix,USA,16040.56,425,3154018619
CUST003299,Sophia Hall,customer3299@mail.com,+1-444-420-6722,Chicago,USA,840.21,681,6296504456
CUST003300,Sophia Lewis,customer3300@mail.com,+1-444-976-9404,Chicago,USA,26238.05,740,8260885364
CUST003301,Olivia Taylor,customer3301@mail.com,+1-444-959-3820,New York,USA,30923.53,456,2923191600
CUST003302,Emma Lewis,customer3302@mail.com,+1-444-538-6769,Chicago,USA,19886.81,712,8405419649
CUST003303,Michael Clark,customer3303@mail.com,+1-444-233-8096,Chicago,USA,19462.07,398,4099680987
CUST003304,Ava Clark,customer3304@mail.com,+1-444-423-6833,Dallas,USA,36937.09,824,8733412265
CUST003305,David Brown,customer3305@mail.com,+1-444-623-6047,New York,USA,10329.21,419,6953129120
CUST003306,Olivia Clark,customer3306@mail.com,+1-444-506-8408,Dallas,USA,10853.41,569,2756210923
CUST003307,Emma Hall,customer3307@mail.com,+1-444-486-1443,Dallas,USA,36013.87,492,3061551963
CUST003308,James Johnson,customer3308@mail.com,+1-444-984-3047,Phoenix,USA,33001.76,789,7703292937
CUST003309,Emma Taylor,customer3309@mail.com,+1-444-519-7192,Chicago,USA,53.02,320,7397014330
CUST003310,Emma Hall,customer3310@mail.com,+1-444-374-3952,Dallas,USA,43307.97,536,4290310634
CUST003311,Olivia Davis,customer3311@mail.com,+1-444-872-3546,New York,USA,2025.23,466,4869688536
CUST003312,Sarah Wilson,customer3312@mail.com,+1-444-789-1106,Phoenix,USA,38799.39,528,9269252994
CUST003313,Sarah Wilson,customer3313@mail.com,+1-444-492-4150,Dallas,USA,22331.14,366,5201713845
CUST003314,Michael Johnson,customer3314@mail.com,+1-444-730-5686,Chicago,USA,37143.84,567,3335166801
CUST003315,James Johnson,customer3315@mail.com,+1-444-842-2623,New York,USA,16983.98,482,2394216478
CUST003316,Ava Wilson,customer3316@mail.com,+1-444-548-8705,Dallas,USA,31694.51,514,2743697689
CUST003317,David Davis,customer3317@mail.com,+1-444-352-5238,New York,USA,32691.18,355,1233094447
CUST003318,Daniel Brown,customer3318@mail.com,+1-444-410-2258,Dallas,USA,17607.72,673,3964800453
CUST003319,Ava Smith,customer3319@mail.com,+1-444-720-7940,Phoenix,USA,47729.99,716,1760677930
CUST003320,David Hall,customer3320@mail.com,+1-444-557-4222,Dallas,USA,30546.2,477,3348605770
CUST003321,John Brown,customer3321@mail.com,+1-444-852-5493,New York,USA,27780.44,783,3374282666
CUST003322,Michael Wilson,customer3322@mail.com,+1-444-604-8537,Phoenix,USA,27808.97,635,8124821405
CUST003323,Michael Brown,customer3323@mail.com,+1-444-864-1787,Chicago,USA,42642.93,584,3651810987
CUST003324,Olivia Johnson,customer3324@mail.com,+1-444-743-6643,Chicago,USA,7763.45,490,9559430870
CUST003325,John Smith,customer3325@mail.com,+1-444-636-1211,Chicago,USA,47222.64,412,1626991715
CUST003326,John Taylor,customer3326@mail.com,+1-444-688-1233,Phoenix,USA,40500.54,512,5943293688
CUST003327,Olivia Lewis,customer3327@mail.com,+1-444-978-2202,New York,USA,47397.88,353,9473518386
CUST003328,Ava Taylor,customer3328@mail.com,+1-444-554-7926,New York,USA,20511.61,490,2409617641
CUST003329,Sophia Brown,customer3329@mail.com,+1-444-704-1209,Chicago,USA,33227.04,574,8237133033
CUST003330,Daniel Johnson,customer3330@mail.com,+1-444-666-3435,Dallas,USA,41286.05,684,9138723046
CUST003331,Michael Smith,customer3331@mail.com,+1-444-803-1966,New York,USA,16036.12,578,1586117819
CUST003332,David Davis,customer3332@mail.com,+1-444-700-1486,Dallas,USA,1900.43,634,6384781902
CUST003333,John Walker,customer3333@mail.com,+1-444-881-8885,Phoenix,USA,41486.18,490,7021334780
CUST003334,Sarah Taylor,customer3334@mail.com,+1-444-204-2645,Phoenix,USA,3771.13,333,2502538800
CUST003335,Emma Davis,customer3335@mail.com,+1-444-580-2683,Phoenix,USA,24327.87,387,8321735902
CUST003336,John Lewis,customer3336@mail.com,+1-444-594-2391,Phoenix,USA,8036.17,811,8191591327
CUST003337,Olivia Hall,customer3337@mail.com,+1-444-556-8677,Chicago,USA,37177.2,781,2125605693
CUST003338,Emma Davis,customer3338@mail.com,+1-444-779-1945,New York,USA,46364.63,660,4553291585
CUST003339,Daniel Wilson,customer3339@mail.com,+1-444-323-4891,Chicago,USA,12555.17,647,6434279230
CUST003340,David Taylor,customer3340@mail.com,+1-444-406-4418,Chicago,USA,17563.66,566,5941275795
CUST003341,John Clark,customer3341@mail.com,+1-444-376-7299,Phoenix,USA,45629.1,846,5283872692
CUST003342,James Davis,customer3342@mail.com,+1-444-968-9689,New York,USA,47252.81,401,3731673665
CUST003343,Daniel Walker,customer3343@mail.com,+1-444-516-8806,New York,USA,5039.35,551,7715111901
CUST003344,John Lewis,customer3344@mail.com,+1-444-948-6106,Dallas,USA,39842.92,626,2374684195
CUST003345,Daniel Brown,customer3345@mail.com,+1-444-101-5661,New York,USA,30749.71,541,2784734680
CUST003346,Daniel Brown,customer3346@mail.com,+1-444-995-9799,Chicago,USA,37888.26,776,8683017164
CUST003347,Sophia Hall,customer3347@mail.com,+1-444-194-4314,Dallas,USA,2347.16,610,8123350048
CUST003348,Sarah Lewis,customer3348@mail.com,+1-444-430-5097,Phoenix,USA,12546.5,317,7072626270
CUST003349,Sophia Clark,customer3349@mail.com,+1-444-846-8872,Chicago,USA,16033.8,574,2262777651
CUST003350,John Davis,customer3350@mail.com,+1-444-935-3968,New York,USA,16442.71,412,2163649538
CUST003351,Ava Hall,customer3351@mail.com,+1-444-895-9139,New York,USA,1840.27,714,4296198875
CUST003352,David Smith,customer3352@mail.com,+1-444-178-5289,New York,USA,40353.36,502,7251825957
CUST003353,David Walker,customer3353@mail.com,+1-444-833-9478,Dallas,USA,49295.58,347,2151182392
CUST003354,Sophia Johnson,customer3354@mail.com,+1-444-119-4034,Phoenix,USA,38097.51,691,5873115400
CUST003355,David Wilson,customer3355@mail.com,+1-444-275-4723,Phoenix,USA,6431.53,539,9583079365
CUST003356,Sophia Lewis,customer3356@mail.com,+1-444-721-7093,New York,USA,31124.93,349,2431574303
CUST003357,Emma Davis,customer3357@mail.com,+1-444-444-5458,Dallas,USA,46052.32,448,6568001873
CUST003358,Sophia Lewis,customer3358@mail.com,+1-444-792-5812,New York,USA,48330.09,300,9672648949
CUST003359,Sophia Taylor,customer3359@mail.com,+1-444-219-1434,Dallas,USA,40819.95,534,9226439180
CUST003360,Sarah Smith,customer3360@mail.com,+1-444-101-1533,Chicago,USA,35586.27,571,9319508173
CUST003361,John Davis,customer3361@mail.com,+1-444-770-1191,New York,USA,49152.84,576,6925824959
CUST003362,James Clark,customer3362@mail.com,+1-444-323-1433,Chicago,USA,40472.89,593,9215632860
CUST003363,Sophia Clark,customer3363@mail.com,+1-444-413-1294,Phoenix,USA,8624.5,434,6259316750
CUST003364,John Wilson,customer3364@mail.com,+1-444-629-1057,Phoenix,USA,16067.15,456,5686036303
CUST003365,James Clark,customer3365@mail.com,+1-444-588-4266,Chicago,USA,47347.42,512,9762765912
CUST003366,Emma Hall,customer3366@mail.com,+1-444-257-2480,Chicago,USA,27616.83,797,9516005710
CUST003367,James Walker,customer3367@mail.com,+1-444-445-2095,Chicago,USA,20878.05,681,3145749384
CUST003368,James Johnson,customer3368@mail.com,+1-444-277-9442,Phoenix,USA,15186.4,437,2884125625
CUST003369,Ava Walker,customer3369@mail.com,+1-444-931-4406,Phoenix,USA,26601.08,563,1033289317
CUST003370,Olivia Lewis,customer3370@mail.com,+1-444-386-2617,Chicago,USA,15435.69,470,1392555967
CUST003371,John Smith,customer3371@mail.com,+1-444-773-6252,Dallas,USA,23704.56,522,3157248161
CUST003372,Michael Lewis,customer3372@mail.com,+1-444-391-8775,New York,USA,2802.82,575,3306392095
CUST003373,Ava Smith,customer3373@mail.com,+1-444-250-8649,Dallas,USA,30257.6,528,8847271285
CUST003374,Michael Taylor,customer3374@mail.com,+1-444-794-1924,Dallas,USA,2354.05,552,8996355232
CUST003375,Michael Clark,customer3375@mail.com,+1-444-130-8493,Chicago,USA,4336.97,610,8843522045
CUST003376,John Taylor,customer3376@mail.com,+1-444-545-3056,Dallas,USA,16114.04,700,6463360162
CUST003377,Sarah Davis,customer3377@mail.com,+1-444-558-1549,Chicago,USA,14429.73,645,1537983255
CUST003378,Daniel Taylor,customer3378@mail.com,+1-444-933-7133,Phoenix,USA,46921.64,711,6354011863
CUST003379,Michael Taylor,customer3379@mail.com,+1-444-173-2907,Chicago,USA,26590.86,579,2892556183
CUST003380,Sarah Smith,customer3380@mail.com,+1-444-354-4192,New York,USA,25675.81,625,2409671790
CUST003381,Sophia Davis,customer3381@mail.com,+1-444-978-1908,Dallas,USA,43189.27,526,6555504889
CUST003382,Ava Clark,customer3382@mail.com,+1-444-530-8075,Dallas,USA,7601.86,841,3331605215
CUST003383,David Smith,customer3383@mail.com,+1-444-752-2320,Chicago,USA,14335.7,789,4001850406
CUST003384,James Brown,customer3384@mail.com,+1-444-740-6351,Dallas,USA,19236.81,499,7085945350
CUST003385,Sophia Taylor,customer3385@mail.com,+1-444-346-1264,Phoenix,USA,41646.66,434,8740850504
CUST003386,Emma Johnson,customer3386@mail.com,+1-444-671-9919,New York,USA,20914.27,357,5334614006
CUST003387,John Johnson,customer3387@mail.com,+1-444-785-2514,Phoenix,USA,10176.84,545,1342574884
CUST003388,Sophia Lewis,customer3388@mail.com,+1-444-517-2787,New York,USA,18527.56,739,6136937552
CUST003389,Olivia Taylor,customer3389@mail.com,+1-444-553-2255,Dallas,USA,47371.61,835,6490515936
CUST003390,Michael Lewis,customer3390@mail.com,+1-444-938-8300,Phoenix,USA,28809.34,544,2578255966
CUST003391,Michael Hall,customer3391@mail.com,+1-444-738-3414,New York,USA,46116.66,348,1840980006
CUST003392,Emma Lewis,customer3392@mail.com,+1-444-733-1012,Dallas,USA,10547.51,504,6309235667
CUST003393,Emma Clark,customer3393@mail.com,+1-444-363-1348,Dallas,USA,32560.3,702,1569014291
CUST003394,John Hall,customer3394@mail.com,+1-444-404-4647,Dallas,USA,39403.3,569,6809894109
CUST003395,Daniel Clark,customer3395@mail.com,+1-444-536-6620,Dallas,USA,5105.89,426,4379415477
CUST003396,John Taylor,customer3396@mail.com,+1-444-565-3314,New York,USA,2487.96,332,5586649258
CUST003397,Sarah Wilson,customer3397@mail.com,+1-444-740-3278,New York,USA,656.41,685,2493214937
CUST003398,David Davis,customer3398@mail.com,+1-444-383-6550,Dallas,USA,15257.53,488,2661179934
CUST003399,John Clark,customer3399@mail.com,+1-444-897-9874,Chicago,USA,9086.63,664,7351128911
CUST003400,Ava Walker,customer3400@mail.com,+1-444-884-7446,Dallas,USA,41804.81,777,5027838321
CUST003401,Emma Johnson,customer3401@mail.com,+1-444-856-1859,Chicago,USA,22438.75,562,6257460688
CUST003402,John Johnson,customer3402@mail.com,+1-444-982-6151,Phoenix,USA,27709.36,400,4207172927
CUST003403,Olivia Clark,customer3403@mail.com,+1-444-778-9994,Chicago,USA,49201.88,801,3605917759
CUST003404,Ava Walker,customer3404@mail.com,+1-444-961-4726,New York,USA,25789.1,779,1278859900
CUST003405,Olivia Hall,customer3405@mail.com,+1-444-962-5713,Phoenix,USA,31344.94,311,5196297087
CUST003406,Olivia Clark,customer3406@mail.com,+1-444-785-8341,Dallas,USA,7459.13,350,6998808302
CUST003407,Michael Walker,customer3407@mail.com,+1-444-525-5768,Phoenix,USA,19645.92,648,8598977960
CUST003408,Michael Wilson,customer3408@mail.com,+1-444-584-9647,New York,USA,34470.08,454,6677382205
CUST003409,David Smith,customer3409@mail.com,+1-444-230-3670,Dallas,USA,379.37,570,4667853395
CUST003410,Sophia Wilson,customer3410@mail.com,+1-444-776-5625,Chicago,USA,18362.32,704,3639253835
CUST003411,David Davis,customer3411@mail.com,+1-444-418-9953,Phoenix,USA,18563.35,615,5204839827
CUST003412,Olivia Clark,customer3412@mail.com,+1-444-466-2450,Phoenix,USA,14698.82,400,8932552352
CUST003413,Sarah Brown,customer3413@mail.com,+1-444-954-5146,New York,USA,9872.29,755,7626259727
CUST003414,Sophia Johnson,customer3414@mail.com,+1-444-368-2560,Phoenix,USA,34050.66,750,1911713817
CUST003415,Daniel Davis,customer3415@mail.com,+1-444-231-8931,Chicago,USA,41601.62,827,7518245964
CUST003416,John Davis,customer3416@mail.com,+1-444-230-6942,Dallas,USA,41996.52,689,1074806807
CUST003417,David Wilson,customer3417@mail.com,+1-444-821-1869,New York,USA,48243.31,756,8144647774
CUST003418,Sarah Taylor,customer3418@mail.com,+1-444-582-5397,New York,USA,36633.42,577,8035794152
CUST003419,David Smith,customer3419@mail.com,+1-444-749-6145,New York,USA,36978.89,612,5345510055
CUST003420,Michael Lewis,customer3420@mail.com,+1-444-560-5935,Dallas,USA,4623.46,704,9342601318
CUST003421,Emma Hall,customer3421@mail.com,+1-444-207-4065,Dallas,USA,46001.24,412,3149832183
CUST003422,John Smith,customer3422@mail.com,+1-444-949-6237,Dallas,USA,1559.81,446,4654425959
CUST003423,Sophia Lewis,customer3423@mail.com,+1-444-663-9162,Dallas,USA,30029.48,526,3702176653
CUST003424,David Johnson,customer3424@mail.com,+1-444-531-6708,New York,USA,45540.46,354,3821885011
CUST003425,Ava Walker,customer3425@mail.com,+1-444-844-4517,Chicago,USA,28476.67,820,2548602641
CUST003426,Ava Brown,customer3426@mail.com,+1-444-392-1115,Phoenix,USA,16926.96,804,9233844459
CUST003427,John Taylor,customer3427@mail.com,+1-444-722-5942,Chicago,USA,14295.3,427,5324116436
CUST003428,Sophia Brown,customer3428@mail.com,+1-444-445-5854,Phoenix,USA,22895.36,587,9238095850
CUST003429,Ava Smith,customer3429@mail.com,+1-444-384-6503,New York,USA,24827.67,840,1331123006
CUST003430,Sophia Clark,customer3430@mail.com,+1-444-257-3780,New York,USA,9842.4,431,5879730514
CUST003431,Michael Clark,customer3431@mail.com,+1-444-548-3392,New York,USA,44972.04,499,1184649953
CUST003432,Daniel Johnson,customer3432@mail.com,+1-444-985-3610,Dallas,USA,41407.57,349,7188632554
CUST003433,David Walker,customer3433@mail.com,+1-444-820-3309,Phoenix,USA,19368.43,476,5611697590
CUST003434,Michael Brown,customer3434@mail.com,+1-444-674-8924,Chicago,USA,34429.99,697,6575063047
CUST003435,Michael Walker,customer3435@mail.com,+1-444-852-2489,Phoenix,USA,26541.04,576,1401632008
CUST003436,Sophia Taylor,customer3436@mail.com,+1-444-177-2774,New York,USA,3334.0,751,7883170227
CUST003437,James Johnson,customer3437@mail.com,+1-444-192-9307,Phoenix,USA,29799.03,703,6603948191
CUST003438,Michael Lewis,customer3438@mail.com,+1-444-472-2697,New York,USA,41209.24,334,6826689106
CUST003439,Michael Wilson,customer3439@mail.com,+1-444-285-4379,Chicago,USA,18073.77,302,2930083250
CUST003440,John Smith,customer3440@mail.com,+1-444-694-1612,Chicago,USA,48009.74,590,5102192256
CUST003441,James Wilson,customer3441@mail.com,+1-444-964-3152,Phoenix,USA,49669.45,523,7601433936
CUST003442,Emma Smith,customer3442@mail.com,+1-444-512-6699,New York,USA,33553.36,785,8770918701
CUST003443,Olivia Hall,customer3443@mail.com,+1-444-741-1308,Chicago,USA,28421.25,632,6475785782
CUST003444,James Davis,customer3444@mail.com,+1-444-250-9832,Phoenix,USA,36496.61,808,1587146415
CUST003445,Daniel Wilson,customer3445@mail.com,+1-444-716-2198,New York,USA,235.56,833,5297244051
CUST003446,James Walker,customer3446@mail.com,+1-444-385-5744,Dallas,USA,13266.64,750,6192720925
CUST003447,James Hall,customer3447@mail.com,+1-444-627-7190,Chicago,USA,10543.35,319,7638021853
CUST003448,Sophia Smith,customer3448@mail.com,+1-444-296-4058,New York,USA,44356.9,330,9679665132
CUST003449,Sarah Clark,customer3449@mail.com,+1-444-856-6678,Chicago,USA,23878.17,454,9518428072
CUST003450,Ava Taylor,customer3450@mail.com,+1-444-956-8467,Dallas,USA,23611.99,624,7758231317
CUST003451,Daniel Smith,customer3451@mail.com,+1-444-682-9308,Dallas,USA,41975.07,428,7784125504
CUST003452,Daniel Brown,customer3452@mail.com,+1-444-740-6852,Phoenix,USA,27240.3,387,8500007288
CUST003453,Olivia Lewis,customer3453@mail.com,+1-444-373-5368,Phoenix,USA,29538.59,784,1417498009
CUST003454,Sophia Taylor,customer3454@mail.com,+1-444-541-5180,Dallas,USA,35243.39,709,2676015149
CUST003455,John Clark,customer3455@mail.com,+1-444-907-4148,Phoenix,USA,16448.76,494,8150194702
CUST003456,David Wilson,customer3456@mail.com,+1-444-636-2529,Phoenix,USA,26176.36,688,3682331912
CUST003457,Ava Johnson,customer3457@mail.com,+1-444-608-8697,Chicago,USA,14523.64,319,2784187666
CUST003458,Michael Walker,customer3458@mail.com,+1-444-722-4588,Dallas,USA,29073.06,428,1095196120
CUST003459,Olivia Lewis,customer3459@mail.com,+1-444-649-9991,New York,USA,47500.28,615,3342385842
CUST003460,Michael Lewis,customer3460@mail.com,+1-444-522-7270,Chicago,USA,17852.47,586,7970403550
CUST003461,James Brown,customer3461@mail.com,+1-444-618-4516,Phoenix,USA,42482.69,304,8560105162
CUST003462,Sarah Walker,customer3462@mail.com,+1-444-925-6357,Phoenix,USA,26397.48,435,2491877687
CUST003463,Michael Wilson,customer3463@mail.com,+1-444-884-6182,Chicago,USA,21020.56,736,2325167490
CUST003464,Ava Davis,customer3464@mail.com,+1-444-937-4107,Phoenix,USA,39112.87,585,1748127077
CUST003465,Olivia Walker,customer3465@mail.com,+1-444-909-1053,Phoenix,USA,16976.78,755,3110646971
CUST003466,David Smith,customer3466@mail.com,+1-444-351-7244,Phoenix,USA,5148.87,405,7254088655
CUST003467,Olivia Brown,customer3467@mail.com,+1-444-307-4946,Chicago,USA,26512.32,476,3298517786
CUST003468,Sophia Walker,customer3468@mail.com,+1-444-542-5977,Chicago,USA,41036.38,698,6569830559
CUST003469,Daniel Brown,customer3469@mail.com,+1-444-495-9225,Phoenix,USA,20601.11,546,2667961765
CUST003470,Olivia Johnson,customer3470@mail.com,+1-444-448-3869,Dallas,USA,36725.17,458,3381289099
CUST003471,Sophia Hall,customer3471@mail.com,+1-444-487-5637,Chicago,USA,37202.6,644,1717109341
CUST003472,James Clark,customer3472@mail.com,+1-444-772-3677,Phoenix,USA,43682.66,775,6143565007
CUST003473,Sarah Hall,customer3473@mail.com,+1-444-118-1310,Phoenix,USA,18655.33,421,3968754435
CUST003474,James Johnson,customer3474@mail.com,+1-444-604-2142,Chicago,USA,38623.84,704,1253196636
CUST003475,Daniel Wilson,customer3475@mail.com,+1-444-560-4964,Dallas,USA,41042.63,468,7342306671
CUST003476,David Walker,customer3476@mail.com,+1-444-792-4413,New York,USA,23711.95,432,7251389269
CUST003477,James Wilson,customer3477@mail.com,+1-444-840-3294,Dallas,USA,6410.06,455,7081038224
CUST003478,Emma Smith,customer3478@mail.com,+1-444-282-6869,Chicago,USA,38114.97,586,1592934395
CUST003479,James Clark,customer3479@mail.com,+1-444-633-9320,Chicago,USA,1981.18,580,8841277349
CUST003480,Michael Walker,customer3480@mail.com,+1-444-185-1445,New York,USA,41497.28,634,5892653274
CUST003481,Daniel Hall,customer3481@mail.com,+1-444-453-3001,New York,USA,29099.1,510,2541935934
CUST003482,Ava Davis,customer3482@mail.com,+1-444-457-6920,Dallas,USA,32980.37,317,6175499024
CUST003483,Sarah Brown,customer3483@mail.com,+1-444-874-6055,New York,USA,27730.99,827,7526379499
CUST003484,Sophia Smith,customer3484@mail.com,+1-444-860-9637,New York,USA,19667.35,582,2242179642
CUST003485,Daniel Johnson,customer3485@mail.com,+1-444-880-3630,Phoenix,USA,49479.54,575,8412090589
CUST003486,David Clark,customer3486@mail.com,+1-444-416-2434,Phoenix,USA,33204.54,687,6947763887
CUST003487,Daniel Davis,customer3487@mail.com,+1-444-125-7621,Chicago,USA,27371.73,327,7098148427
CUST003488,Sophia Hall,customer3488@mail.com,+1-444-284-7284,New York,USA,31652.79,818,1738323788
CUST003489,David Walker,customer3489@mail.com,+1-444-740-8828,Phoenix,USA,36441.95,308,8045787197
CUST003490,Daniel Johnson,customer3490@mail.com,+1-444-401-8729,Dallas,USA,26967.82,564,1300851904
CUST003491,James Taylor,customer3491@mail.com,+1-444-925-3747,Phoenix,USA,5364.35,388,1398092744
CUST003492,Emma Lewis,customer3492@mail.com,+1-444-525-7257,New York,USA,45165.19,616,6706963569
CUST003493,Daniel Walker,customer3493@mail.com,+1-444-471-9928,Phoenix,USA,41461.3,745,1451865535
CUST003494,Michael Johnson,customer3494@mail.com,+1-444-234-2794,Dallas,USA,17793.26,513,2761238189
CUST003495,James Wilson,customer3495@mail.com,+1-444-555-8577,Phoenix,USA,29865.88,565,3922306892
CUST003496,Daniel Taylor,customer3496@mail.com,+1-444-214-7026,Chicago,USA,45690.37,543,6988916825
CUST003497,David Davis,customer3497@mail.com,+1-444-255-9812,Phoenix,USA,40764.36,699,5527288975
CUST003498,Sarah Hall,customer3498@mail.com,+1-444-189-5807,New York,USA,40006.11,307,4263104810
CUST003499,Emma Brown,customer3499@mail.com,+1-444-327-3931,Chicago,USA,1870.58,705,4922037347
CUST003500,Michael Johnson,customer3500@mail.com,+1-444-657-2060,Dallas,USA,48029.77,355,4564781898
CUST003501,Sophia Davis,customer3501@mail.com,+1-444-360-2842,Dallas,USA,20460.08,328,1150262891
CUST003502,Olivia Taylor,customer3502@mail.com,+1-444-526-2027,Chicago,USA,7826.18,756,8640797629
CUST003503,Olivia Brown,customer3503@mail.com,+1-444-852-4393,Chicago,USA,736.07,602,5473884495
CUST003504,Olivia Walker,customer3504@mail.com,+1-444-154-6549,Dallas,USA,46411.32,727,3191330903
CUST003505,James Smith,customer3505@mail.com,+1-444-339-9032,Phoenix,USA,33033.71,724,5706750206
CUST003506,Olivia Taylor,customer3506@mail.com,+1-444-149-7254,Phoenix,USA,1736.39,616,1285525637
CUST003507,James Johnson,customer3507@mail.com,+1-444-110-5260,New York,USA,17990.07,700,3861091057
CUST003508,Sophia Davis,customer3508@mail.com,+1-444-208-3959,Dallas,USA,36817.07,428,3857539412
CUST003509,Olivia Walker,customer3509@mail.com,+1-444-901-4602,Chicago,USA,3544.08,730,2929285487
CUST003510,Ava Davis,customer3510@mail.com,+1-444-556-7702,Chicago,USA,47054.88,331,3113472540
CUST003511,David Walker,customer3511@mail.com,+1-444-151-3193,New York,USA,10378.22,805,4850939370
CUST003512,Daniel Davis,customer3512@mail.com,+1-444-381-3899,New York,USA,45400.79,823,8843645338
CUST003513,Sarah Smith,customer3513@mail.com,+1-444-264-3735,Dallas,USA,8941.46,338,3346341088
CUST003514,Olivia Wilson,customer3514@mail.com,+1-444-944-7757,New York,USA,39714.6,846,5258379794
CUST003515,Ava Smith,customer3515@mail.com,+1-444-411-4066,Phoenix,USA,34177.62,672,3475592825
CUST003516,Michael Johnson,customer3516@mail.com,+1-444-431-9851,Chicago,USA,6205.57,598,7518098869
CUST003517,Olivia Lewis,customer3517@mail.com,+1-444-388-8164,Dallas,USA,36367.16,480,7098927066
CUST003518,Daniel Brown,customer3518@mail.com,+1-444-879-6966,Dallas,USA,39458.68,463,7569829409
CUST003519,Olivia Brown,customer3519@mail.com,+1-444-904-5244,Chicago,USA,35412.2,656,2866910842
CUST003520,Olivia Davis,customer3520@mail.com,+1-444-886-2751,Chicago,USA,9562.48,727,7072474291
CUST003521,Olivia Johnson,customer3521@mail.com,+1-444-532-2677,Dallas,USA,17467.41,804,6945446470
CUST003522,Daniel Clark,customer3522@mail.com,+1-444-930-5601,Phoenix,USA,49481.45,347,6529790042
CUST003523,Emma Clark,customer3523@mail.com,+1-444-355-9484,Phoenix,USA,32550.56,362,8616426683
CUST003524,Emma Brown,customer3524@mail.com,+1-444-218-3009,New York,USA,22141.31,600,3042089113
CUST003525,Olivia Wilson,customer3525@mail.com,+1-444-883-3385,New York,USA,20488.21,394,8689082016
CUST003526,Sarah Smith,customer3526@mail.com,+1-444-986-2271,Dallas,USA,17902.27,526,6448796100
CUST003527,James Clark,customer3527@mail.com,+1-444-606-9295,New York,USA,26399.19,544,7739044036
CUST003528,James Smith,customer3528@mail.com,+1-444-346-3940,Phoenix,USA,16540.3,690,9779997509
CUST003529,Sarah Smith,customer3529@mail.com,+1-444-977-2385,Phoenix,USA,25742.22,430,5455121706
CUST003530,Sarah Smith,customer3530@mail.com,+1-444-950-4524,Chicago,USA,24106.26,628,6529415711
CUST003531,David Davis,customer3531@mail.com,+1-444-888-3011,New York,USA,22306.87,771,1179587564
CUST003532,Olivia Lewis,customer3532@mail.com,+1-444-865-2691,New York,USA,17044.37,632,3945622659
CUST003533,James Johnson,customer3533@mail.com,+1-444-433-5455,Dallas,USA,23143.49,552,2438188706
CUST003534,Sarah Davis,customer3534@mail.com,+1-444-842-2552,New York,USA,35006.44,817,7269940873
CUST003535,Daniel Lewis,customer3535@mail.com,+1-444-824-9579,New York,USA,6880.1,736,1575396479
CUST003536,Sarah Brown,customer3536@mail.com,+1-444-745-5800,Phoenix,USA,47138.06,830,1739985379
CUST003537,Emma Johnson,customer3537@mail.com,+1-444-816-6699,Dallas,USA,12032.34,787,2113141816
CUST003538,Daniel Davis,customer3538@mail.com,+1-444-242-7455,Dallas,USA,37351.2,409,8340206585
CUST003539,Emma Taylor,customer3539@mail.com,+1-444-999-2062,Chicago,USA,20898.08,603,6792961565
CUST003540,Sophia Taylor,customer3540@mail.com,+1-444-455-6002,Dallas,USA,43522.21,373,7584247679
CUST003541,Sarah Davis,customer3541@mail.com,+1-444-637-8455,New York,USA,5194.12,622,1794931233
CUST003542,David Davis,customer3542@mail.com,+1-444-463-5719,Chicago,USA,31372.91,524,1717724897
CUST003543,Sarah Hall,customer3543@mail.com,+1-444-184-7939,Dallas,USA,38762.02,661,9281368600
CUST003544,Sophia Hall,customer3544@mail.com,+1-444-968-5850,New York,USA,27376.43,450,5612517289
CUST003545,Sophia Walker,customer3545@mail.com,+1-444-540-7990,Dallas,USA,46037.57,476,5717275715
CUST003546,Michael Lewis,customer3546@mail.com,+1-444-717-6506,Dallas,USA,3616.53,597,6331337595
CUST003547,James Walker,customer3547@mail.com,+1-444-890-3219,Chicago,USA,21419.96,392,7304245293
CUST003548,Sarah Clark,customer3548@mail.com,+1-444-148-5004,Phoenix,USA,12228.8,338,6019963226
CUST003549,Sophia Johnson,customer3549@mail.com,+1-444-355-8039,Dallas,USA,16977.17,488,9213269431
CUST003550,Michael Wilson,customer3550@mail.com,+1-444-355-2379,Chicago,USA,24705.52,652,6789321708
CUST003551,Michael Wilson,customer3551@mail.com,+1-444-767-3505,New York,USA,23319.82,407,8926558266
CUST003552,James Walker,customer3552@mail.com,+1-444-647-8445,New York,USA,19650.83,747,5836090587
CUST003553,Emma Lewis,customer3553@mail.com,+1-444-542-9766,Dallas,USA,4778.7,402,8754076647
CUST003554,Sarah Brown,customer3554@mail.com,+1-444-422-1374,New York,USA,16922.08,783,4719595787
CUST003555,Daniel Johnson,customer3555@mail.com,+1-444-318-2087,Chicago,USA,23726.0,676,5593942961
CUST003556,Daniel Davis,customer3556@mail.com,+1-444-181-3835,Chicago,USA,29506.13,789,4337656288
CUST003557,Daniel Taylor,customer3557@mail.com,+1-444-579-8777,New York,USA,31853.57,586,2609142563
CUST003558,Michael Smith,customer3558@mail.com,+1-444-403-1456,Chicago,USA,41105.31,585,7890131067
CUST003559,David Taylor,customer3559@mail.com,+1-444-958-4021,Chicago,USA,45643.77,622,1494867041
CUST003560,David Brown,customer3560@mail.com,+1-444-775-3791,Dallas,USA,31723.6,788,7573098929
CUST003561,Sarah Hall,customer3561@mail.com,+1-444-145-2606,Dallas,USA,32519.6,430,6144944078
CUST003562,Sophia Lewis,customer3562@mail.com,+1-444-628-8237,Dallas,USA,5571.4,595,1817285470
CUST003563,James Smith,customer3563@mail.com,+1-444-278-2771,Chicago,USA,28125.49,609,3274944569
CUST003564,Sophia Walker,customer3564@mail.com,+1-444-529-1244,Phoenix,USA,21317.22,435,6921214499
CUST003565,James Davis,customer3565@mail.com,+1-444-229-8683,Chicago,USA,21548.38,742,6782664629
CUST003566,James Smith,customer3566@mail.com,+1-444-713-3754,Phoenix,USA,35477.13,430,5782969380
CUST003567,Ava Smith,customer3567@mail.com,+1-444-741-2903,Dallas,USA,1797.52,362,5315694926
CUST003568,David Walker,customer3568@mail.com,+1-444-738-3807,Dallas,USA,38558.6,755,8215836627
CUST003569,Sarah Johnson,customer3569@mail.com,+1-444-197-2674,Dallas,USA,45276.61,668,7801683335
CUST003570,John Brown,customer3570@mail.com,+1-444-394-6761,Dallas,USA,33851.7,829,6425239783
CUST003571,James Taylor,customer3571@mail.com,+1-444-613-9844,Chicago,USA,38820.15,663,8483451666
CUST003572,Michael Hall,customer3572@mail.com,+1-444-845-6693,Chicago,USA,34216.88,818,5794999636
CUST003573,Sarah Taylor,customer3573@mail.com,+1-444-629-7170,Phoenix,USA,15953.24,431,5084710747
CUST003574,Emma Taylor,customer3574@mail.com,+1-444-555-9917,New York,USA,35312.44,672,3188075608
CUST003575,David Brown,customer3575@mail.com,+1-444-600-7784,New York,USA,41013.38,603,5269515371
CUST003576,James Clark,customer3576@mail.com,+1-444-817-4714,Phoenix,USA,41867.49,850,6395659735
CUST003577,David Davis,customer3577@mail.com,+1-444-189-7892,New York,USA,5205.23,405,3733744116
CUST003578,Michael Johnson,customer3578@mail.com,+1-444-809-8202,Dallas,USA,1608.77,307,1926174104
CUST003579,Ava Hall,customer3579@mail.com,+1-444-222-7180,New York,USA,4183.18,662,4764785476
CUST003580,Ava Brown,customer3580@mail.com,+1-444-708-2287,New York,USA,11590.88,820,6202583308
CUST003581,Olivia Walker,customer3581@mail.com,+1-444-696-7520,New York,USA,5089.3,805,3151883072
CUST003582,Olivia Smith,customer3582@mail.com,+1-444-666-5784,Phoenix,USA,37817.83,373,7278192352
CUST003583,James Davis,customer3583@mail.com,+1-444-339-7378,Dallas,USA,11183.67,356,2750202974
CUST003584,Michael Smith,customer3584@mail.com,+1-444-892-7961,Phoenix,USA,10949.59,695,2580220685
CUST003585,John Brown,customer3585@mail.com,+1-444-960-1648,Dallas,USA,20254.7,334,9188514263
CUST003586,Michael Lewis,customer3586@mail.com,+1-444-926-3337,Dallas,USA,8289.7,361,6975272176
CUST003587,Sophia Lewis,customer3587@mail.com,+1-444-745-4108,Phoenix,USA,16573.61,346,7344564011
CUST003588,Emma Davis,customer3588@mail.com,+1-444-500-6416,New York,USA,2252.61,717,6586627536
CUST003589,Sophia Clark,customer3589@mail.com,+1-444-303-2502,Chicago,USA,46106.09,677,4764149408
CUST003590,Daniel Clark,customer3590@mail.com,+1-444-184-5280,New York,USA,42725.5,443,7366908768
CUST003591,Emma Davis,customer3591@mail.com,+1-444-141-8359,Dallas,USA,3556.6,501,6696740298
CUST003592,Olivia Wilson,customer3592@mail.com,+1-444-251-6104,Phoenix,USA,6438.49,427,5262051822
CUST003593,David Wilson,customer3593@mail.com,+1-444-630-3912,Phoenix,USA,28281.95,319,6146737735
CUST003594,Sarah Lewis,customer3594@mail.com,+1-444-314-2941,Dallas,USA,13312.89,833,6936495925
CUST003595,Michael Wilson,customer3595@mail.com,+1-444-452-5329,Dallas,USA,35263.99,726,2777027788
CUST003596,John Lewis,customer3596@mail.com,+1-444-660-6465,Dallas,USA,40407.98,683,4447998341
CUST003597,Olivia Hall,customer3597@mail.com,+1-444-841-6733,Phoenix,USA,30005.65,739,7202815948
CUST003598,Sarah Johnson,customer3598@mail.com,+1-444-532-2682,Chicago,USA,26587.26,458,9605919070
CUST003599,John Hall,customer3599@mail.com,+1-444-959-7439,New York,USA,9964.84,422,6412363132
CUST003600,Ava Smith,customer3600@mail.com,+1-444-888-4978,New York,USA,49423.34,679,4618937172
CUST003601,Daniel Wilson,customer3601@mail.com,+1-444-438-6899,New York,USA,20015.56,410,9258479510
CUST003602,James Wilson,customer3602@mail.com,+1-444-237-3916,New York,USA,28566.25,382,6362927498
CUST003603,Sophia Lewis,customer3603@mail.com,+1-444-124-6050,Chicago,USA,34722.84,633,9616180688
CUST003604,Ava Walker,customer3604@mail.com,+1-444-889-2697,New York,USA,20841.38,602,8554381184
CUST003605,Ava Lewis,customer3605@mail.com,+1-444-743-8198,Phoenix,USA,7746.87,613,2532476334
CUST003606,James Smith,customer3606@mail.com,+1-444-437-6155,Dallas,USA,41081.03,503,9871863375
CUST003607,Emma Walker,customer3607@mail.com,+1-444-181-4034,Chicago,USA,42501.36,617,1387091691
CUST003608,Emma Davis,customer3608@mail.com,+1-444-289-6025,Chicago,USA,31932.64,317,6760407062
CUST003609,Sophia Lewis,customer3609@mail.com,+1-444-734-6334,New York,USA,25499.58,370,9480609392
CUST003610,Ava Davis,customer3610@mail.com,+1-444-606-4963,Phoenix,USA,23442.75,724,7929655788
CUST003611,Sophia Johnson,customer3611@mail.com,+1-444-572-6467,Chicago,USA,11851.2,375,5835461618
CUST003612,Michael Brown,customer3612@mail.com,+1-444-316-9740,New York,USA,12810.85,774,6938814094
CUST003613,Sophia Smith,customer3613@mail.com,+1-444-499-5435,New York,USA,22756.04,720,7434190011
CUST003614,John Lewis,customer3614@mail.com,+1-444-846-8665,Dallas,USA,31919.82,504,5263217540
CUST003615,Sophia Clark,customer3615@mail.com,+1-444-244-3471,Phoenix,USA,47400.68,756,1340476873
CUST003616,Sarah Davis,customer3616@mail.com,+1-444-719-3142,Phoenix,USA,29297.75,363,7233230878
CUST003617,Olivia Brown,customer3617@mail.com,+1-444-700-9464,Chicago,USA,22755.07,347,3034643317
CUST003618,Sarah Taylor,customer3618@mail.com,+1-444-784-3997,Chicago,USA,27094.14,425,7682874857
CUST003619,John Lewis,customer3619@mail.com,+1-444-322-7584,Phoenix,USA,8534.29,387,2233832463
CUST003620,John Brown,customer3620@mail.com,+1-444-164-9489,Dallas,USA,27043.67,677,9466652089
CUST003621,John Johnson,customer3621@mail.com,+1-444-221-5744,Phoenix,USA,46069.02,651,5302749432
CUST003622,Sophia Johnson,customer3622@mail.com,+1-444-715-2710,New York,USA,41949.58,707,4515243365
CUST003623,John Davis,customer3623@mail.com,+1-444-206-5847,Dallas,USA,40842.34,431,6047468893
CUST003624,John Taylor,customer3624@mail.com,+1-444-115-3602,New York,USA,12148.65,771,7266528136
CUST003625,David Brown,customer3625@mail.com,+1-444-990-2757,New York,USA,31960.88,354,9002343901
CUST003626,Ava Hall,customer3626@mail.com,+1-444-826-3517,Dallas,USA,41381.36,477,6825292705
CUST003627,Ava Lewis,customer3627@mail.com,+1-444-959-2354,Dallas,USA,16203.51,390,7946752654
CUST003628,James Clark,customer3628@mail.com,+1-444-156-6646,Chicago,USA,9522.87,479,4681888066
CUST003629,Ava Smith,customer3629@mail.com,+1-444-353-8840,Phoenix,USA,35162.2,431,7162797521
CUST003630,John Johnson,customer3630@mail.com,+1-444-747-3797,Chicago,USA,15201.78,589,6308176492
CUST003631,Daniel Clark,customer3631@mail.com,+1-444-691-5069,Dallas,USA,47387.89,797,3716513068
CUST003632,Sarah Wilson,customer3632@mail.com,+1-444-276-8243,Phoenix,USA,13960.88,670,2514238334
CUST003633,John Lewis,customer3633@mail.com,+1-444-817-8774,Dallas,USA,30926.44,399,8652239976
CUST003634,Sarah Davis,customer3634@mail.com,+1-444-679-9268,Chicago,USA,49003.9,814,8744442553
CUST003635,David Smith,customer3635@mail.com,+1-444-927-5979,New York,USA,27342.24,573,1312563970
CUST003636,Emma Walker,customer3636@mail.com,+1-444-519-1993,Dallas,USA,3866.46,704,6359049262
CUST003637,Daniel Johnson,customer3637@mail.com,+1-444-138-3230,Dallas,USA,12022.56,432,2038693285
CUST003638,Ava Hall,customer3638@mail.com,+1-444-894-3084,Phoenix,USA,3792.47,696,3385566157
CUST003639,Sarah Clark,customer3639@mail.com,+1-444-147-8195,Phoenix,USA,14994.97,829,8974931723
CUST003640,Olivia Johnson,customer3640@mail.com,+1-444-420-1407,Chicago,USA,17125.59,746,8448764351
CUST003641,Sarah Walker,customer3641@mail.com,+1-444-780-1099,Dallas,USA,20230.34,632,2878769931
CUST003642,Sophia Smith,customer3642@mail.com,+1-444-663-1904,Chicago,USA,25367.07,326,3946020112
CUST003643,Michael Hall,customer3643@mail.com,+1-444-154-6828,New York,USA,39917.01,818,2038238719
CUST003644,Sophia Brown,customer3644@mail.com,+1-444-876-1607,Chicago,USA,12098.96,333,3110555123
CUST003645,Olivia Davis,customer3645@mail.com,+1-444-134-2593,Phoenix,USA,4826.81,473,2769186255
CUST003646,James Lewis,customer3646@mail.com,+1-444-992-6178,New York,USA,49469.14,352,2274462706
CUST003647,Daniel Brown,customer3647@mail.com,+1-444-299-2690,Phoenix,USA,27077.96,844,5021296712
CUST003648,Emma Clark,customer3648@mail.com,+1-444-824-1551,Chicago,USA,19598.42,516,4786621027
CUST003649,Sophia Johnson,customer3649@mail.com,+1-444-893-2957,Dallas,USA,26302.97,737,9286841822
CUST003650,Daniel Wilson,customer3650@mail.com,+1-444-571-1470,Phoenix,USA,48816.06,556,7904711194
CUST003651,Sarah Wilson,customer3651@mail.com,+1-444-882-3727,Phoenix,USA,15253.69,732,9191905467
CUST003652,Sarah Johnson,customer3652@mail.com,+1-444-351-3414,Phoenix,USA,6690.93,481,2519166580
CUST003653,Sophia Brown,customer3653@mail.com,+1-444-761-5632,Phoenix,USA,43522.11,541,2215150691
CUST003654,John Taylor,customer3654@mail.com,+1-444-484-3720,Dallas,USA,44145.68,388,2569405877
CUST003655,John Brown,customer3655@mail.com,+1-444-733-9173,Chicago,USA,5183.93,315,8964740742
CUST003656,David Taylor,customer3656@mail.com,+1-444-297-2479,New York,USA,47741.07,326,5763638001
CUST003657,Sophia Lewis,customer3657@mail.com,+1-444-644-9743,Phoenix,USA,41078.0,612,4517943542
CUST003658,Michael Johnson,customer3658@mail.com,+1-444-236-2096,Phoenix,USA,40187.04,423,8034919348
CUST003659,John Taylor,customer3659@mail.com,+1-444-435-4277,New York,USA,1507.18,364,8829903989
CUST003660,David Clark,customer3660@mail.com,+1-444-366-2058,Chicago,USA,5040.3,638,3906945178
CUST003661,Olivia Johnson,customer3661@mail.com,+1-444-231-6426,Dallas,USA,15823.37,490,7453726344
CUST003662,John Walker,customer3662@mail.com,+1-444-819-7393,New York,USA,26208.77,822,8442501256
CUST003663,David Hall,customer3663@mail.com,+1-444-968-4870,Phoenix,USA,1563.42,482,8159234996
CUST003664,Michael Walker,customer3664@mail.com,+1-444-959-2019,Chicago,USA,166.91,710,5561379101
CUST003665,Ava Lewis,customer3665@mail.com,+1-444-598-1593,Chicago,USA,39502.19,643,5910940447
CUST003666,Daniel Johnson,customer3666@mail.com,+1-444-224-7045,Phoenix,USA,46196.54,487,7090846865
CUST003667,John Lewis,customer3667@mail.com,+1-444-994-1107,Phoenix,USA,30452.58,620,5842815139
CUST003668,John Johnson,customer3668@mail.com,+1-444-577-8812,New York,USA,24822.8,579,1844579368
CUST003669,Ava Davis,customer3669@mail.com,+1-444-235-2717,Dallas,USA,36045.15,342,6076514924
CUST003670,Olivia Davis,customer3670@mail.com,+1-444-900-7259,Dallas,USA,42533.24,764,4954187999
CUST003671,John Wilson,customer3671@mail.com,+1-444-884-2279,Dallas,USA,12318.9,432,6750427893
CUST003672,Olivia Davis,customer3672@mail.com,+1-444-731-5210,Dallas,USA,8920.23,451,9311660187
CUST003673,Ava Wilson,customer3673@mail.com,+1-444-971-4242,Phoenix,USA,10899.09,394,5714173235
CUST003674,Ava Brown,customer3674@mail.com,+1-444-761-4567,Phoenix,USA,9452.36,426,6375158807
CUST003675,David Wilson,customer3675@mail.com,+1-444-551-9479,Phoenix,USA,2133.44,746,6815217177
CUST003676,Olivia Wilson,customer3676@mail.com,+1-444-347-9498,New York,USA,27285.49,743,4546160578
CUST003677,Michael Wilson,customer3677@mail.com,+1-444-768-6001,Dallas,USA,32756.37,816,3023265886
CUST003678,Daniel Johnson,customer3678@mail.com,+1-444-860-3009,Phoenix,USA,33390.09,574,3236430492
CUST003679,Daniel Lewis,customer3679@mail.com,+1-444-293-1260,Chicago,USA,14143.4,776,1668601541
CUST003680,Emma Brown,customer3680@mail.com,+1-444-393-5533,Chicago,USA,45934.59,820,6393554482
CUST003681,Ava Lewis,customer3681@mail.com,+1-444-680-5312,Dallas,USA,13962.03,584,1577294639
CUST003682,Daniel Clark,customer3682@mail.com,+1-444-547-6766,New York,USA,47971.17,372,7388535339
CUST003683,Olivia Clark,customer3683@mail.com,+1-444-471-9334,Phoenix,USA,32792.64,343,4921688391
CUST003684,Ava Hall,customer3684@mail.com,+1-444-537-3141,Phoenix,USA,8750.41,714,6855955708
CUST003685,David Davis,customer3685@mail.com,+1-444-622-8707,Dallas,USA,2810.18,420,4652301558
CUST003686,Olivia Brown,customer3686@mail.com,+1-444-539-5321,Phoenix,USA,35913.11,490,5282545695
CUST003687,Ava Davis,customer3687@mail.com,+1-444-532-7816,Chicago,USA,3358.35,846,8658505944
CUST003688,John Hall,customer3688@mail.com,+1-444-839-4827,Chicago,USA,6710.51,817,3603837155
CUST003689,David Walker,customer3689@mail.com,+1-444-111-6133,Dallas,USA,39551.45,460,5588081553
CUST003690,Sophia Brown,customer3690@mail.com,+1-444-547-1033,Chicago,USA,15224.41,583,8746719719
CUST003691,Sarah Wilson,customer3691@mail.com,+1-444-431-5098,Dallas,USA,25840.31,315,5331737485
CUST003692,Michael Wilson,customer3692@mail.com,+1-444-647-8306,Phoenix,USA,12191.73,646,2001317867
CUST003693,Daniel Walker,customer3693@mail.com,+1-444-599-4102,New York,USA,9218.52,828,6373529831
CUST003694,Sophia Taylor,customer3694@mail.com,+1-444-371-9342,New York,USA,20670.03,663,5525457631
CUST003695,Emma Clark,customer3695@mail.com,+1-444-344-5605,Chicago,USA,261.89,351,8941085708
CUST003696,Michael Taylor,customer3696@mail.com,+1-444-760-2391,New York,USA,20339.21,368,2376554419
CUST003697,Emma Brown,customer3697@mail.com,+1-444-553-7600,Chicago,USA,14916.51,310,6784324241
CUST003698,John Clark,customer3698@mail.com,+1-444-262-2162,Phoenix,USA,894.66,619,6385940355
CUST003699,Emma Smith,customer3699@mail.com,+1-444-824-2719,Chicago,USA,117.8,750,5626636999
CUST003700,Michael Hall,customer3700@mail.com,+1-444-980-8397,Dallas,USA,45397.87,409,4950651184
CUST003701,Michael Lewis,customer3701@mail.com,+1-444-458-5349,Dallas,USA,38939.73,633,8630572674
CUST003702,Sarah Walker,customer3702@mail.com,+1-444-567-6373,Dallas,USA,20590.51,471,5082061613
CUST003703,Sophia Davis,customer3703@mail.com,+1-444-290-2339,Chicago,USA,28789.69,506,1859453843
CUST003704,James Davis,customer3704@mail.com,+1-444-890-6578,Phoenix,USA,9786.71,793,8663088340
CUST003705,John Smith,customer3705@mail.com,+1-444-546-5996,Dallas,USA,34209.33,809,5680677146
CUST003706,Olivia Taylor,customer3706@mail.com,+1-444-240-3885,Dallas,USA,43479.63,595,8133680296
CUST003707,Ava Wilson,customer3707@mail.com,+1-444-700-6279,Phoenix,USA,14067.03,763,6785193425
CUST003708,Sophia Hall,customer3708@mail.com,+1-444-358-9539,Phoenix,USA,46624.39,322,1142393736
CUST003709,John Lewis,customer3709@mail.com,+1-444-100-4234,Chicago,USA,24754.74,388,8780719103
CUST003710,Michael Johnson,customer3710@mail.com,+1-444-615-8670,Dallas,USA,14526.83,461,8289277804
CUST003711,Daniel Hall,customer3711@mail.com,+1-444-131-2343,Dallas,USA,39786.29,750,5589227242
CUST003712,Sophia Brown,customer3712@mail.com,+1-444-863-1384,New York,USA,7483.05,334,5506701466
CUST003713,James Hall,customer3713@mail.com,+1-444-753-8193,Dallas,USA,27772.22,761,5915198814
CUST003714,Sarah Hall,customer3714@mail.com,+1-444-976-9879,Dallas,USA,33850.09,811,6147693513
CUST003715,Olivia Wilson,customer3715@mail.com,+1-444-687-8409,Chicago,USA,2258.62,377,4669434784
CUST003716,Michael Brown,customer3716@mail.com,+1-444-734-7847,Dallas,USA,43061.28,438,1474559426
CUST003717,Daniel Johnson,customer3717@mail.com,+1-444-786-2226,Dallas,USA,20163.33,466,4903871615
CUST003718,Emma Brown,customer3718@mail.com,+1-444-640-7767,Chicago,USA,49243.22,497,9622732033
CUST003719,Sophia Johnson,customer3719@mail.com,+1-444-865-8850,Dallas,USA,30967.79,763,5063042093
CUST003720,James Hall,customer3720@mail.com,+1-444-967-6808,Chicago,USA,46255.42,401,4908697854
CUST003721,Sophia Smith,customer3721@mail.com,+1-444-468-1926,Dallas,USA,49330.08,834,9953933498
CUST003722,Olivia Lewis,customer3722@mail.com,+1-444-346-8376,New York,USA,31940.89,740,2053500228
CUST003723,Sarah Taylor,customer3723@mail.com,+1-444-489-9099,Phoenix,USA,11393.91,443,7477818238
CUST003724,Sophia Wilson,customer3724@mail.com,+1-444-658-6627,Phoenix,USA,19725.41,563,5468819769
CUST003725,Sarah Clark,customer3725@mail.com,+1-444-422-7499,New York,USA,35797.0,503,1043189376
CUST003726,John Smith,customer3726@mail.com,+1-444-110-1920,Dallas,USA,27107.59,849,6757701926
CUST003727,Michael Wilson,customer3727@mail.com,+1-444-268-3006,Phoenix,USA,42945.74,696,2402179382
CUST003728,Emma Smith,customer3728@mail.com,+1-444-257-1451,Dallas,USA,24602.18,383,6854471324
CUST003729,Michael Johnson,customer3729@mail.com,+1-444-294-5680,Chicago,USA,2499.82,338,4205146900
CUST003730,Emma Johnson,customer3730@mail.com,+1-444-579-4473,Dallas,USA,45076.44,384,1499800156
CUST003731,Michael Smith,customer3731@mail.com,+1-444-998-7896,Dallas,USA,6893.08,491,4288961699
CUST003732,Michael Brown,customer3732@mail.com,+1-444-223-4179,Dallas,USA,25201.56,643,6461905104
CUST003733,James Taylor,customer3733@mail.com,+1-444-277-1772,Phoenix,USA,1003.31,611,8763080947
CUST003734,Daniel Clark,customer3734@mail.com,+1-444-960-5526,Chicago,USA,30063.19,626,7693354071
CUST003735,Sarah Hall,customer3735@mail.com,+1-444-364-8458,Dallas,USA,48471.8,745,7621588158
CUST003736,Sophia Wilson,customer3736@mail.com,+1-444-166-4693,Phoenix,USA,40651.24,542,9063677107
CUST003737,Emma Clark,customer3737@mail.com,+1-444-463-7221,New York,USA,19987.45,682,7859614814
CUST003738,Emma Taylor,customer3738@mail.com,+1-444-135-7787,Dallas,USA,30965.9,532,6040227408
CUST003739,Michael Hall,customer3739@mail.com,+1-444-611-4161,New York,USA,4020.56,547,5258025220
CUST003740,Sophia Smith,customer3740@mail.com,+1-444-352-6273,New York,USA,11802.21,682,1367479189
CUST003741,Ava Davis,customer3741@mail.com,+1-444-435-6835,Dallas,USA,27625.84,362,3207975811
CUST003742,Daniel Wilson,customer3742@mail.com,+1-444-149-6367,Dallas,USA,10884.71,549,4648920108
CUST003743,James Walker,customer3743@mail.com,+1-444-514-3855,Phoenix,USA,39034.3,406,6405517254
CUST003744,Sophia Walker,customer3744@mail.com,+1-444-775-2226,Phoenix,USA,30833.75,488,3012103595
CUST003745,David Brown,customer3745@mail.com,+1-444-349-3546,Dallas,USA,39121.11,516,6071486754
CUST003746,Ava Taylor,customer3746@mail.com,+1-444-694-2329,New York,USA,48999.06,515,2467384016
CUST003747,Michael Clark,customer3747@mail.com,+1-444-404-9790,Chicago,USA,9692.57,772,5889984465
CUST003748,Sophia Brown,customer3748@mail.com,+1-444-175-7333,Phoenix,USA,26912.8,591,4411516410
CUST003749,Daniel Brown,customer3749@mail.com,+1-444-454-8426,Chicago,USA,43205.49,463,2477624793
CUST003750,Sophia Hall,customer3750@mail.com,+1-444-650-6040,Dallas,USA,32610.11,755,2155114213
CUST003751,John Johnson,customer3751@mail.com,+1-444-896-3668,Phoenix,USA,16092.07,540,4914303841
CUST003752,Sarah Brown,customer3752@mail.com,+1-444-592-6507,Chicago,USA,31802.32,797,9147057250
CUST003753,Daniel Davis,customer3753@mail.com,+1-444-476-2862,Phoenix,USA,9986.21,702,3985670180
CUST003754,Olivia Wilson,customer3754@mail.com,+1-444-639-3523,Phoenix,USA,21098.18,727,7777316959
CUST003755,John Johnson,customer3755@mail.com,+1-444-945-8663,New York,USA,45707.6,790,3410878418
CUST003756,Ava Smith,customer3756@mail.com,+1-444-823-9238,Dallas,USA,29241.08,694,3628961238
CUST003757,David Lewis,customer3757@mail.com,+1-444-879-9595,New York,USA,13465.19,520,5840408012
CUST003758,Sophia Taylor,customer3758@mail.com,+1-444-606-6020,Chicago,USA,8926.74,389,4579896495
CUST003759,Emma Johnson,customer3759@mail.com,+1-444-561-6861,Chicago,USA,45816.49,534,7643451575
CUST003760,Michael Walker,customer3760@mail.com,+1-444-843-6384,Dallas,USA,38968.6,419,4282745123
CUST003761,Michael Wilson,customer3761@mail.com,+1-444-871-1880,Dallas,USA,44304.19,360,8594532011
CUST003762,Emma Smith,customer3762@mail.com,+1-444-514-5801,Dallas,USA,19823.25,588,4562280132
CUST003763,Daniel Wilson,customer3763@mail.com,+1-444-759-5543,Chicago,USA,30601.06,415,1952088818
CUST003764,John Davis,customer3764@mail.com,+1-444-115-2803,Dallas,USA,19183.69,686,2311080258
CUST003765,Michael Smith,customer3765@mail.com,+1-444-823-1646,Dallas,USA,21875.07,363,6461025549
CUST003766,Sarah Brown,customer3766@mail.com,+1-444-707-4639,Dallas,USA,37085.21,823,2572485578
CUST003767,Sarah Smith,customer3767@mail.com,+1-444-568-2521,Chicago,USA,36253.69,565,6603737183
CUST003768,Michael Johnson,customer3768@mail.com,+1-444-601-1357,Dallas,USA,8179.65,407,2009977025
CUST003769,Michael Johnson,customer3769@mail.com,+1-444-204-6386,Chicago,USA,31676.37,309,8213395601
CUST003770,Daniel Brown,customer3770@mail.com,+1-444-685-8846,Dallas,USA,22577.08,306,9446362077
CUST003771,Michael Davis,customer3771@mail.com,+1-444-393-1154,Phoenix,USA,29332.76,742,5123376454
CUST003772,Daniel Johnson,customer3772@mail.com,+1-444-856-5142,Chicago,USA,15998.19,684,6018734162
CUST003773,James Clark,customer3773@mail.com,+1-444-296-9143,Dallas,USA,3226.22,596,6323332281
CUST003774,Michael Johnson,customer3774@mail.com,+1-444-487-5859,New York,USA,38021.82,622,3198455722
CUST003775,John Lewis,customer3775@mail.com,+1-444-200-6505,Dallas,USA,6159.28,500,5922858544
CUST003776,John Smith,customer3776@mail.com,+1-444-728-7176,Chicago,USA,41834.96,777,7776169034
CUST003777,John Taylor,customer3777@mail.com,+1-444-240-5144,Chicago,USA,39418.58,654,4093914305
CUST003778,David Taylor,customer3778@mail.com,+1-444-850-6244,Dallas,USA,11478.07,832,4419136395
CUST003779,Sarah Brown,customer3779@mail.com,+1-444-687-9538,New York,USA,45112.03,775,3835916907
CUST003780,Emma Wilson,customer3780@mail.com,+1-444-469-2483,Chicago,USA,18467.74,607,5683744293
CUST003781,Olivia Smith,customer3781@mail.com,+1-444-124-6761,New York,USA,9998.29,608,1886768127
CUST003782,Emma Davis,customer3782@mail.com,+1-444-607-5479,Dallas,USA,4270.56,703,6910946952
CUST003783,John Johnson,customer3783@mail.com,+1-444-712-9263,Chicago,USA,27619.72,666,1963580820
CUST003784,John Taylor,customer3784@mail.com,+1-444-369-4279,Chicago,USA,384.75,453,6663573922
CUST003785,Daniel Walker,customer3785@mail.com,+1-444-958-6584,New York,USA,47229.16,479,5725249477
CUST003786,Michael Taylor,customer3786@mail.com,+1-444-379-2273,Phoenix,USA,31934.82,524,4403279262
CUST003787,Daniel Davis,customer3787@mail.com,+1-444-743-1890,Dallas,USA,40808.46,809,4480256460
CUST003788,Ava Hall,customer3788@mail.com,+1-444-649-3549,Phoenix,USA,927.07,501,4634432764
CUST003789,Michael Lewis,customer3789@mail.com,+1-444-713-6684,New York,USA,40807.89,451,4644316184
CUST003790,Michael Wilson,customer3790@mail.com,+1-444-164-6621,Dallas,USA,28574.62,448,7655899740
CUST003791,Emma Davis,customer3791@mail.com,+1-444-811-4282,Dallas,USA,8967.95,370,1916585581
CUST003792,James Lewis,customer3792@mail.com,+1-444-479-6455,New York,USA,49395.67,646,8355967273
CUST003793,David Taylor,customer3793@mail.com,+1-444-403-9111,New York,USA,18338.49,799,3214229211
CUST003794,Sarah Taylor,customer3794@mail.com,+1-444-158-6558,Dallas,USA,38309.18,474,9757654385
CUST003795,Olivia Smith,customer3795@mail.com,+1-444-279-9387,New York,USA,37249.15,448,9896115462
CUST003796,Ava Davis,customer3796@mail.com,+1-444-646-9872,New York,USA,10265.73,415,4597801616
CUST003797,Olivia Smith,customer3797@mail.com,+1-444-408-7799,Chicago,USA,44412.5,789,6690036107
CUST003798,David Hall,customer3798@mail.com,+1-444-241-6890,Dallas,USA,39331.69,419,1468856827
CUST003799,James Lewis,customer3799@mail.com,+1-444-545-9274,Dallas,USA,12194.71,762,2673987606
CUST003800,Sarah Walker,customer3800@mail.com,+1-444-675-7995,Chicago,USA,506.77,582,5618874591
CUST003801,John Clark,customer3801@mail.com,+1-444-479-8382,New York,USA,25208.58,691,8143151192
CUST003802,Ava Johnson,customer3802@mail.com,+1-444-583-2453,Chicago,USA,44620.15,435,9546451887
CUST003803,Emma Hall,customer3803@mail.com,+1-444-379-8878,New York,USA,27186.18,371,8470746382
CUST003804,Daniel Johnson,customer3804@mail.com,+1-444-341-5384,Phoenix,USA,22471.94,568,5221055544
CUST003805,John Hall,customer3805@mail.com,+1-444-623-7517,Chicago,USA,4137.5,812,5357612077
CUST003806,Michael Johnson,customer3806@mail.com,+1-444-567-9498,Phoenix,USA,26371.63,522,2305117906
CUST003807,Michael Wilson,customer3807@mail.com,+1-444-829-1867,Chicago,USA,20073.51,702,1512224940
CUST003808,Daniel Smith,customer3808@mail.com,+1-444-564-8862,New York,USA,25944.48,576,2976544699
CUST003809,James Wilson,customer3809@mail.com,+1-444-984-5086,New York,USA,23432.81,634,4955710114
CUST003810,Olivia Hall,customer3810@mail.com,+1-444-265-6219,Phoenix,USA,11849.28,490,5905255279
CUST003811,David Taylor,customer3811@mail.com,+1-444-424-1415,New York,USA,25762.66,538,2482302255
CUST003812,Sarah Lewis,customer3812@mail.com,+1-444-347-8607,New York,USA,20914.33,693,8320891327
CUST003813,John Johnson,customer3813@mail.com,+1-444-756-3989,Chicago,USA,15141.0,429,2013230313
CUST003814,Michael Davis,customer3814@mail.com,+1-444-187-3770,Dallas,USA,28054.71,839,4816917923
CUST003815,Sarah Brown,customer3815@mail.com,+1-444-828-3282,Chicago,USA,10550.54,763,4288414500
CUST003816,John Hall,customer3816@mail.com,+1-444-307-8590,Dallas,USA,17403.13,795,4196353084
CUST003817,David Clark,customer3817@mail.com,+1-444-412-3197,Dallas,USA,1667.67,833,3362132329
CUST003818,Michael Johnson,customer3818@mail.com,+1-444-230-6937,Dallas,USA,36235.51,309,1816769614
CUST003819,Michael Taylor,customer3819@mail.com,+1-444-852-3519,Dallas,USA,16596.91,714,2507483693
CUST003820,Sophia Taylor,customer3820@mail.com,+1-444-569-8641,Phoenix,USA,27714.83,690,5290109040
CUST003821,Michael Wilson,customer3821@mail.com,+1-444-734-2276,Dallas,USA,41149.46,574,2829306497
CUST003822,Sophia Johnson,customer3822@mail.com,+1-444-174-2472,Phoenix,USA,11942.8,342,4378465249
CUST003823,David Davis,customer3823@mail.com,+1-444-604-7167,Phoenix,USA,11696.15,537,2812226533
CUST003824,James Wilson,customer3824@mail.com,+1-444-875-3807,New York,USA,7524.0,519,8491892395
CUST003825,Daniel Taylor,customer3825@mail.com,+1-444-842-6330,New York,USA,14542.6,569,8285336111
CUST003826,Olivia Brown,customer3826@mail.com,+1-444-304-8360,Phoenix,USA,36293.01,407,3629461457
CUST003827,Ava Walker,customer3827@mail.com,+1-444-899-8020,Phoenix,USA,1412.35,689,7174741906
CUST003828,Daniel Wilson,customer3828@mail.com,+1-444-667-8256,New York,USA,47917.61,613,3800733076
CUST003829,James Clark,customer3829@mail.com,+1-444-232-1452,Chicago,USA,7100.2,815,6202312841
CUST003830,James Smith,customer3830@mail.com,+1-444-959-4861,Dallas,USA,3834.72,584,8145405172
CUST003831,Daniel Taylor,customer3831@mail.com,+1-444-720-7296,Chicago,USA,19888.22,692,1462668142
CUST003832,Michael Brown,customer3832@mail.com,+1-444-231-9105,Chicago,USA,16072.38,505,3080588426
CUST003833,John Taylor,customer3833@mail.com,+1-444-615-1587,New York,USA,41291.18,636,3281851711
CUST003834,Ava Lewis,customer3834@mail.com,+1-444-434-2704,New York,USA,8688.58,638,4506644870
CUST003835,Sophia Walker,customer3835@mail.com,+1-444-713-4988,Phoenix,USA,31611.84,578,1698304053
CUST003836,Michael Davis,customer3836@mail.com,+1-444-550-5551,Dallas,USA,12891.67,636,9904156077
CUST003837,James Wilson,customer3837@mail.com,+1-444-771-9583,Phoenix,USA,22305.77,380,8005450658
CUST003838,Sophia Johnson,customer3838@mail.com,+1-444-317-3384,Phoenix,USA,21081.55,781,3754389925
CUST003839,Sarah Davis,customer3839@mail.com,+1-444-119-1026,Phoenix,USA,48233.27,664,6350800794
CUST003840,Sarah Wilson,customer3840@mail.com,+1-444-527-9779,Chicago,USA,29182.54,590,8809504152
CUST003841,Ava Taylor,customer3841@mail.com,+1-444-106-6889,New York,USA,25416.98,511,2614512818
CUST003842,Ava Taylor,customer3842@mail.com,+1-444-150-3922,Dallas,USA,42926.36,585,6065034714
CUST003843,Sarah Wilson,customer3843@mail.com,+1-444-403-9878,Chicago,USA,29869.49,627,3400823882
CUST003844,Emma Taylor,customer3844@mail.com,+1-444-589-2428,New York,USA,10065.47,547,5316766953
CUST003845,John Clark,customer3845@mail.com,+1-444-852-8228,Dallas,USA,18619.25,769,8886356997
CUST003846,James Taylor,customer3846@mail.com,+1-444-248-2961,Dallas,USA,7767.4,813,5717286220
CUST003847,Michael Lewis,customer3847@mail.com,+1-444-321-2023,New York,USA,14302.57,336,1082267557
CUST003848,Olivia Hall,customer3848@mail.com,+1-444-483-1401,Dallas,USA,8731.97,480,9679478560
CUST003849,Daniel Smith,customer3849@mail.com,+1-444-563-3658,Chicago,USA,35081.57,550,7394095814
CUST003850,Ava Clark,customer3850@mail.com,+1-444-324-7378,Chicago,USA,19241.35,676,8765769979
CUST003851,Daniel Clark,customer3851@mail.com,+1-444-474-3373,Phoenix,USA,10216.38,598,6061346711
CUST003852,Sarah Lewis,customer3852@mail.com,+1-444-892-5592,New York,USA,20962.47,378,1663450936
CUST003853,Sarah Clark,customer3853@mail.com,+1-444-243-9751,Phoenix,USA,49587.82,749,1977309433
CUST003854,James Lewis,customer3854@mail.com,+1-444-731-6791,Dallas,USA,33003.24,353,3432215189
CUST003855,Emma Wilson,customer3855@mail.com,+1-444-731-8012,Chicago,USA,17598.43,434,6316755630
CUST003856,Michael Taylor,customer3856@mail.com,+1-444-651-2401,New York,USA,43081.73,609,8467563986
CUST003857,Michael Clark,customer3857@mail.com,+1-444-468-2175,Chicago,USA,39542.7,378,5527078685
CUST003858,Daniel Clark,customer3858@mail.com,+1-444-580-1189,New York,USA,28458.67,408,8507717380
CUST003859,James Taylor,customer3859@mail.com,+1-444-551-2274,Dallas,USA,46480.28,462,8897349448
CUST003860,John Davis,customer3860@mail.com,+1-444-562-4485,New York,USA,14338.43,510,9785829325
CUST003861,Sarah Hall,customer3861@mail.com,+1-444-956-2297,Chicago,USA,5753.19,670,1243043146
CUST003862,Daniel Smith,customer3862@mail.com,+1-444-320-1378,Chicago,USA,6009.51,639,7080195940
CUST003863,Olivia Davis,customer3863@mail.com,+1-444-742-3674,Dallas,USA,43209.4,843,9300412846
CUST003864,Michael Johnson,customer3864@mail.com,+1-444-471-2886,Chicago,USA,24243.11,464,3693951663
CUST003865,Emma Smith,customer3865@mail.com,+1-444-908-4545,Chicago,USA,43733.54,815,4779848000
CUST003866,Emma Wilson,customer3866@mail.com,+1-444-832-3771,Dallas,USA,43375.01,361,6081121151
CUST003867,Ava Wilson,customer3867@mail.com,+1-444-141-6868,New York,USA,13077.28,392,2130043649
CUST003868,James Johnson,customer3868@mail.com,+1-444-740-7549,Phoenix,USA,15486.69,347,3883982717
CUST003869,David Johnson,customer3869@mail.com,+1-444-829-4257,Dallas,USA,49613.45,397,3166432698
CUST003870,Emma Clark,customer3870@mail.com,+1-444-108-8057,New York,USA,22173.49,385,4565682711
CUST003871,John Taylor,customer3871@mail.com,+1-444-456-1313,Dallas,USA,29559.28,362,8725139388
CUST003872,John Hall,customer3872@mail.com,+1-444-659-1474,Dallas,USA,17484.11,411,6287124664
CUST003873,Olivia Clark,customer3873@mail.com,+1-444-282-1876,Chicago,USA,27406.9,778,8249518289
CUST003874,Sarah Lewis,customer3874@mail.com,+1-444-844-3760,Chicago,USA,31310.98,705,3826363975
CUST003875,Emma Taylor,customer3875@mail.com,+1-444-272-6735,Chicago,USA,25147.53,562,2656129392
CUST003876,David Brown,customer3876@mail.com,+1-444-207-3255,Phoenix,USA,40158.74,729,5750621396
CUST003877,Daniel Wilson,customer3877@mail.com,+1-444-219-1718,Dallas,USA,6279.33,634,4090755791
CUST003878,Sophia Hall,customer3878@mail.com,+1-444-549-1424,Dallas,USA,5685.45,849,5660775759
CUST003879,James Smith,customer3879@mail.com,+1-444-201-7006,Chicago,USA,27498.23,549,3624585301
CUST003880,Michael Johnson,customer3880@mail.com,+1-444-528-6393,Dallas,USA,28615.39,681,7195271361
CUST003881,James Lewis,customer3881@mail.com,+1-444-986-4847,Dallas,USA,37689.24,774,4611659337
CUST003882,Daniel Davis,customer3882@mail.com,+1-444-982-5544,Chicago,USA,18011.75,607,2240849488
CUST003883,Daniel Lewis,customer3883@mail.com,+1-444-171-2553,New York,USA,30030.23,788,2762643569
CUST003884,Daniel Hall,customer3884@mail.com,+1-444-795-3333,Phoenix,USA,27354.1,830,4993818557
CUST003885,Daniel Brown,customer3885@mail.com,+1-444-520-2042,Chicago,USA,8347.36,774,6777457501
CUST003886,Sophia Clark,customer3886@mail.com,+1-444-560-3453,Dallas,USA,31770.26,591,2622368923
CUST003887,Sarah Johnson,customer3887@mail.com,+1-444-807-8935,Dallas,USA,12134.04,323,3025523530
CUST003888,Ava Clark,customer3888@mail.com,+1-444-173-8000,Phoenix,USA,21388.32,399,3986049451
CUST003889,Michael Clark,customer3889@mail.com,+1-444-605-1959,New York,USA,13429.3,538,4885736593
CUST003890,James Wilson,customer3890@mail.com,+1-444-781-8199,Dallas,USA,40180.67,367,7072487178
CUST003891,Olivia Walker,customer3891@mail.com,+1-444-345-5217,Phoenix,USA,47522.29,482,7691301901
CUST003892,Sarah Taylor,customer3892@mail.com,+1-444-730-7983,Chicago,USA,15966.49,641,9691119265
CUST003893,Daniel Brown,customer3893@mail.com,+1-444-351-9128,New York,USA,14610.36,591,9465895320
CUST003894,Sophia Brown,customer3894@mail.com,+1-444-517-7336,New York,USA,42325.84,318,3642935769
CUST003895,Ava Walker,customer3895@mail.com,+1-444-222-8603,New York,USA,25462.72,705,3698123507
CUST003896,James Taylor,customer3896@mail.com,+1-444-136-4916,Chicago,USA,26042.76,529,6493160550
CUST003897,Emma Smith,customer3897@mail.com,+1-444-697-3897,Phoenix,USA,7356.94,642,6964857588
CUST003898,Sophia Johnson,customer3898@mail.com,+1-444-302-4954,Chicago,USA,4934.47,755,2956591747
CUST003899,Olivia Wilson,customer3899@mail.com,+1-444-510-3446,New York,USA,7324.8,609,8716987134
CUST003900,Sophia Taylor,customer3900@mail.com,+1-444-144-9123,Chicago,USA,27181.73,523,2122587153
CUST003901,Sophia Brown,customer3901@mail.com,+1-444-189-3152,New York,USA,35380.06,705,2455165632
CUST003902,Ava Taylor,customer3902@mail.com,+1-444-929-1280,Phoenix,USA,25265.78,843,6428282484
CUST003903,John Lewis,customer3903@mail.com,+1-444-764-6426,Chicago,USA,30487.83,560,1758985518
CUST003904,John Smith,customer3904@mail.com,+1-444-388-1797,Phoenix,USA,34512.23,798,2586727722
CUST003905,John Taylor,customer3905@mail.com,+1-444-615-2233,Chicago,USA,12305.87,388,8463330472
CUST003906,James Taylor,customer3906@mail.com,+1-444-147-6605,Phoenix,USA,3233.46,772,2738065794
CUST003907,Daniel Brown,customer3907@mail.com,+1-444-788-9413,Chicago,USA,10244.88,844,5132010119
CUST003908,Sarah Walker,customer3908@mail.com,+1-444-590-7669,Chicago,USA,15932.0,496,5881986514
CUST003909,Sarah Taylor,customer3909@mail.com,+1-444-548-4346,Phoenix,USA,8747.13,652,1092513103
CUST003910,Sarah Johnson,customer3910@mail.com,+1-444-356-5273,Phoenix,USA,44968.15,350,7524097187
CUST003911,Sarah Wilson,customer3911@mail.com,+1-444-203-3483,Dallas,USA,16039.68,525,1455128467
CUST003912,James Johnson,customer3912@mail.com,+1-444-971-1414,New York,USA,41044.37,487,3027948096
CUST003913,David Smith,customer3913@mail.com,+1-444-773-3038,New York,USA,40100.65,490,2788663355
CUST003914,Emma Taylor,customer3914@mail.com,+1-444-124-6018,Chicago,USA,46279.78,625,9389192704
CUST003915,David Walker,customer3915@mail.com,+1-444-257-6433,Dallas,USA,35426.76,639,2338554695
CUST003916,Ava Brown,customer3916@mail.com,+1-444-962-6427,Chicago,USA,41647.23,576,7246135277
CUST003917,Emma Davis,customer3917@mail.com,+1-444-501-4975,Chicago,USA,17281.81,757,2786437926
CUST003918,Ava Walker,customer3918@mail.com,+1-444-827-7941,New York,USA,39869.32,505,7434662564
CUST003919,Olivia Walker,customer3919@mail.com,+1-444-233-3152,Chicago,USA,40139.16,828,2127047849
CUST003920,Daniel Johnson,customer3920@mail.com,+1-444-841-3575,Dallas,USA,4391.14,840,6287348859
CUST003921,Daniel Walker,customer3921@mail.com,+1-444-185-2958,New York,USA,8024.81,566,5746683024
CUST003922,Sarah Taylor,customer3922@mail.com,+1-444-485-2958,Chicago,USA,34128.32,469,6604571871
CUST003923,Ava Taylor,customer3923@mail.com,+1-444-664-1989,Dallas,USA,32124.88,404,4321522569
CUST003924,Michael Taylor,customer3924@mail.com,+1-444-623-7206,Chicago,USA,7431.48,835,1009620154
CUST003925,David Johnson,customer3925@mail.com,+1-444-944-2293,Phoenix,USA,34860.01,374,8430481252
CUST003926,Sophia Taylor,customer3926@mail.com,+1-444-338-3751,Chicago,USA,37074.29,640,7137542050
CUST003927,Sarah Hall,customer3927@mail.com,+1-444-417-8576,New York,USA,37362.44,556,5610979379
CUST003928,David Davis,customer3928@mail.com,+1-444-695-8409,New York,USA,31601.17,788,3575832170
CUST003929,David Walker,customer3929@mail.com,+1-444-551-3460,Chicago,USA,3861.9,721,8011337350
CUST003930,James Taylor,customer3930@mail.com,+1-444-383-5616,Chicago,USA,13764.79,595,5846755772
CUST003931,Daniel Wilson,customer3931@mail.com,+1-444-939-6490,Dallas,USA,8690.02,812,8128226338
CUST003932,Ava Smith,customer3932@mail.com,+1-444-908-6947,Phoenix,USA,37873.76,642,2112569985
CUST003933,David Taylor,customer3933@mail.com,+1-444-547-1590,New York,USA,7356.77,337,2583491210
CUST003934,Emma Walker,customer3934@mail.com,+1-444-361-9693,Dallas,USA,12841.76,343,3776953372
CUST003935,Olivia Hall,customer3935@mail.com,+1-444-895-9071,Chicago,USA,12239.53,524,1796856301
CUST003936,David Clark,customer3936@mail.com,+1-444-571-5427,Phoenix,USA,25845.56,713,7376645262
CUST003937,Michael Taylor,customer3937@mail.com,+1-444-469-9960,Chicago,USA,4625.76,469,2521396468
CUST003938,Emma Walker,customer3938@mail.com,+1-444-446-9617,Chicago,USA,36231.96,405,9021052710
CUST003939,James Johnson,customer3939@mail.com,+1-444-388-9756,Dallas,USA,14072.94,625,3803987292
CUST003940,Emma Johnson,customer3940@mail.com,+1-444-231-1002,Phoenix,USA,29469.89,321,1783676671
CUST003941,Sophia Clark,customer3941@mail.com,+1-444-908-5367,New York,USA,13278.61,437,8733724334
CUST003942,Michael Hall,customer3942@mail.com,+1-444-939-6493,Chicago,USA,10557.66,308,3865797185
CUST003943,James Wilson,customer3943@mail.com,+1-444-178-3029,Phoenix,USA,19950.55,644,7827043666
CUST003944,Ava Wilson,customer3944@mail.com,+1-444-484-5252,Chicago,USA,21412.21,586,5022563855
CUST003945,David Hall,customer3945@mail.com,+1-444-291-8213,Phoenix,USA,4481.56,701,3684325063
CUST003946,Sophia Lewis,customer3946@mail.com,+1-444-709-3116,Dallas,USA,22574.98,400,2024641542
CUST003947,John Davis,customer3947@mail.com,+1-444-249-6582,New York,USA,12301.73,390,4847060732
CUST003948,Sophia Clark,customer3948@mail.com,+1-444-876-1583,New York,USA,5376.53,458,9080153020
CUST003949,David Johnson,customer3949@mail.com,+1-444-202-8691,Chicago,USA,1801.09,511,5069610879
CUST003950,James Smith,customer3950@mail.com,+1-444-427-3520,New York,USA,26560.45,414,4819897446
CUST003951,John Wilson,customer3951@mail.com,+1-444-157-4096,New York,USA,48799.45,454,5607948107
CUST003952,Sophia Clark,customer3952@mail.com,+1-444-250-4444,Chicago,USA,2194.44,761,1242167268
CUST003953,John Smith,customer3953@mail.com,+1-444-657-9248,New York,USA,12303.27,504,9729332583
CUST003954,Ava Clark,customer3954@mail.com,+1-444-590-7484,Phoenix,USA,1249.95,419,8192273140
CUST003955,Ava Hall,customer3955@mail.com,+1-444-147-8495,Phoenix,USA,26336.59,468,9004211348
CUST003956,John Clark,customer3956@mail.com,+1-444-202-9340,Phoenix,USA,2942.24,574,6845102054
CUST003957,Sophia Smith,customer3957@mail.com,+1-444-108-1967,Dallas,USA,19581.97,813,8941087197
CUST003958,Ava Clark,customer3958@mail.com,+1-444-694-7836,Chicago,USA,21697.24,603,5079649184
CUST003959,Ava Brown,customer3959@mail.com,+1-444-583-1611,Dallas,USA,26163.85,749,1819034882
CUST003960,Ava Wilson,customer3960@mail.com,+1-444-467-2504,Chicago,USA,28569.64,320,2651907482
CUST003961,Sophia Clark,customer3961@mail.com,+1-444-407-1507,Chicago,USA,24799.23,732,9276241135
CUST003962,David Clark,customer3962@mail.com,+1-444-828-8935,New York,USA,2540.49,575,6583903273
CUST003963,James Johnson,customer3963@mail.com,+1-444-482-4170,Dallas,USA,43379.76,618,7240065908
CUST003964,Sophia Lewis,customer3964@mail.com,+1-444-522-4066,New York,USA,40568.82,514,6620163701
CUST003965,Michael Wilson,customer3965@mail.com,+1-444-327-4421,Chicago,USA,7298.16,567,5902768143
CUST003966,Emma Clark,customer3966@mail.com,+1-444-651-8208,Phoenix,USA,24895.36,686,4788746124
CUST003967,Daniel Davis,customer3967@mail.com,+1-444-630-3986,Dallas,USA,5948.07,542,6425294263
CUST003968,Daniel Hall,customer3968@mail.com,+1-444-218-9034,Dallas,USA,6433.51,733,1862953480
CUST003969,David Wilson,customer3969@mail.com,+1-444-279-2754,New York,USA,47510.33,350,5636307068
CUST003970,Sophia Wilson,customer3970@mail.com,+1-444-868-4476,New York,USA,18536.53,763,8042141102
CUST003971,Sarah Davis,customer3971@mail.com,+1-444-355-5260,New York,USA,41798.86,314,7260389029
CUST003972,John Brown,customer3972@mail.com,+1-444-662-3498,Chicago,USA,15180.34,602,8787159103
CUST003973,Sarah Smith,customer3973@mail.com,+1-444-113-1321,Phoenix,USA,14298.47,752,3853647216
CUST003974,Daniel Hall,customer3974@mail.com,+1-444-468-9090,Chicago,USA,23762.73,513,8685269460
CUST003975,Sarah Smith,customer3975@mail.com,+1-444-815-1630,Chicago,USA,40989.41,569,2568338310
CUST003976,Olivia Smith,customer3976@mail.com,+1-444-205-1914,Chicago,USA,3507.47,705,4204747570
CUST003977,James Taylor,customer3977@mail.com,+1-444-357-5823,New York,USA,26053.28,761,5751777646
CUST003978,Emma Hall,customer3978@mail.com,+1-444-336-3255,Chicago,USA,6653.31,810,3533564214
CUST003979,Michael Hall,customer3979@mail.com,+1-444-363-8432,Dallas,USA,37780.29,570,3952649037
CUST003980,Sophia Walker,customer3980@mail.com,+1-444-232-5616,Chicago,USA,11676.37,346,9937191335
CUST003981,Olivia Smith,customer3981@mail.com,+1-444-485-4708,Chicago,USA,3914.61,557,5503928592
CUST003982,Ava Wilson,customer3982@mail.com,+1-444-786-3567,Phoenix,USA,13060.62,658,2752883404
CUST003983,Sarah Johnson,customer3983@mail.com,+1-444-105-2970,Dallas,USA,44921.1,753,2555761162
CUST003984,Michael Davis,customer3984@mail.com,+1-444-146-1310,Chicago,USA,45801.03,840,1738850221
CUST003985,Emma Johnson,customer3985@mail.com,+1-444-705-1120,Dallas,USA,1149.72,672,7602824752
CUST003986,Ava Walker,customer3986@mail.com,+1-444-267-8918,New York,USA,14740.93,550,6965103483
CUST003987,Ava Brown,customer3987@mail.com,+1-444-802-5642,Phoenix,USA,10327.18,813,6987635809
CUST003988,Olivia Brown,customer3988@mail.com,+1-444-616-5352,Chicago,USA,11028.45,510,5530957842
CUST003989,Daniel Clark,customer3989@mail.com,+1-444-957-9454,Phoenix,USA,18796.95,414,6222998705
CUST003990,Sarah Wilson,customer3990@mail.com,+1-444-644-6357,Dallas,USA,42171.53,316,1511169597
CUST003991,James Wilson,customer3991@mail.com,+1-444-310-4107,Phoenix,USA,678.19,367,1235031246
CUST003992,Michael Clark,customer3992@mail.com,+1-444-737-9087,Phoenix,USA,19803.04,348,3312607546
CUST003993,Daniel Smith,customer3993@mail.com,+1-444-213-3803,Chicago,USA,16129.13,738,5487410761
CUST003994,Michael Davis,customer3994@mail.com,+1-444-737-1651,Chicago,USA,46510.53,334,2576604972
CUST003995,Daniel Johnson,customer3995@mail.com,+1-444-646-3253,Dallas,USA,14867.28,732,4106442460
CUST003996,Emma Walker,customer3996@mail.com,+1-444-442-7363,Phoenix,USA,49130.0,781,6228990448
CUST003997,Emma Taylor,customer3997@mail.com,+1-444-384-7219,New York,USA,30395.06,400,2575717282
CUST003998,James Smith,customer3998@mail.com,+1-444-687-6128,Chicago,USA,19768.58,418,6011626065
CUST003999,Sarah Brown,customer3999@mail.com,+1-444-705-2020,Chicago,USA,4184.26,764,1791727052
CUST004000,Olivia Davis,customer4000@mail.com,+1-444-914-8163,New York,USA,30600.05,773,3979810635
CUST004001,Daniel Taylor,customer4001@mail.com,+1-444-601-6235,Phoenix,USA,46730.04,374,9448695752
CUST004002,Emma Smith,customer4002@mail.com,+1-444-653-4548,Dallas,USA,24795.72,436,3460268553
CUST004003,Emma Clark,customer4003@mail.com,+1-444-184-8691,Dallas,USA,12477.63,825,2156954855
CUST004004,Daniel Johnson,customer4004@mail.com,+1-444-316-6144,Dallas,USA,27432.95,300,6008826043
CUST004005,Daniel Lewis,customer4005@mail.com,+1-444-845-9656,Phoenix,USA,38656.79,337,7176833924
CUST004006,Sophia Brown,customer4006@mail.com,+1-444-447-5826,Phoenix,USA,32289.1,683,1385879671
CUST004007,Sophia Wilson,customer4007@mail.com,+1-444-842-2838,Chicago,USA,5236.57,773,1337821182
CUST004008,Sophia Walker,customer4008@mail.com,+1-444-138-2686,Phoenix,USA,46190.15,387,4620355816
CUST004009,John Hall,customer4009@mail.com,+1-444-757-6601,Chicago,USA,43705.18,445,6907598166
CUST004010,John Davis,customer4010@mail.com,+1-444-362-1701,New York,USA,21214.79,378,4069693318
CUST004011,Sarah Davis,customer4011@mail.com,+1-444-965-8986,Phoenix,USA,3333.33,561,2923090164
CUST004012,Ava Walker,customer4012@mail.com,+1-444-888-3722,Chicago,USA,35819.35,457,5303003210
CUST004013,Sophia Brown,customer4013@mail.com,+1-444-584-6170,New York,USA,20372.29,302,5805756959
CUST004014,Olivia Davis,customer4014@mail.com,+1-444-155-4003,Phoenix,USA,28211.93,543,1705766075
CUST004015,Sophia Johnson,customer4015@mail.com,+1-444-648-6417,Dallas,USA,13867.47,572,3822382909
CUST004016,Daniel Davis,customer4016@mail.com,+1-444-565-4819,Dallas,USA,12062.77,308,1073709060
CUST004017,David Davis,customer4017@mail.com,+1-444-433-8129,Chicago,USA,21159.32,669,1730132568
CUST004018,James Brown,customer4018@mail.com,+1-444-974-8893,Phoenix,USA,38241.22,700,4382186400
CUST004019,John Johnson,customer4019@mail.com,+1-444-832-1713,Chicago,USA,42972.37,312,3591783845
CUST004020,John Davis,customer4020@mail.com,+1-444-813-5737,Chicago,USA,27996.14,514,3618368566
CUST004021,David Davis,customer4021@mail.com,+1-444-765-1152,Chicago,USA,1789.22,632,6552681749
CUST004022,Michael Johnson,customer4022@mail.com,+1-444-874-6070,Phoenix,USA,42062.33,643,4976319653
CUST004023,Emma Wilson,customer4023@mail.com,+1-444-162-2918,Dallas,USA,45176.22,835,4877507964
CUST004024,Emma Wilson,customer4024@mail.com,+1-444-329-4368,Dallas,USA,40200.76,765,8005613765
CUST004025,Emma Walker,customer4025@mail.com,+1-444-876-7897,Phoenix,USA,1905.37,594,2311026454
CUST004026,Sophia Brown,customer4026@mail.com,+1-444-742-4800,Phoenix,USA,7563.3,839,8218299298
CUST004027,Daniel Davis,customer4027@mail.com,+1-444-261-5704,Chicago,USA,25178.87,794,1617135077
CUST004028,Ava Brown,customer4028@mail.com,+1-444-324-7249,Phoenix,USA,17019.32,370,2174632386
CUST004029,James Brown,customer4029@mail.com,+1-444-172-9033,New York,USA,8134.39,518,1581393849
CUST004030,David Johnson,customer4030@mail.com,+1-444-895-3737,New York,USA,37509.09,645,1664652387
CUST004031,Emma Clark,customer4031@mail.com,+1-444-210-1773,Phoenix,USA,2855.74,585,8326089396
CUST004032,Ava Walker,customer4032@mail.com,+1-444-814-5487,Phoenix,USA,30391.05,751,5072860584
CUST004033,Sophia Johnson,customer4033@mail.com,+1-444-147-1496,Chicago,USA,30913.1,721,4940251876
CUST004034,Michael Lewis,customer4034@mail.com,+1-444-420-9347,Chicago,USA,19506.08,537,1848925754
CUST004035,John Smith,customer4035@mail.com,+1-444-689-7751,Chicago,USA,18022.3,419,7661127075
CUST004036,Daniel Clark,customer4036@mail.com,+1-444-515-5433,Phoenix,USA,4137.35,540,3868623912
CUST004037,Olivia Taylor,customer4037@mail.com,+1-444-885-9071,Phoenix,USA,4451.27,850,8981588700
CUST004038,Emma Wilson,customer4038@mail.com,+1-444-875-5064,Chicago,USA,31205.09,695,7359963322
CUST004039,Ava Walker,customer4039@mail.com,+1-444-329-5348,Dallas,USA,25869.9,745,2145590697
CUST004040,Michael Smith,customer4040@mail.com,+1-444-329-8865,Phoenix,USA,35205.5,499,4053846358
CUST004041,David Smith,customer4041@mail.com,+1-444-991-7483,Phoenix,USA,30406.39,598,8377903942
CUST004042,Emma Smith,customer4042@mail.com,+1-444-654-2165,New York,USA,39663.51,303,5277731417
CUST004043,David Smith,customer4043@mail.com,+1-444-419-3921,New York,USA,39857.48,749,5471023057
CUST004044,Olivia Clark,customer4044@mail.com,+1-444-266-5258,Phoenix,USA,16283.31,371,1703908932
CUST004045,David Lewis,customer4045@mail.com,+1-444-697-4015,New York,USA,30394.19,605,6063425783
CUST004046,Olivia Smith,customer4046@mail.com,+1-444-409-3183,Chicago,USA,47570.52,456,4462084976
CUST004047,John Walker,customer4047@mail.com,+1-444-213-5464,New York,USA,18970.23,707,7045906108
CUST004048,John Johnson,customer4048@mail.com,+1-444-708-8581,Dallas,USA,45232.93,589,4111736507
CUST004049,Sophia Taylor,customer4049@mail.com,+1-444-609-1369,New York,USA,4488.34,823,8950710668
CUST004050,Daniel Lewis,customer4050@mail.com,+1-444-589-5522,Chicago,USA,3454.73,416,2514562958
CUST004051,Daniel Johnson,customer4051@mail.com,+1-444-284-7871,Chicago,USA,24370.71,833,5437070451
CUST004052,Sophia Clark,customer4052@mail.com,+1-444-187-5468,Dallas,USA,43828.71,786,8736655939
CUST004053,James Clark,customer4053@mail.com,+1-444-732-6300,Chicago,USA,11005.16,810,7424383606
CUST004054,Daniel Wilson,customer4054@mail.com,+1-444-691-9441,New York,USA,15141.26,545,1292003028
CUST004055,Michael Taylor,customer4055@mail.com,+1-444-528-5267,Chicago,USA,15822.66,614,4924196442
CUST004056,Daniel Taylor,customer4056@mail.com,+1-444-528-6858,New York,USA,39274.61,630,9168164233
CUST004057,Emma Wilson,customer4057@mail.com,+1-444-222-2165,Dallas,USA,37143.52,733,1002804483
CUST004058,Daniel Smith,customer4058@mail.com,+1-444-537-6043,Phoenix,USA,45148.89,702,9934352562
CUST004059,Olivia Wilson,customer4059@mail.com,+1-444-446-4251,New York,USA,3426.91,607,6334308582
CUST004060,Daniel Smith,customer4060@mail.com,+1-444-807-9593,Dallas,USA,8986.07,378,1044548634
CUST004061,John Taylor,customer4061@mail.com,+1-444-677-4068,Dallas,USA,29910.04,632,7705944538
CUST004062,John Taylor,customer4062@mail.com,+1-444-294-3176,Phoenix,USA,32736.71,476,8513045846
CUST004063,James Johnson,customer4063@mail.com,+1-444-325-2731,Phoenix,USA,25223.17,300,4127745349
CUST004064,Daniel Smith,customer4064@mail.com,+1-444-935-3864,Phoenix,USA,16959.99,376,5910238195
CUST004065,Olivia Walker,customer4065@mail.com,+1-444-209-6053,New York,USA,16574.15,604,8567389802
CUST004066,David Wilson,customer4066@mail.com,+1-444-380-4177,Phoenix,USA,9706.33,745,3648956715
CUST004067,Ava Davis,customer4067@mail.com,+1-444-388-3870,Dallas,USA,10585.84,537,4654515798
CUST004068,Ava Smith,customer4068@mail.com,+1-444-482-6570,Chicago,USA,21142.02,484,4101382315
CUST004069,Sophia Clark,customer4069@mail.com,+1-444-407-3866,Chicago,USA,40793.0,410,4055033166
CUST004070,Daniel Johnson,customer4070@mail.com,+1-444-634-9628,Phoenix,USA,44088.51,628,6750184708
CUST004071,Olivia Smith,customer4071@mail.com,+1-444-954-4179,Phoenix,USA,46848.0,711,5703639102
CUST004072,Olivia Wilson,customer4072@mail.com,+1-444-211-8621,Chicago,USA,23855.09,572,6886771355
CUST004073,John Lewis,customer4073@mail.com,+1-444-581-4487,Dallas,USA,4453.48,519,3389924339
CUST004074,Sophia Lewis,customer4074@mail.com,+1-444-791-2898,Chicago,USA,15522.18,651,5529072256
CUST004075,David Lewis,customer4075@mail.com,+1-444-614-4772,Dallas,USA,32361.32,734,4495094855
CUST004076,Sophia Clark,customer4076@mail.com,+1-444-439-3662,Chicago,USA,43890.49,415,8425339423
CUST004077,Michael Walker,customer4077@mail.com,+1-444-629-8820,New York,USA,20323.16,392,9816277320
CUST004078,Ava Lewis,customer4078@mail.com,+1-444-856-5670,Phoenix,USA,38223.65,338,4918417257
CUST004079,John Johnson,customer4079@mail.com,+1-444-594-5122,Chicago,USA,20672.31,810,7495060808
CUST004080,Olivia Hall,customer4080@mail.com,+1-444-362-7650,Phoenix,USA,19722.86,412,3174334536
CUST004081,John Smith,customer4081@mail.com,+1-444-401-6270,Chicago,USA,7771.05,527,9505858214
CUST004082,Michael Hall,customer4082@mail.com,+1-444-414-9991,New York,USA,33481.45,579,2099248811
CUST004083,Daniel Wilson,customer4083@mail.com,+1-444-676-2853,New York,USA,9130.19,842,3706315464
CUST004084,Emma Hall,customer4084@mail.com,+1-444-288-2996,New York,USA,8566.88,585,2274184300
CUST004085,Olivia Davis,customer4085@mail.com,+1-444-287-7366,Chicago,USA,10138.79,773,7261084969
CUST004086,David Hall,customer4086@mail.com,+1-444-694-6852,Chicago,USA,28644.5,685,4231447979
CUST004087,Emma Taylor,customer4087@mail.com,+1-444-725-8783,Chicago,USA,9167.12,626,4531285208
CUST004088,John Lewis,customer4088@mail.com,+1-444-138-8203,Chicago,USA,4738.93,806,3356032114
CUST004089,Sarah Hall,customer4089@mail.com,+1-444-369-1154,Dallas,USA,24541.04,773,5279623557
CUST004090,David Johnson,customer4090@mail.com,+1-444-324-5648,Phoenix,USA,40601.67,818,2932488738
CUST004091,John Brown,customer4091@mail.com,+1-444-433-8131,New York,USA,8430.17,662,7907304545
CUST004092,John Smith,customer4092@mail.com,+1-444-550-7107,Dallas,USA,12684.23,426,6101798845
CUST004093,James Clark,customer4093@mail.com,+1-444-227-6066,New York,USA,11902.31,658,1910602882
CUST004094,Emma Walker,customer4094@mail.com,+1-444-202-3603,New York,USA,10241.0,804,9329472719
CUST004095,Sarah Johnson,customer4095@mail.com,+1-444-342-8457,Phoenix,USA,12432.74,797,8031317364
CUST004096,Olivia Johnson,customer4096@mail.com,+1-444-338-6613,Dallas,USA,37032.87,712,3101959485
CUST004097,Ava Walker,customer4097@mail.com,+1-444-682-7922,Phoenix,USA,13895.23,788,6053096350
CUST004098,John Clark,customer4098@mail.com,+1-444-501-9731,Dallas,USA,42212.87,657,9596537429
CUST004099,James Smith,customer4099@mail.com,+1-444-840-7866,Phoenix,USA,38376.11,377,4938312456
CUST004100,James Walker,customer4100@mail.com,+1-444-769-1589,New York,USA,20315.44,817,2093961572
CUST004101,Michael Walker,customer4101@mail.com,+1-444-289-7870,Chicago,USA,26086.03,701,1042941870
CUST004102,David Davis,customer4102@mail.com,+1-444-434-5818,New York,USA,597.54,382,4407216632
CUST004103,Sarah Davis,customer4103@mail.com,+1-444-117-8061,New York,USA,2963.62,615,8005270512
CUST004104,John Wilson,customer4104@mail.com,+1-444-577-9007,New York,USA,36687.71,702,2422669329
CUST004105,John Smith,customer4105@mail.com,+1-444-387-8799,New York,USA,34987.47,536,5386705408
CUST004106,John Johnson,customer4106@mail.com,+1-444-444-3687,Chicago,USA,29720.64,676,1373101397
CUST004107,Sophia Lewis,customer4107@mail.com,+1-444-271-6849,New York,USA,10608.85,724,7679753014
CUST004108,Olivia Davis,customer4108@mail.com,+1-444-189-5103,Chicago,USA,8235.21,639,9052761935
CUST004109,John Smith,customer4109@mail.com,+1-444-863-4457,Dallas,USA,23603.11,310,2921650396
CUST004110,John Brown,customer4110@mail.com,+1-444-316-8608,Dallas,USA,43219.4,331,3827352777
CUST004111,Michael Clark,customer4111@mail.com,+1-444-513-3035,Chicago,USA,24814.6,511,6559763526
CUST004112,Olivia Brown,customer4112@mail.com,+1-444-407-2073,Chicago,USA,46591.13,579,6170794339
CUST004113,Emma Wilson,customer4113@mail.com,+1-444-240-2363,Chicago,USA,35863.19,498,9321771365
CUST004114,James Smith,customer4114@mail.com,+1-444-383-3695,Phoenix,USA,46632.49,400,5636333764
CUST004115,Olivia Hall,customer4115@mail.com,+1-444-537-1476,Dallas,USA,38953.79,711,3621359816
CUST004116,John Lewis,customer4116@mail.com,+1-444-740-9314,Dallas,USA,49450.7,321,6714013983
CUST004117,Olivia Lewis,customer4117@mail.com,+1-444-617-2519,Phoenix,USA,22816.15,402,1539112293
CUST004118,John Clark,customer4118@mail.com,+1-444-301-4646,Dallas,USA,19085.44,803,2840252956
CUST004119,Ava Clark,customer4119@mail.com,+1-444-154-1301,Chicago,USA,42885.11,792,5407894420
CUST004120,David Hall,customer4120@mail.com,+1-444-103-8651,Phoenix,USA,7991.79,599,6110860070
CUST004121,Michael Hall,customer4121@mail.com,+1-444-161-4128,Phoenix,USA,12800.96,768,4092424829
CUST004122,Sophia Davis,customer4122@mail.com,+1-444-991-4727,Chicago,USA,10777.11,451,4779935669
CUST004123,James Lewis,customer4123@mail.com,+1-444-883-8215,New York,USA,46425.03,565,7055382563
CUST004124,Ava Brown,customer4124@mail.com,+1-444-709-2865,New York,USA,15423.58,713,3493343157
CUST004125,Sophia Wilson,customer4125@mail.com,+1-444-774-3549,Dallas,USA,26318.65,303,9664493242
CUST004126,Sophia Clark,customer4126@mail.com,+1-444-225-7877,Dallas,USA,17809.18,493,8403563158
CUST004127,Daniel Lewis,customer4127@mail.com,+1-444-151-2774,Chicago,USA,48181.18,627,3006565415
CUST004128,Michael Clark,customer4128@mail.com,+1-444-880-1618,Chicago,USA,17375.78,645,1221598827
CUST004129,Sarah Hall,customer4129@mail.com,+1-444-464-6775,Dallas,USA,30865.66,674,3548210651
CUST004130,James Taylor,customer4130@mail.com,+1-444-984-7663,Phoenix,USA,36355.27,762,4214248525
CUST004131,Ava Davis,customer4131@mail.com,+1-444-480-3650,Dallas,USA,6927.4,625,4832997234
CUST004132,Olivia Hall,customer4132@mail.com,+1-444-234-3645,Chicago,USA,35857.28,369,9645637871
CUST004133,Ava Walker,customer4133@mail.com,+1-444-523-4614,Dallas,USA,45914.4,639,9494651903
CUST004134,Olivia Brown,customer4134@mail.com,+1-444-598-8865,New York,USA,44234.44,797,7785681868
CUST004135,Michael Clark,customer4135@mail.com,+1-444-571-8206,Chicago,USA,19065.93,316,5186048628
CUST004136,Sophia Brown,customer4136@mail.com,+1-444-118-4916,New York,USA,3727.28,349,2898530590
CUST004137,Sophia Johnson,customer4137@mail.com,+1-444-910-6362,New York,USA,43541.54,789,3629278568
CUST004138,Michael Smith,customer4138@mail.com,+1-444-134-8924,New York,USA,28048.04,349,2075270328
CUST004139,James Smith,customer4139@mail.com,+1-444-760-6126,Chicago,USA,39447.5,426,4684696815
CUST004140,James Johnson,customer4140@mail.com,+1-444-328-2206,Chicago,USA,6532.48,751,7398925029
CUST004141,James Brown,customer4141@mail.com,+1-444-262-9244,Phoenix,USA,5144.07,330,6236748492
CUST004142,Emma Johnson,customer4142@mail.com,+1-444-465-1310,Phoenix,USA,34938.16,532,7466126585
CUST004143,James Clark,customer4143@mail.com,+1-444-602-3309,Dallas,USA,9925.82,648,5637984543
CUST004144,Emma Walker,customer4144@mail.com,+1-444-478-4255,Chicago,USA,45450.17,410,7523858314
CUST004145,Olivia Walker,customer4145@mail.com,+1-444-116-1667,Dallas,USA,11858.77,573,8817281390
CUST004146,David Hall,customer4146@mail.com,+1-444-515-4002,Dallas,USA,1846.02,765,6973824762
CUST004147,Sophia Lewis,customer4147@mail.com,+1-444-763-7509,Dallas,USA,16116.23,428,5878072338
CUST004148,Sarah Hall,customer4148@mail.com,+1-444-940-9625,New York,USA,9613.22,662,3423763091
CUST004149,Sarah Lewis,customer4149@mail.com,+1-444-614-4430,Phoenix,USA,15741.26,681,8920362338
CUST004150,Sophia Brown,customer4150@mail.com,+1-444-206-8466,Dallas,USA,6089.02,465,7541722696
CUST004151,David Wilson,customer4151@mail.com,+1-444-623-5746,Phoenix,USA,30657.88,315,6497277042
CUST004152,Sarah Brown,customer4152@mail.com,+1-444-290-3517,Dallas,USA,5238.09,455,6602461567
CUST004153,James Hall,customer4153@mail.com,+1-444-560-9024,Dallas,USA,22909.64,428,7715508813
CUST004154,Sarah Walker,customer4154@mail.com,+1-444-381-3366,Dallas,USA,31554.97,486,8126341614
CUST004155,Ava Johnson,customer4155@mail.com,+1-444-965-9434,Chicago,USA,9737.24,398,1545670946
CUST004156,Sarah Johnson,customer4156@mail.com,+1-444-549-4066,Phoenix,USA,27679.21,617,3408847948
CUST004157,Sophia Smith,customer4157@mail.com,+1-444-528-3527,Phoenix,USA,41795.99,737,3265025965
CUST004158,James Hall,customer4158@mail.com,+1-444-409-3688,New York,USA,25715.68,369,6891847935
CUST004159,Olivia Taylor,customer4159@mail.com,+1-444-170-2850,New York,USA,37550.17,308,7619311599
CUST004160,Michael Hall,customer4160@mail.com,+1-444-314-1050,Dallas,USA,44492.29,732,5634549985
CUST004161,Sophia Walker,customer4161@mail.com,+1-444-382-3666,Dallas,USA,36538.61,454,7027659273
CUST004162,Olivia Taylor,customer4162@mail.com,+1-444-588-9520,Chicago,USA,19578.85,532,1901680409
CUST004163,Daniel Clark,customer4163@mail.com,+1-444-687-1539,Phoenix,USA,11137.96,445,1790685811
CUST004164,Michael Davis,customer4164@mail.com,+1-444-872-6719,New York,USA,10949.47,379,8518122827
CUST004165,James Hall,customer4165@mail.com,+1-444-453-4880,Phoenix,USA,22320.28,768,4519635188
CUST004166,Daniel Taylor,customer4166@mail.com,+1-444-297-4977,Dallas,USA,14681.51,322,4135687384
CUST004167,Sophia Lewis,customer4167@mail.com,+1-444-340-3307,Phoenix,USA,34836.9,633,3429897745
CUST004168,Daniel Hall,customer4168@mail.com,+1-444-540-4194,Phoenix,USA,45982.65,536,1885952422
CUST004169,James Hall,customer4169@mail.com,+1-444-767-7996,Chicago,USA,23673.16,681,1612569868
CUST004170,John Lewis,customer4170@mail.com,+1-444-857-4048,Phoenix,USA,4956.86,827,3380081446
CUST004171,Michael Johnson,customer4171@mail.com,+1-444-189-5400,Phoenix,USA,1963.81,479,1132731773
CUST004172,David Clark,customer4172@mail.com,+1-444-614-4505,Phoenix,USA,36582.26,506,5791175629
CUST004173,Daniel Lewis,customer4173@mail.com,+1-444-322-8084,New York,USA,7562.26,734,9778597021
CUST004174,Ava Wilson,customer4174@mail.com,+1-444-791-1076,Chicago,USA,17984.89,511,7816923133
CUST004175,Ava Smith,customer4175@mail.com,+1-444-534-7753,Dallas,USA,25995.35,434,9806438196
CUST004176,David Hall,customer4176@mail.com,+1-444-526-7942,Chicago,USA,48287.34,735,6882226502
CUST004177,Olivia Lewis,customer4177@mail.com,+1-444-862-7457,Phoenix,USA,6710.96,751,3741993317
CUST004178,Sarah Clark,customer4178@mail.com,+1-444-493-4836,Dallas,USA,42651.03,489,6700867412
CUST004179,Sarah Johnson,customer4179@mail.com,+1-444-396-4265,New York,USA,25185.56,558,4642525248
CUST004180,Daniel Taylor,customer4180@mail.com,+1-444-138-7041,Phoenix,USA,26907.41,497,2618027175
CUST004181,David Clark,customer4181@mail.com,+1-444-558-7738,New York,USA,45302.02,643,2784437938
CUST004182,Emma Hall,customer4182@mail.com,+1-444-280-8666,Chicago,USA,41752.63,580,6545422269
CUST004183,Ava Walker,customer4183@mail.com,+1-444-611-7724,New York,USA,1816.62,592,6277628630
CUST004184,Daniel Clark,customer4184@mail.com,+1-444-277-8211,New York,USA,49965.85,641,1821408170
CUST004185,Sarah Lewis,customer4185@mail.com,+1-444-394-9750,Phoenix,USA,32485.87,428,9928444164
CUST004186,Emma Wilson,customer4186@mail.com,+1-444-549-6815,Dallas,USA,17413.55,516,8683097716
CUST004187,David Hall,customer4187@mail.com,+1-444-178-4943,New York,USA,13179.14,370,1632959354
CUST004188,Sophia Hall,customer4188@mail.com,+1-444-598-5033,Chicago,USA,48704.24,438,3940160386
CUST004189,Sarah Wilson,customer4189@mail.com,+1-444-390-6936,Chicago,USA,6431.33,702,8178821225
CUST004190,Olivia Clark,customer4190@mail.com,+1-444-754-9913,New York,USA,42904.96,809,1018056669
CUST004191,John Walker,customer4191@mail.com,+1-444-196-2958,Chicago,USA,14507.49,440,2332584235
CUST004192,Emma Brown,customer4192@mail.com,+1-444-936-2001,Chicago,USA,21898.88,845,5289395003
CUST004193,Sarah Brown,customer4193@mail.com,+1-444-615-7837,Dallas,USA,26725.45,513,7677108384
CUST004194,Olivia Hall,customer4194@mail.com,+1-444-874-7638,Chicago,USA,7182.12,493,8239791149
CUST004195,Michael Johnson,customer4195@mail.com,+1-444-738-6407,Dallas,USA,11684.71,804,8745856774
CUST004196,Daniel Hall,customer4196@mail.com,+1-444-348-8525,New York,USA,32965.41,723,1986388369
CUST004197,Ava Brown,customer4197@mail.com,+1-444-217-3081,Phoenix,USA,1140.12,492,3325518213
CUST004198,Emma Clark,customer4198@mail.com,+1-444-229-5067,Phoenix,USA,25183.87,805,3464926829
CUST004199,David Walker,customer4199@mail.com,+1-444-976-9236,Phoenix,USA,42389.53,821,2980552147
CUST004200,Emma Lewis,customer4200@mail.com,+1-444-210-5490,New York,USA,36497.11,405,9851060329
CUST004201,Michael Smith,customer4201@mail.com,+1-444-296-6916,New York,USA,31754.31,694,7767083729
CUST004202,Sophia Walker,customer4202@mail.com,+1-444-884-3070,Dallas,USA,11835.35,515,1685378269
CUST004203,Olivia Brown,customer4203@mail.com,+1-444-807-1134,New York,USA,39469.06,691,5571191151
CUST004204,David Taylor,customer4204@mail.com,+1-444-677-8763,Chicago,USA,2531.12,747,3236035639
CUST004205,Ava Taylor,customer4205@mail.com,+1-444-308-1159,Dallas,USA,38852.66,626,2021224323
CUST004206,David Hall,customer4206@mail.com,+1-444-310-2956,New York,USA,9554.13,548,5433649498
CUST004207,Ava Wilson,customer4207@mail.com,+1-444-568-5538,New York,USA,2959.71,710,9808271353
CUST004208,John Brown,customer4208@mail.com,+1-444-218-9344,Phoenix,USA,31932.62,431,8309131794
CUST004209,Michael Smith,customer4209@mail.com,+1-444-175-5669,New York,USA,6526.73,609,7175670879
CUST004210,John Johnson,customer4210@mail.com,+1-444-663-6910,New York,USA,29233.48,350,3876191184
CUST004211,Daniel Clark,customer4211@mail.com,+1-444-990-2479,New York,USA,30515.94,821,9253942817
CUST004212,Emma Davis,customer4212@mail.com,+1-444-903-1062,New York,USA,47965.53,801,6453041705
CUST004213,John Lewis,customer4213@mail.com,+1-444-765-6029,New York,USA,27030.4,460,7805924157
CUST004214,John Walker,customer4214@mail.com,+1-444-368-8358,Chicago,USA,32747.73,474,8173357830
CUST004215,Michael Davis,customer4215@mail.com,+1-444-404-4226,New York,USA,46642.55,600,2900469685
CUST004216,John Clark,customer4216@mail.com,+1-444-115-7949,Dallas,USA,36188.07,558,9740598255
CUST004217,Sarah Taylor,customer4217@mail.com,+1-444-438-8586,New York,USA,14182.26,455,4578663479
CUST004218,Daniel Brown,customer4218@mail.com,+1-444-872-7960,New York,USA,39161.07,480,6521402530
CUST004219,Sophia Taylor,customer4219@mail.com,+1-444-200-9567,Dallas,USA,35047.18,609,4965055339
CUST004220,Daniel Smith,customer4220@mail.com,+1-444-412-2883,Phoenix,USA,24720.91,830,2409775063
CUST004221,Michael Taylor,customer4221@mail.com,+1-444-688-2915,Phoenix,USA,36725.98,557,3311856306
CUST004222,Ava Davis,customer4222@mail.com,+1-444-339-5337,New York,USA,30064.85,590,2653756781
CUST004223,Sophia Hall,customer4223@mail.com,+1-444-949-2263,Dallas,USA,44107.72,477,8564929423
CUST004224,James Clark,customer4224@mail.com,+1-444-543-8676,Phoenix,USA,25174.48,613,6622816060
CUST004225,Emma Lewis,customer4225@mail.com,+1-444-299-3377,New York,USA,8745.92,513,4349277551
CUST004226,Sophia Johnson,customer4226@mail.com,+1-444-205-6517,Phoenix,USA,22852.98,384,2771303592
CUST004227,Michael Clark,customer4227@mail.com,+1-444-838-9029,New York,USA,45835.35,525,4168055009
CUST004228,James Johnson,customer4228@mail.com,+1-444-215-1464,New York,USA,23546.01,383,5140033434
CUST004229,Sarah Hall,customer4229@mail.com,+1-444-893-1368,Dallas,USA,29069.5,474,5421844236
CUST004230,Ava Wilson,customer4230@mail.com,+1-444-355-9199,Dallas,USA,24544.81,707,7225341225
CUST004231,John Brown,customer4231@mail.com,+1-444-315-8530,Dallas,USA,29560.68,806,4541662877
CUST004232,John Smith,customer4232@mail.com,+1-444-191-7564,Phoenix,USA,34276.45,311,1205502745
CUST004233,David Wilson,customer4233@mail.com,+1-444-113-7992,New York,USA,19290.17,493,8496205004
CUST004234,Emma Smith,customer4234@mail.com,+1-444-420-8610,Chicago,USA,39667.98,486,6837148221
CUST004235,Daniel Davis,customer4235@mail.com,+1-444-807-8119,Dallas,USA,30630.92,801,6476042514
CUST004236,Ava Davis,customer4236@mail.com,+1-444-888-5558,Phoenix,USA,6974.5,676,4134988245
CUST004237,Sarah Smith,customer4237@mail.com,+1-444-582-1221,Dallas,USA,39952.33,705,5498009163
CUST004238,Ava Johnson,customer4238@mail.com,+1-444-530-9026,Phoenix,USA,17045.07,382,9903029201
CUST004239,Michael Brown,customer4239@mail.com,+1-444-570-8581,Phoenix,USA,8520.14,568,7503632727
CUST004240,David Lewis,customer4240@mail.com,+1-444-459-9116,New York,USA,44508.86,493,1740708883
CUST004241,Emma Johnson,customer4241@mail.com,+1-444-310-6223,Chicago,USA,1528.57,833,9158756727
CUST004242,Ava Brown,customer4242@mail.com,+1-444-705-2221,New York,USA,13703.55,765,3288905875
CUST004243,Ava Johnson,customer4243@mail.com,+1-444-567-3861,Phoenix,USA,8840.11,376,3992239075
CUST004244,Michael Walker,customer4244@mail.com,+1-444-834-6161,Chicago,USA,5975.52,476,8323310930
CUST004245,Sarah Walker,customer4245@mail.com,+1-444-626-8082,Phoenix,USA,39212.41,779,2871853912
CUST004246,John Walker,customer4246@mail.com,+1-444-824-2984,Dallas,USA,39301.89,478,3176665461
CUST004247,Ava Taylor,customer4247@mail.com,+1-444-293-3771,New York,USA,1901.42,418,1069601474
CUST004248,Daniel Hall,customer4248@mail.com,+1-444-834-7746,Dallas,USA,46300.0,565,1952101499
CUST004249,Olivia Lewis,customer4249@mail.com,+1-444-795-9999,Dallas,USA,15389.46,416,2021470182
CUST004250,James Smith,customer4250@mail.com,+1-444-274-7832,Dallas,USA,31937.48,743,7197456669
CUST004251,Daniel Lewis,customer4251@mail.com,+1-444-118-6354,Phoenix,USA,12723.58,321,9089925943
CUST004252,John Hall,customer4252@mail.com,+1-444-935-5688,New York,USA,39009.33,725,7840832989
CUST004253,Ava Clark,customer4253@mail.com,+1-444-574-9125,Chicago,USA,20936.16,652,1773465347
CUST004254,Olivia Walker,customer4254@mail.com,+1-444-490-4194,Chicago,USA,22495.97,771,4579598177
CUST004255,Emma Walker,customer4255@mail.com,+1-444-880-2215,Phoenix,USA,16063.93,765,1436062850
CUST004256,James Johnson,customer4256@mail.com,+1-444-435-4105,Chicago,USA,33173.28,369,3650376972
CUST004257,Ava Wilson,customer4257@mail.com,+1-444-223-6587,Chicago,USA,10798.16,542,8907698250
CUST004258,Sarah Lewis,customer4258@mail.com,+1-444-482-8551,Dallas,USA,19561.93,354,6971348203
CUST004259,John Wilson,customer4259@mail.com,+1-444-183-5524,Dallas,USA,6435.86,846,6214022877
CUST004260,James Clark,customer4260@mail.com,+1-444-780-6266,Dallas,USA,20421.52,814,8212716095
CUST004261,Daniel Lewis,customer4261@mail.com,+1-444-828-8287,New York,USA,46527.27,320,4106036593
CUST004262,Ava Taylor,customer4262@mail.com,+1-444-855-2768,New York,USA,9223.67,797,4290956465
CUST004263,David Clark,customer4263@mail.com,+1-444-318-3916,Dallas,USA,12822.6,760,6170506709
CUST004264,James Brown,customer4264@mail.com,+1-444-240-9586,Phoenix,USA,29711.67,644,3298891088
CUST004265,Emma Hall,customer4265@mail.com,+1-444-522-3969,Chicago,USA,14100.89,784,4529714788
CUST004266,David Taylor,customer4266@mail.com,+1-444-897-8933,Dallas,USA,25405.08,702,7891005394
CUST004267,Ava Brown,customer4267@mail.com,+1-444-439-8543,Dallas,USA,7581.58,565,4980667946
CUST004268,Sarah Davis,customer4268@mail.com,+1-444-373-8272,New York,USA,39678.79,804,3590368672
CUST004269,Olivia Johnson,customer4269@mail.com,+1-444-928-2101,New York,USA,9468.86,609,1691848784
CUST004270,Ava Taylor,customer4270@mail.com,+1-444-519-5247,Dallas,USA,348.71,542,3442494663
CUST004271,Olivia Brown,customer4271@mail.com,+1-444-434-5429,Chicago,USA,37517.39,429,8198721453
CUST004272,David Clark,customer4272@mail.com,+1-444-176-2308,Phoenix,USA,698.82,408,3119994113
CUST004273,David Smith,customer4273@mail.com,+1-444-114-6193,New York,USA,48901.27,302,5274462967
CUST004274,Daniel Davis,customer4274@mail.com,+1-444-348-2721,Chicago,USA,44953.91,840,9157952672
CUST004275,Michael Lewis,customer4275@mail.com,+1-444-246-3104,New York,USA,33390.53,582,4544083600
CUST004276,John Clark,customer4276@mail.com,+1-444-416-5537,Dallas,USA,19652.42,832,5112860444
CUST004277,Daniel Hall,customer4277@mail.com,+1-444-163-4823,New York,USA,34339.47,727,3337739618
CUST004278,Sarah Clark,customer4278@mail.com,+1-444-223-9133,Chicago,USA,6827.12,711,2977255795
CUST004279,Olivia Hall,customer4279@mail.com,+1-444-918-4510,Chicago,USA,2360.52,419,9024876277
CUST004280,Ava Lewis,customer4280@mail.com,+1-444-150-7824,New York,USA,38076.23,378,3518070700
CUST004281,Olivia Johnson,customer4281@mail.com,+1-444-620-6923,Phoenix,USA,29021.81,661,5702240510
CUST004282,Daniel Walker,customer4282@mail.com,+1-444-113-6962,Chicago,USA,6616.04,618,1014979512
CUST004283,Michael Wilson,customer4283@mail.com,+1-444-270-4007,Dallas,USA,18185.16,604,6878976670
CUST004284,Michael Davis,customer4284@mail.com,+1-444-440-5402,New York,USA,6647.68,389,5186364590
CUST004285,Michael Walker,customer4285@mail.com,+1-444-666-7477,Phoenix,USA,8725.37,388,1909036868
CUST004286,Sophia Lewis,customer4286@mail.com,+1-444-725-8290,Dallas,USA,10386.33,447,3976037284
CUST004287,Olivia Wilson,customer4287@mail.com,+1-444-440-5371,Chicago,USA,43200.03,603,2681628599
CUST004288,David Hall,customer4288@mail.com,+1-444-172-6133,Dallas,USA,6405.14,811,2382749281
CUST004289,Daniel Davis,customer4289@mail.com,+1-444-222-2635,Chicago,USA,44185.74,596,1807377514
CUST004290,David Taylor,customer4290@mail.com,+1-444-239-9769,New York,USA,49360.55,554,9157019192
CUST004291,David Hall,customer4291@mail.com,+1-444-106-1911,Chicago,USA,4043.07,684,6571850123
CUST004292,David Taylor,customer4292@mail.com,+1-444-944-9291,Dallas,USA,43405.06,304,7928211621
CUST004293,Olivia Walker,customer4293@mail.com,+1-444-529-3111,Dallas,USA,49978.34,341,5819356951
CUST004294,Emma Hall,customer4294@mail.com,+1-444-825-5971,Chicago,USA,34607.0,767,2085146160
CUST004295,Michael Davis,customer4295@mail.com,+1-444-708-8412,Phoenix,USA,45577.57,313,9499335488
CUST004296,Sarah Taylor,customer4296@mail.com,+1-444-669-8685,Phoenix,USA,11970.37,683,4339555543
CUST004297,Sophia Taylor,customer4297@mail.com,+1-444-495-2888,Chicago,USA,17107.62,505,6252303565
CUST004298,Ava Hall,customer4298@mail.com,+1-444-943-9061,Phoenix,USA,44249.01,667,3474127594
CUST004299,Sarah Walker,customer4299@mail.com,+1-444-247-5211,Phoenix,USA,46673.2,595,5209746322
CUST004300,Ava Smith,customer4300@mail.com,+1-444-103-6142,Phoenix,USA,45825.55,729,8231868803
CUST004301,David Hall,customer4301@mail.com,+1-444-325-7540,Dallas,USA,3683.34,713,6348110057
CUST004302,Daniel Lewis,customer4302@mail.com,+1-444-154-3893,Dallas,USA,21151.54,552,8566979153
CUST004303,Sarah Davis,customer4303@mail.com,+1-444-856-6736,Phoenix,USA,22029.41,454,2563125018
CUST004304,Michael Lewis,customer4304@mail.com,+1-444-408-7086,Dallas,USA,38062.91,397,9248756298
CUST004305,Daniel Davis,customer4305@mail.com,+1-444-865-1035,New York,USA,36210.8,314,8486463751
CUST004306,Daniel Taylor,customer4306@mail.com,+1-444-904-8383,Phoenix,USA,29140.26,382,2859826798
CUST004307,Olivia Taylor,customer4307@mail.com,+1-444-463-2673,Chicago,USA,27815.69,520,9367725797
CUST004308,Michael Wilson,customer4308@mail.com,+1-444-617-8961,Phoenix,USA,19940.34,724,7915524635
CUST004309,Michael Smith,customer4309@mail.com,+1-444-339-9280,Phoenix,USA,28674.44,772,4495884528
CUST004310,Sophia Lewis,customer4310@mail.com,+1-444-765-7990,Phoenix,USA,24315.75,327,4366626449
CUST004311,Michael Hall,customer4311@mail.com,+1-444-338-8660,Phoenix,USA,43690.53,359,6319144979
CUST004312,James Walker,customer4312@mail.com,+1-444-867-6175,Phoenix,USA,44784.35,433,4651753713
CUST004313,David Davis,customer4313@mail.com,+1-444-582-7006,Chicago,USA,10180.49,432,7254307135
CUST004314,Ava Clark,customer4314@mail.com,+1-444-617-7581,Chicago,USA,31541.69,841,2587168288
CUST004315,Olivia Clark,customer4315@mail.com,+1-444-856-5023,Dallas,USA,4418.64,755,7048399402
CUST004316,Daniel Wilson,customer4316@mail.com,+1-444-471-6951,Phoenix,USA,36554.44,797,6889508354
CUST004317,Michael Lewis,customer4317@mail.com,+1-444-532-1980,Dallas,USA,15766.39,757,5569799853
CUST004318,James Smith,customer4318@mail.com,+1-444-173-4823,New York,USA,43808.37,726,7361308296
CUST004319,John Walker,customer4319@mail.com,+1-444-564-2692,Chicago,USA,31567.94,533,6560343108
CUST004320,Daniel Davis,customer4320@mail.com,+1-444-623-6523,Phoenix,USA,4093.71,488,3411718874
CUST004321,Daniel Johnson,customer4321@mail.com,+1-444-658-6744,Chicago,USA,22369.78,388,2092049318
CUST004322,Sarah Lewis,customer4322@mail.com,+1-444-103-6983,Dallas,USA,47236.45,423,7680108419
CUST004323,James Brown,customer4323@mail.com,+1-444-277-9452,Phoenix,USA,24235.21,591,1127428160
CUST004324,Ava Johnson,customer4324@mail.com,+1-444-971-7785,Chicago,USA,32395.43,535,5306717551
CUST004325,David Lewis,customer4325@mail.com,+1-444-173-5417,New York,USA,29702.58,600,8804746114
CUST004326,Daniel Hall,customer4326@mail.com,+1-444-136-3695,Phoenix,USA,46867.21,472,6308682086
CUST004327,Emma Brown,customer4327@mail.com,+1-444-715-9010,Phoenix,USA,7555.65,354,9595374129
CUST004328,Emma Davis,customer4328@mail.com,+1-444-991-1926,Chicago,USA,27839.58,817,8924009855
CUST004329,Michael Walker,customer4329@mail.com,+1-444-254-3357,Phoenix,USA,22785.49,525,7598710934
CUST004330,James Johnson,customer4330@mail.com,+1-444-806-4744,Chicago,USA,3109.69,404,7989262636
CUST004331,Sophia Davis,customer4331@mail.com,+1-444-580-5087,New York,USA,45817.21,700,7407871796
CUST004332,Ava Johnson,customer4332@mail.com,+1-444-733-1108,Dallas,USA,13269.56,489,9189396730
CUST004333,Emma Hall,customer4333@mail.com,+1-444-954-4708,Dallas,USA,37576.22,755,1251041907
CUST004334,Sophia Smith,customer4334@mail.com,+1-444-558-9600,Dallas,USA,22320.5,352,8686248246
CUST004335,Olivia Brown,customer4335@mail.com,+1-444-326-7303,Phoenix,USA,6395.05,389,8868886784
CUST004336,James Walker,customer4336@mail.com,+1-444-353-4585,New York,USA,47406.7,742,8618528255
CUST004337,Sophia Clark,customer4337@mail.com,+1-444-440-5337,Phoenix,USA,13629.26,836,8003799655
CUST004338,Sophia Clark,customer4338@mail.com,+1-444-949-7905,Phoenix,USA,48339.82,499,9581279113
CUST004339,John Smith,customer4339@mail.com,+1-444-254-8238,Phoenix,USA,28957.3,790,5104496212
CUST004340,James Wilson,customer4340@mail.com,+1-444-195-1203,Phoenix,USA,46565.01,486,8347433751
CUST004341,Sophia Hall,customer4341@mail.com,+1-444-638-9772,Dallas,USA,29262.2,428,8881784814
CUST004342,Daniel Hall,customer4342@mail.com,+1-444-261-3553,New York,USA,24572.82,795,9138024285
CUST004343,David Davis,customer4343@mail.com,+1-444-795-2393,Dallas,USA,10360.51,352,9088259892
CUST004344,Daniel Brown,customer4344@mail.com,+1-444-207-1417,New York,USA,5488.89,794,9646198941
CUST004345,John Wilson,customer4345@mail.com,+1-444-356-5981,New York,USA,21071.84,461,9253424250
CUST004346,John Walker,customer4346@mail.com,+1-444-895-6000,Chicago,USA,23029.1,516,8886800306
CUST004347,David Taylor,customer4347@mail.com,+1-444-822-4934,New York,USA,5922.59,343,6097472279
CUST004348,Emma Wilson,customer4348@mail.com,+1-444-146-2578,Dallas,USA,35446.52,743,1413959938
CUST004349,John Wilson,customer4349@mail.com,+1-444-387-5122,New York,USA,34942.64,389,9910084081
CUST004350,Olivia Clark,customer4350@mail.com,+1-444-749-6761,Dallas,USA,42448.62,349,2472511653
CUST004351,Michael Walker,customer4351@mail.com,+1-444-473-7070,Phoenix,USA,1000.4,335,6369950193
CUST004352,Sophia Hall,customer4352@mail.com,+1-444-651-5878,Dallas,USA,39710.08,751,3757673775
CUST004353,David Brown,customer4353@mail.com,+1-444-833-4441,New York,USA,39895.25,831,6778752591
CUST004354,Michael Walker,customer4354@mail.com,+1-444-478-8679,Phoenix,USA,26354.99,432,1702667323
CUST004355,Sarah Walker,customer4355@mail.com,+1-444-731-7802,Phoenix,USA,36007.63,657,4874407463
CUST004356,Daniel Wilson,customer4356@mail.com,+1-444-192-4786,New York,USA,33230.27,792,6411829719
CUST004357,James Davis,customer4357@mail.com,+1-444-670-2631,Chicago,USA,47488.61,744,9366034085
CUST004358,Michael Smith,customer4358@mail.com,+1-444-252-6690,New York,USA,36524.31,625,3341716313
CUST004359,Daniel Brown,customer4359@mail.com,+1-444-423-8808,Phoenix,USA,13119.52,522,2660976170
CUST004360,Daniel Johnson,customer4360@mail.com,+1-444-617-2879,New York,USA,18247.69,632,4985989307
CUST004361,Daniel Brown,customer4361@mail.com,+1-444-911-3078,New York,USA,25408.72,716,3844730938
CUST004362,John Walker,customer4362@mail.com,+1-444-625-7747,Dallas,USA,15676.79,310,4726260421
CUST004363,Sarah Brown,customer4363@mail.com,+1-444-879-5091,Dallas,USA,32407.95,559,2029934563
CUST004364,Sarah Lewis,customer4364@mail.com,+1-444-231-2783,Chicago,USA,33188.65,587,9851957948
CUST004365,John Taylor,customer4365@mail.com,+1-444-115-5154,Phoenix,USA,31099.12,522,3107754513
CUST004366,John Lewis,customer4366@mail.com,+1-444-436-6009,Dallas,USA,28961.85,526,7268959689
CUST004367,James Wilson,customer4367@mail.com,+1-444-498-9016,New York,USA,46219.75,541,3625853099
CUST004368,Emma Wilson,customer4368@mail.com,+1-444-397-6324,New York,USA,45091.07,402,6873929139
CUST004369,Sarah Clark,customer4369@mail.com,+1-444-334-8179,Chicago,USA,20669.16,501,9856842020
CUST004370,Sophia Hall,customer4370@mail.com,+1-444-381-4393,New York,USA,26002.68,599,8285860020
CUST004371,John Clark,customer4371@mail.com,+1-444-272-4830,New York,USA,46001.48,383,7817839506
CUST004372,Daniel Hall,customer4372@mail.com,+1-444-221-2683,Chicago,USA,44658.03,727,8859516396
CUST004373,Sarah Davis,customer4373@mail.com,+1-444-676-2255,Dallas,USA,3926.68,474,8162546715
CUST004374,Sophia Clark,customer4374@mail.com,+1-444-283-9131,New York,USA,11707.27,777,8835391821
CUST004375,David Davis,customer4375@mail.com,+1-444-867-5877,New York,USA,8873.97,444,3848568832
CUST004376,John Brown,customer4376@mail.com,+1-444-490-5901,Chicago,USA,11735.94,575,5102116287
CUST004377,Sarah Taylor,customer4377@mail.com,+1-444-174-4109,Phoenix,USA,48808.03,409,6063149217
CUST004378,Olivia Lewis,customer4378@mail.com,+1-444-412-8273,Dallas,USA,18899.72,844,9293030589
CUST004379,John Smith,customer4379@mail.com,+1-444-508-5308,Phoenix,USA,34286.5,737,8988220672
CUST004380,Michael Lewis,customer4380@mail.com,+1-444-424-6166,Dallas,USA,11427.6,793,5388657434
CUST004381,David Taylor,customer4381@mail.com,+1-444-567-6536,Phoenix,USA,46644.71,786,8383314084
CUST004382,Emma Johnson,customer4382@mail.com,+1-444-360-2288,Dallas,USA,20023.99,773,7771897069
CUST004383,Sophia Walker,customer4383@mail.com,+1-444-632-1892,New York,USA,25613.91,688,9672283224
CUST004384,Sarah Wilson,customer4384@mail.com,+1-444-953-1963,Phoenix,USA,44164.86,440,2615121103
CUST004385,Olivia Clark,customer4385@mail.com,+1-444-282-6157,Dallas,USA,19130.9,392,9702183506
CUST004386,James Wilson,customer4386@mail.com,+1-444-285-7001,New York,USA,6786.63,416,2717132765
CUST004387,John Lewis,customer4387@mail.com,+1-444-537-8063,Chicago,USA,35240.39,451,8413451831
CUST004388,Olivia Smith,customer4388@mail.com,+1-444-120-6912,Phoenix,USA,49300.49,360,5781237156
CUST004389,Michael Smith,customer4389@mail.com,+1-444-773-4217,Dallas,USA,698.37,423,5393235092
CUST004390,John Hall,customer4390@mail.com,+1-444-259-8026,New York,USA,40566.46,466,5897459685
CUST004391,Emma Brown,customer4391@mail.com,+1-444-566-5097,Phoenix,USA,12184.59,643,6828325752
CUST004392,Ava Walker,customer4392@mail.com,+1-444-897-6119,Phoenix,USA,33682.34,740,1322421483
CUST004393,Michael Clark,customer4393@mail.com,+1-444-151-6646,New York,USA,21883.52,495,6276444564
CUST004394,James Taylor,customer4394@mail.com,+1-444-402-1768,New York,USA,13964.18,802,2506380048
CUST004395,John Clark,customer4395@mail.com,+1-444-582-4834,Dallas,USA,202.38,415,5309988647
CUST004396,James Davis,customer4396@mail.com,+1-444-813-5298,Phoenix,USA,14469.29,664,4336591154
CUST004397,James Johnson,customer4397@mail.com,+1-444-747-3335,Chicago,USA,34964.68,385,8741964416
CUST004398,Daniel Walker,customer4398@mail.com,+1-444-190-8893,Chicago,USA,17999.93,664,3972995234
CUST004399,Sarah Clark,customer4399@mail.com,+1-444-379-1004,Chicago,USA,31301.3,588,6024166628
CUST004400,Olivia Lewis,customer4400@mail.com,+1-444-282-9062,New York,USA,40604.87,332,5883748366
CUST004401,Ava Smith,customer4401@mail.com,+1-444-347-7448,New York,USA,29354.34,694,1364487145
CUST004402,Sarah Lewis,customer4402@mail.com,+1-444-166-9241,Chicago,USA,8223.05,600,6319886863
CUST004403,Emma Taylor,customer4403@mail.com,+1-444-963-5954,Phoenix,USA,25430.18,507,6337521971
CUST004404,Olivia Taylor,customer4404@mail.com,+1-444-832-4894,New York,USA,5982.73,759,2154826768
CUST004405,John Johnson,customer4405@mail.com,+1-444-747-1596,New York,USA,27425.14,501,7523882976
CUST004406,David Walker,customer4406@mail.com,+1-444-223-8073,Phoenix,USA,33320.41,490,9600477834
CUST004407,Olivia Clark,customer4407@mail.com,+1-444-294-8230,New York,USA,13313.18,847,6279866852
CUST004408,Sophia Hall,customer4408@mail.com,+1-444-606-6920,Phoenix,USA,36098.27,805,1905276924
CUST004409,Sophia Johnson,customer4409@mail.com,+1-444-964-3505,Dallas,USA,30492.38,558,2168711841
CUST004410,Daniel Clark,customer4410@mail.com,+1-444-676-9003,Chicago,USA,1333.65,660,6731827480
CUST004411,James Hall,customer4411@mail.com,+1-444-850-9193,Chicago,USA,16947.27,322,3184233946
CUST004412,James Hall,customer4412@mail.com,+1-444-160-4024,New York,USA,2314.88,526,1688156198
CUST004413,John Smith,customer4413@mail.com,+1-444-477-7134,Phoenix,USA,33623.16,327,7328605495
CUST004414,Ava Taylor,customer4414@mail.com,+1-444-102-6123,Dallas,USA,17069.56,464,5560200722
CUST004415,Sophia Brown,customer4415@mail.com,+1-444-554-5836,Phoenix,USA,15360.48,458,9531563999
CUST004416,Emma Brown,customer4416@mail.com,+1-444-166-7213,Dallas,USA,32412.44,382,8838686265
CUST004417,Emma Brown,customer4417@mail.com,+1-444-533-4759,Dallas,USA,42875.65,822,4045964390
CUST004418,Sophia Hall,customer4418@mail.com,+1-444-247-4639,Phoenix,USA,8072.18,781,9603382643
CUST004419,Olivia Wilson,customer4419@mail.com,+1-444-249-2434,New York,USA,27199.21,638,2556037576
CUST004420,Ava Wilson,customer4420@mail.com,+1-444-858-7732,New York,USA,29183.6,656,7137535290
CUST004421,Michael Lewis,customer4421@mail.com,+1-444-329-1589,Chicago,USA,42560.3,465,1670790985
CUST004422,David Walker,customer4422@mail.com,+1-444-334-7722,Dallas,USA,23844.65,512,1383808066
CUST004423,Sarah Wilson,customer4423@mail.com,+1-444-919-1922,Dallas,USA,31164.48,397,8991019827
CUST004424,Sarah Johnson,customer4424@mail.com,+1-444-842-6774,Phoenix,USA,13798.14,429,2901897159
CUST004425,John Johnson,customer4425@mail.com,+1-444-298-6039,Dallas,USA,25657.86,685,3646019125
CUST004426,Sarah Hall,customer4426@mail.com,+1-444-202-3349,New York,USA,35012.19,570,5175774347
CUST004427,Sophia Walker,customer4427@mail.com,+1-444-769-6094,Dallas,USA,7096.7,714,1511989372
CUST004428,Olivia Lewis,customer4428@mail.com,+1-444-423-6180,New York,USA,47699.61,637,4360044179
CUST004429,Emma Taylor,customer4429@mail.com,+1-444-343-5721,New York,USA,8757.39,752,7789596891
CUST004430,Daniel Clark,customer4430@mail.com,+1-444-145-7752,Dallas,USA,38314.83,618,5930354623
CUST004431,Sophia Johnson,customer4431@mail.com,+1-444-248-8382,New York,USA,169.99,642,3878430159
CUST004432,Daniel Johnson,customer4432@mail.com,+1-444-600-7416,Dallas,USA,22077.3,468,5522023614
CUST004433,Sarah Lewis,customer4433@mail.com,+1-444-157-8667,Phoenix,USA,34258.57,411,7887574794
CUST004434,Emma Smith,customer4434@mail.com,+1-444-526-8346,Dallas,USA,42778.07,444,1183456386
CUST004435,Ava Clark,customer4435@mail.com,+1-444-186-4384,New York,USA,34430.23,310,3493605583
CUST004436,Sarah Brown,customer4436@mail.com,+1-444-635-2294,New York,USA,26143.2,430,6861167112
CUST004437,Daniel Smith,customer4437@mail.com,+1-444-699-4209,Phoenix,USA,766.81,746,2076879875
CUST004438,Michael Johnson,customer4438@mail.com,+1-444-992-6267,Phoenix,USA,20036.22,401,1744784227
CUST004439,Sophia Walker,customer4439@mail.com,+1-444-986-8216,New York,USA,31561.38,492,1690602230
CUST004440,John Clark,customer4440@mail.com,+1-444-698-1822,Phoenix,USA,2523.71,408,7599283457
CUST004441,Sophia Johnson,customer4441@mail.com,+1-444-530-2068,Chicago,USA,5881.39,507,3482465565
CUST004442,David Johnson,customer4442@mail.com,+1-444-928-7886,Chicago,USA,7291.65,388,4997334746
CUST004443,Olivia Davis,customer4443@mail.com,+1-444-429-2383,Chicago,USA,30070.51,441,9359778017
CUST004444,Sarah Hall,customer4444@mail.com,+1-444-242-1835,Chicago,USA,17998.11,693,6079550091
CUST004445,Michael Taylor,customer4445@mail.com,+1-444-356-2200,Phoenix,USA,4771.88,732,9553134982
CUST004446,Emma Lewis,customer4446@mail.com,+1-444-379-6096,New York,USA,44018.96,555,8974160523
CUST004447,David Johnson,customer4447@mail.com,+1-444-367-5279,New York,USA,8148.44,358,2696078955
CUST004448,Emma Hall,customer4448@mail.com,+1-444-646-5508,Phoenix,USA,37708.23,309,1748101768
CUST004449,Emma Lewis,customer4449@mail.com,+1-444-939-5204,New York,USA,32672.94,838,4455761980
CUST004450,Olivia Johnson,customer4450@mail.com,+1-444-315-6537,Chicago,USA,492.64,426,7803105731
CUST004451,Olivia Wilson,customer4451@mail.com,+1-444-642-1760,New York,USA,5550.1,643,1829387306
CUST004452,Daniel Clark,customer4452@mail.com,+1-444-272-7584,Chicago,USA,15223.24,654,2107817426
CUST004453,Daniel Smith,customer4453@mail.com,+1-444-181-4995,Phoenix,USA,35656.9,333,2426818904
CUST004454,Sarah Hall,customer4454@mail.com,+1-444-855-2483,New York,USA,2519.37,692,3101771179
CUST004455,Sophia Taylor,customer4455@mail.com,+1-444-815-2810,Dallas,USA,26041.39,825,2929132910
CUST004456,Sarah Lewis,customer4456@mail.com,+1-444-338-8392,Phoenix,USA,38932.62,721,2999568784
CUST004457,David Davis,customer4457@mail.com,+1-444-910-6158,Dallas,USA,7372.24,757,8811356283
CUST004458,Ava Wilson,customer4458@mail.com,+1-444-282-2775,New York,USA,10372.0,665,1295580374
CUST004459,James Wilson,customer4459@mail.com,+1-444-441-2202,New York,USA,5974.17,488,4146485424
CUST004460,Sarah Wilson,customer4460@mail.com,+1-444-476-3920,Dallas,USA,12016.38,586,3821041122
CUST004461,Daniel Johnson,customer4461@mail.com,+1-444-865-9826,Chicago,USA,5894.07,386,1636694111
CUST004462,Daniel Walker,customer4462@mail.com,+1-444-393-3519,New York,USA,7912.69,709,5225786036
CUST004463,Olivia Taylor,customer4463@mail.com,+1-444-395-9521,Dallas,USA,33419.63,707,6999562739
CUST004464,Michael Walker,customer4464@mail.com,+1-444-173-7867,New York,USA,49448.69,436,8290507071
CUST004465,Olivia Taylor,customer4465@mail.com,+1-444-454-4859,Chicago,USA,7073.68,713,5994360296
CUST004466,Michael Wilson,customer4466@mail.com,+1-444-249-9281,Chicago,USA,17437.18,746,9944250460
CUST004467,Emma Hall,customer4467@mail.com,+1-444-471-1126,New York,USA,22405.84,705,5722336055
CUST004468,John Brown,customer4468@mail.com,+1-444-996-1115,Dallas,USA,32193.9,539,3300050817
CUST004469,Sarah Johnson,customer4469@mail.com,+1-444-932-1840,Phoenix,USA,36096.36,491,4352821608
CUST004470,Sophia Walker,customer4470@mail.com,+1-444-743-5639,Dallas,USA,30594.71,307,3741704794
CUST004471,David Taylor,customer4471@mail.com,+1-444-267-3871,Chicago,USA,23971.05,383,7100484389
CUST004472,Ava Walker,customer4472@mail.com,+1-444-319-1761,New York,USA,26615.49,374,6897202134
CUST004473,Daniel Brown,customer4473@mail.com,+1-444-778-9333,Phoenix,USA,3182.33,428,8885638949
CUST004474,James Clark,customer4474@mail.com,+1-444-336-5275,New York,USA,34448.64,589,9194203631
CUST004475,Daniel Clark,customer4475@mail.com,+1-444-124-2808,New York,USA,36205.19,833,3390947171
CUST004476,Daniel Walker,customer4476@mail.com,+1-444-664-2978,Dallas,USA,1014.89,432,3460195375
CUST004477,John Clark,customer4477@mail.com,+1-444-453-1721,Phoenix,USA,1660.91,596,6381240510
CUST004478,Emma Lewis,customer4478@mail.com,+1-444-850-7690,Chicago,USA,4492.9,784,9574687614
CUST004479,Sophia Clark,customer4479@mail.com,+1-444-553-6357,Chicago,USA,35087.49,783,2072705348
CUST004480,Daniel Clark,customer4480@mail.com,+1-444-265-6861,Dallas,USA,38280.36,633,2080116893
CUST004481,James Davis,customer4481@mail.com,+1-444-809-6749,Phoenix,USA,46453.96,773,1293329479
CUST004482,Ava Hall,customer4482@mail.com,+1-444-803-9600,Phoenix,USA,17041.4,427,4461194737
CUST004483,Daniel Lewis,customer4483@mail.com,+1-444-682-8944,New York,USA,28983.52,442,6662616460
CUST004484,Sophia Hall,customer4484@mail.com,+1-444-875-8559,Phoenix,USA,3213.74,525,3699569397
CUST004485,Michael Taylor,customer4485@mail.com,+1-444-559-5941,New York,USA,38108.15,725,7856256564
CUST004486,Ava Brown,customer4486@mail.com,+1-444-449-5289,Dallas,USA,38903.21,772,9655319168
CUST004487,Sarah Lewis,customer4487@mail.com,+1-444-130-3559,Chicago,USA,15020.76,438,7903942324
CUST004488,Daniel Hall,customer4488@mail.com,+1-444-587-4867,New York,USA,44287.13,683,8973842710
CUST004489,Michael Walker,customer4489@mail.com,+1-444-475-1092,Dallas,USA,10337.97,610,9388296478
CUST004490,John Clark,customer4490@mail.com,+1-444-312-4427,New York,USA,45868.23,544,3523899219
CUST004491,James Hall,customer4491@mail.com,+1-444-561-2184,Dallas,USA,44929.46,466,2675006947
CUST004492,Sophia Walker,customer4492@mail.com,+1-444-934-1162,Chicago,USA,39858.17,525,5407320095
CUST004493,James Clark,customer4493@mail.com,+1-444-793-5233,Dallas,USA,33018.21,764,8006244391
CUST004494,David Wilson,customer4494@mail.com,+1-444-207-2681,Dallas,USA,45299.03,708,6985625629
CUST004495,Michael Hall,customer4495@mail.com,+1-444-407-6456,Chicago,USA,6080.58,505,1379954705
CUST004496,Olivia Davis,customer4496@mail.com,+1-444-782-3644,Phoenix,USA,40225.59,720,5155905875
CUST004497,David Clark,customer4497@mail.com,+1-444-170-9513,New York,USA,45026.46,519,9929114617
CUST004498,James Brown,customer4498@mail.com,+1-444-521-8569,Phoenix,USA,47450.9,442,1737714746
CUST004499,John Lewis,customer4499@mail.com,+1-444-847-6417,New York,USA,44085.64,678,2964106656
CUST004500,Sophia Davis,customer4500@mail.com,+1-444-157-5149,New York,USA,10532.03,613,5470988175
CUST004501,John Smith,customer4501@mail.com,+1-444-350-2242,Chicago,USA,1520.06,407,4470537624
CUST004502,Ava Clark,customer4502@mail.com,+1-444-163-9541,Dallas,USA,33384.8,551,4644842261
CUST004503,Daniel Clark,customer4503@mail.com,+1-444-124-6755,Chicago,USA,31076.64,497,4997655093
CUST004504,Olivia Johnson,customer4504@mail.com,+1-444-615-4091,New York,USA,27652.15,710,5800047608
CUST004505,Ava Clark,customer4505@mail.com,+1-444-962-8683,Chicago,USA,48213.63,302,1453846211
CUST004506,Emma Davis,customer4506@mail.com,+1-444-716-3407,Phoenix,USA,8310.86,654,7640042169
CUST004507,David Lewis,customer4507@mail.com,+1-444-552-4114,Phoenix,USA,42091.25,781,3284870138
CUST004508,James Lewis,customer4508@mail.com,+1-444-322-6722,Dallas,USA,30795.26,410,3082195270
CUST004509,Emma Davis,customer4509@mail.com,+1-444-283-9807,Dallas,USA,10521.51,363,1085704231
CUST004510,Ava Davis,customer4510@mail.com,+1-444-125-4804,Phoenix,USA,36356.84,369,3232830733
CUST004511,Emma Wilson,customer4511@mail.com,+1-444-245-1636,New York,USA,21184.1,538,8774554199
CUST004512,James Clark,customer4512@mail.com,+1-444-942-2271,Dallas,USA,18639.43,825,8782829265
CUST004513,Olivia Clark,customer4513@mail.com,+1-444-620-5048,Dallas,USA,18541.36,381,3807083924
CUST004514,John Lewis,customer4514@mail.com,+1-444-550-4819,Chicago,USA,8875.86,807,7989165213
CUST004515,David Taylor,customer4515@mail.com,+1-444-477-1088,Phoenix,USA,5829.34,325,2928833349
CUST004516,Sarah Taylor,customer4516@mail.com,+1-444-795-6865,Chicago,USA,47015.9,707,4739575266
CUST004517,Emma Johnson,customer4517@mail.com,+1-444-678-9947,Dallas,USA,42488.42,387,9305937187
CUST004518,David Brown,customer4518@mail.com,+1-444-614-6058,Dallas,USA,46512.36,828,5024488030
CUST004519,Michael Taylor,customer4519@mail.com,+1-444-664-8508,New York,USA,19871.64,525,4980176566
CUST004520,David Davis,customer4520@mail.com,+1-444-402-6173,Chicago,USA,25081.75,562,6578045852
CUST004521,Michael Davis,customer4521@mail.com,+1-444-773-4864,Phoenix,USA,44493.5,517,4844289998
CUST004522,Emma Brown,customer4522@mail.com,+1-444-626-9345,New York,USA,46217.37,442,7273513991
CUST004523,Sophia Hall,customer4523@mail.com,+1-444-360-8392,New York,USA,29575.16,463,8601515648
CUST004524,Michael Clark,customer4524@mail.com,+1-444-189-7700,New York,USA,12074.93,380,1927438869
CUST004525,Michael Brown,customer4525@mail.com,+1-444-985-3271,Dallas,USA,8512.62,394,1395975730
CUST004526,Daniel Brown,customer4526@mail.com,+1-444-512-2895,Chicago,USA,17212.9,569,4661042653
CUST004527,Sophia Johnson,customer4527@mail.com,+1-444-414-7214,Chicago,USA,30273.55,646,1313772888
CUST004528,Michael Hall,customer4528@mail.com,+1-444-953-3893,Dallas,USA,8188.82,711,3500101454
CUST004529,David Taylor,customer4529@mail.com,+1-444-656-3969,Chicago,USA,24570.84,370,5334230328
CUST004530,Daniel Davis,customer4530@mail.com,+1-444-193-6939,Chicago,USA,32756.21,639,9617269399
CUST004531,David Davis,customer4531@mail.com,+1-444-690-6692,New York,USA,23489.8,795,6782139655
CUST004532,Michael Hall,customer4532@mail.com,+1-444-564-3011,Phoenix,USA,32438.83,526,4428346192
CUST004533,Sophia Brown,customer4533@mail.com,+1-444-224-6668,Dallas,USA,22214.62,498,1611324299
CUST004534,John Smith,customer4534@mail.com,+1-444-107-8921,Chicago,USA,18366.77,846,1538989470
CUST004535,Sarah Davis,customer4535@mail.com,+1-444-450-4377,Phoenix,USA,43196.26,757,2293776979
CUST004536,Sarah Davis,customer4536@mail.com,+1-444-828-9826,Phoenix,USA,44114.95,409,1336689363
CUST004537,Michael Wilson,customer4537@mail.com,+1-444-859-9087,New York,USA,33079.14,349,1539362401
CUST004538,Daniel Clark,customer4538@mail.com,+1-444-490-9852,New York,USA,28116.38,388,4902814977
CUST004539,Ava Johnson,customer4539@mail.com,+1-444-508-6821,Dallas,USA,11607.44,708,3796506069
CUST004540,Michael Brown,customer4540@mail.com,+1-444-955-2767,New York,USA,39284.95,626,3252929135
CUST004541,Olivia Johnson,customer4541@mail.com,+1-444-568-7120,New York,USA,21994.78,843,6185748905
CUST004542,David Taylor,customer4542@mail.com,+1-444-677-1595,New York,USA,27932.38,563,1506661382
CUST004543,James Hall,customer4543@mail.com,+1-444-362-9134,New York,USA,600.56,475,1511996233
CUST004544,Sophia Clark,customer4544@mail.com,+1-444-942-5535,Phoenix,USA,25040.17,451,3544282536
CUST004545,Michael Wilson,customer4545@mail.com,+1-444-798-7947,Dallas,USA,5952.99,360,8133228445
CUST004546,Michael Brown,customer4546@mail.com,+1-444-475-5514,New York,USA,18047.88,423,9936955693
CUST004547,Sophia Smith,customer4547@mail.com,+1-444-726-3681,Chicago,USA,39879.83,772,8080625289
CUST004548,Sophia Brown,customer4548@mail.com,+1-444-131-6794,Chicago,USA,48401.44,702,8297110142
CUST004549,Michael Walker,customer4549@mail.com,+1-444-878-4437,Phoenix,USA,19348.12,795,8738636313
CUST004550,David Johnson,customer4550@mail.com,+1-444-812-6689,Phoenix,USA,46714.88,497,7761996781
CUST004551,John Smith,customer4551@mail.com,+1-444-531-2779,Phoenix,USA,42312.78,718,9141465408
CUST004552,John Clark,customer4552@mail.com,+1-444-690-2378,Dallas,USA,9394.59,795,4364714394
CUST004553,Emma Smith,customer4553@mail.com,+1-444-197-1557,Phoenix,USA,40740.71,744,7745435810
CUST004554,John Davis,customer4554@mail.com,+1-444-225-9987,Dallas,USA,19179.2,316,7769835207
CUST004555,David Hall,customer4555@mail.com,+1-444-362-7760,Phoenix,USA,46067.31,381,5754729776
CUST004556,James Taylor,customer4556@mail.com,+1-444-901-8921,Dallas,USA,4120.71,536,1979353341
CUST004557,Daniel Lewis,customer4557@mail.com,+1-444-906-5518,Dallas,USA,6430.73,311,9033255903
CUST004558,John Lewis,customer4558@mail.com,+1-444-169-7267,New York,USA,32967.37,672,2571872528
CUST004559,Sophia Hall,customer4559@mail.com,+1-444-596-5000,Chicago,USA,40282.03,485,7661301394
CUST004560,Olivia Smith,customer4560@mail.com,+1-444-775-6662,New York,USA,45223.51,474,3690325789
CUST004561,Olivia Wilson,customer4561@mail.com,+1-444-888-8025,Dallas,USA,10353.39,683,2835066730
CUST004562,Michael Lewis,customer4562@mail.com,+1-444-937-7045,Dallas,USA,7116.08,360,1976851021
CUST004563,Sarah Lewis,customer4563@mail.com,+1-444-258-5829,Phoenix,USA,34872.23,455,3726682980
CUST004564,John Lewis,customer4564@mail.com,+1-444-343-7787,Phoenix,USA,1032.31,389,1477838152
CUST004565,David Taylor,customer4565@mail.com,+1-444-789-2114,Chicago,USA,3841.34,783,6179802007
CUST004566,John Clark,customer4566@mail.com,+1-444-569-8773,Dallas,USA,17591.2,409,9018623729
CUST004567,Michael Smith,customer4567@mail.com,+1-444-195-8035,Chicago,USA,35323.42,757,5487014851
CUST004568,Michael Smith,customer4568@mail.com,+1-444-956-3837,Phoenix,USA,32516.02,461,8177550825
CUST004569,Ava Johnson,customer4569@mail.com,+1-444-210-2845,New York,USA,35928.9,387,4645326096
CUST004570,Ava Wilson,customer4570@mail.com,+1-444-225-5005,Chicago,USA,5712.62,601,7235345878
CUST004571,Michael Smith,customer4571@mail.com,+1-444-237-2050,Dallas,USA,8764.41,775,5327099051
CUST004572,Daniel Taylor,customer4572@mail.com,+1-444-229-3543,Chicago,USA,36382.92,643,9467814902
CUST004573,James Lewis,customer4573@mail.com,+1-444-309-1425,Dallas,USA,5199.72,760,4491742507
CUST004574,John Johnson,customer4574@mail.com,+1-444-645-8283,New York,USA,5405.33,728,5954384469
CUST004575,James Brown,customer4575@mail.com,+1-444-487-3368,Phoenix,USA,45570.98,417,7326575816
CUST004576,James Lewis,customer4576@mail.com,+1-444-919-2955,Chicago,USA,26442.19,353,8866930879
CUST004577,Sophia Clark,customer4577@mail.com,+1-444-877-1003,New York,USA,6649.28,320,7194554542
CUST004578,Emma Wilson,customer4578@mail.com,+1-444-163-4510,Phoenix,USA,28547.71,653,6321524127
CUST004579,James Davis,customer4579@mail.com,+1-444-700-8112,Dallas,USA,10430.19,394,8079225023
CUST004580,Sarah Walker,customer4580@mail.com,+1-444-756-2171,Phoenix,USA,9214.63,749,9768207397
CUST004581,Sophia Hall,customer4581@mail.com,+1-444-467-7346,New York,USA,5497.83,555,7016123571
CUST004582,Daniel Hall,customer4582@mail.com,+1-444-488-2105,Chicago,USA,7507.84,567,5504101731
CUST004583,John Lewis,customer4583@mail.com,+1-444-276-8295,Phoenix,USA,30354.35,625,6510814031
CUST004584,Olivia Taylor,customer4584@mail.com,+1-444-377-4779,New York,USA,47662.04,463,2584500976
CUST004585,Michael Taylor,customer4585@mail.com,+1-444-512-3004,Phoenix,USA,32184.0,510,5946788590
CUST004586,Michael Walker,customer4586@mail.com,+1-444-233-7392,Dallas,USA,20419.72,367,2971146057
CUST004587,Michael Brown,customer4587@mail.com,+1-444-916-1839,Dallas,USA,42294.1,560,7241896178
CUST004588,John Hall,customer4588@mail.com,+1-444-215-7591,New York,USA,29340.99,773,5880763492
CUST004589,Olivia Wilson,customer4589@mail.com,+1-444-501-3964,Dallas,USA,20618.71,755,4122064497
CUST004590,James Wilson,customer4590@mail.com,+1-444-290-4239,Dallas,USA,34120.69,532,3487302395
CUST004591,Emma Hall,customer4591@mail.com,+1-444-542-8865,Dallas,USA,7416.52,501,5441836532
CUST004592,Olivia Davis,customer4592@mail.com,+1-444-341-1584,New York,USA,48046.01,508,5049450841
CUST004593,James Brown,customer4593@mail.com,+1-444-509-1337,Dallas,USA,25298.8,747,3301993759
CUST004594,Sophia Taylor,customer4594@mail.com,+1-444-938-3937,Phoenix,USA,28284.52,369,5260982885
CUST004595,Daniel Clark,customer4595@mail.com,+1-444-980-7756,New York,USA,35072.43,530,8102312210
CUST004596,Emma Davis,customer4596@mail.com,+1-444-438-3092,Chicago,USA,17443.04,849,7356231713
CUST004597,Olivia Walker,customer4597@mail.com,+1-444-902-1965,Dallas,USA,11961.52,618,6621480537
CUST004598,Michael Wilson,customer4598@mail.com,+1-444-567-8726,Dallas,USA,14498.9,343,1176422883
CUST004599,Daniel Taylor,customer4599@mail.com,+1-444-685-3353,Phoenix,USA,43086.8,313,9798595966
CUST004600,Sarah Hall,customer4600@mail.com,+1-444-249-8220,New York,USA,41823.6,820,9891709446
CUST004601,John Johnson,customer4601@mail.com,+1-444-963-9474,New York,USA,47630.76,431,3257636780
CUST004602,Ava Smith,customer4602@mail.com,+1-444-676-9892,Dallas,USA,2481.57,534,5526333155
CUST004603,Daniel Smith,customer4603@mail.com,+1-444-188-3606,Chicago,USA,16316.71,809,5042076482
CUST004604,David Brown,customer4604@mail.com,+1-444-961-5856,Phoenix,USA,37520.26,657,1783476997
CUST004605,David Lewis,customer4605@mail.com,+1-444-510-7979,Dallas,USA,19819.44,725,5058290057
CUST004606,Sophia Hall,customer4606@mail.com,+1-444-254-3232,Phoenix,USA,14764.14,706,1118648628
CUST004607,Michael Johnson,customer4607@mail.com,+1-444-528-1049,New York,USA,43552.3,805,5666668406
CUST004608,Sophia Hall,customer4608@mail.com,+1-444-940-7474,Phoenix,USA,32737.08,383,8629953767
CUST004609,Sarah Lewis,customer4609@mail.com,+1-444-299-9203,New York,USA,27906.08,382,2399051614
CUST004610,Ava Lewis,customer4610@mail.com,+1-444-271-5035,Dallas,USA,971.36,392,8236824700
CUST004611,Sarah Davis,customer4611@mail.com,+1-444-387-3845,Phoenix,USA,37735.12,616,3043449643
CUST004612,James Wilson,customer4612@mail.com,+1-444-694-4196,Chicago,USA,11946.88,779,1676154141
CUST004613,Olivia Hall,customer4613@mail.com,+1-444-261-5921,Chicago,USA,9562.07,594,7755852197
CUST004614,Sophia Taylor,customer4614@mail.com,+1-444-254-7822,Phoenix,USA,6002.25,421,3073221962
CUST004615,Sophia Davis,customer4615@mail.com,+1-444-635-8970,Phoenix,USA,18542.0,619,7090088999
CUST004616,Michael Davis,customer4616@mail.com,+1-444-196-2680,New York,USA,5779.3,501,6952505626
CUST004617,John Hall,customer4617@mail.com,+1-444-381-7150,Phoenix,USA,846.77,364,6448392724
CUST004618,Sophia Hall,customer4618@mail.com,+1-444-294-8789,Chicago,USA,47582.25,766,4401756836
CUST004619,James Johnson,customer4619@mail.com,+1-444-177-1694,Phoenix,USA,13183.2,715,6260561689
CUST004620,Sophia Smith,customer4620@mail.com,+1-444-646-4079,Dallas,USA,33514.89,778,9110897094
CUST004621,James Davis,customer4621@mail.com,+1-444-293-5250,Dallas,USA,37782.17,431,1136075107
CUST004622,Daniel Davis,customer4622@mail.com,+1-444-357-6924,Phoenix,USA,15860.03,432,9551263270
CUST004623,Michael Walker,customer4623@mail.com,+1-444-488-5090,New York,USA,45522.64,459,8344067520
CUST004624,Sarah Walker,customer4624@mail.com,+1-444-116-9998,Phoenix,USA,3267.0,588,5259743189
CUST004625,Sophia Walker,customer4625@mail.com,+1-444-366-5963,Chicago,USA,18249.86,322,4851824422
CUST004626,Sarah Johnson,customer4626@mail.com,+1-444-314-9847,Dallas,USA,41397.9,685,8910937348
CUST004627,Daniel Brown,customer4627@mail.com,+1-444-563-2164,Dallas,USA,36802.3,508,7819248240
CUST004628,Michael Smith,customer4628@mail.com,+1-444-701-5758,Phoenix,USA,18244.49,429,2734752150
CUST004629,Olivia Clark,customer4629@mail.com,+1-444-643-7945,Dallas,USA,1834.38,820,7264504786
CUST004630,Sarah Wilson,customer4630@mail.com,+1-444-552-2782,Dallas,USA,20779.86,355,1333092222
CUST004631,Michael Clark,customer4631@mail.com,+1-444-236-2514,Dallas,USA,4897.54,789,7191326016
CUST004632,David Davis,customer4632@mail.com,+1-444-635-1585,New York,USA,25061.93,510,6825627286
CUST004633,Emma Johnson,customer4633@mail.com,+1-444-614-7183,New York,USA,11933.99,350,5117966778
CUST004634,John Davis,customer4634@mail.com,+1-444-112-7527,Dallas,USA,47681.78,652,2011786446
CUST004635,Emma Johnson,customer4635@mail.com,+1-444-360-4365,Chicago,USA,11679.12,474,6664010773
CUST004636,Daniel Lewis,customer4636@mail.com,+1-444-807-3563,Dallas,USA,6599.08,514,8336001807
CUST004637,David Davis,customer4637@mail.com,+1-444-926-9987,New York,USA,20817.81,812,2381226382
CUST004638,Daniel Taylor,customer4638@mail.com,+1-444-351-5116,Dallas,USA,49735.28,749,5224701060
CUST004639,David Brown,customer4639@mail.com,+1-444-389-9217,New York,USA,36324.95,537,7022278387
CUST004640,Sophia Lewis,customer4640@mail.com,+1-444-858-9394,Chicago,USA,6815.24,560,5136984281
CUST004641,Daniel Wilson,customer4641@mail.com,+1-444-954-1239,Phoenix,USA,20174.07,598,6070696426
CUST004642,Olivia Lewis,customer4642@mail.com,+1-444-549-1860,Chicago,USA,46119.75,603,6174632704
CUST004643,Sophia Davis,customer4643@mail.com,+1-444-190-3762,Dallas,USA,20987.34,362,6500607753
CUST004644,Michael Walker,customer4644@mail.com,+1-444-680-8043,Dallas,USA,35025.17,578,8481543319
CUST004645,Michael Lewis,customer4645@mail.com,+1-444-205-8034,Dallas,USA,21145.23,666,1101045501
CUST004646,Olivia Lewis,customer4646@mail.com,+1-444-281-1604,Phoenix,USA,2837.23,556,8821690525
CUST004647,Sophia Walker,customer4647@mail.com,+1-444-754-4770,Phoenix,USA,29151.26,558,7685660695
CUST004648,Michael Brown,customer4648@mail.com,+1-444-912-3615,Dallas,USA,885.23,344,9651992779
CUST004649,Ava Wilson,customer4649@mail.com,+1-444-354-1812,Chicago,USA,7341.26,348,6081227678
CUST004650,Daniel Clark,customer4650@mail.com,+1-444-974-4812,Phoenix,USA,23784.5,820,3470233370
CUST004651,David Walker,customer4651@mail.com,+1-444-996-5932,Chicago,USA,18179.33,722,2198766422
CUST004652,Emma Smith,customer4652@mail.com,+1-444-392-2769,Dallas,USA,48078.98,344,6526616660
CUST004653,Michael Walker,customer4653@mail.com,+1-444-243-4234,New York,USA,43636.05,426,6886256278
CUST004654,Olivia Smith,customer4654@mail.com,+1-444-574-6503,Phoenix,USA,42631.0,650,1015352867
CUST004655,John Taylor,customer4655@mail.com,+1-444-275-9640,Phoenix,USA,39201.06,436,5465920526
CUST004656,Sarah Smith,customer4656@mail.com,+1-444-560-7243,Chicago,USA,5225.13,515,5276905281
CUST004657,Ava Taylor,customer4657@mail.com,+1-444-350-3327,Phoenix,USA,16448.36,565,3274956478
CUST004658,John Hall,customer4658@mail.com,+1-444-622-6497,Phoenix,USA,21715.57,351,4645439316
CUST004659,Olivia Wilson,customer4659@mail.com,+1-444-742-7420,Dallas,USA,563.56,790,7032411600
CUST004660,Emma Walker,customer4660@mail.com,+1-444-684-5593,New York,USA,20034.2,523,7110875669
CUST004661,Olivia Davis,customer4661@mail.com,+1-444-259-9984,Dallas,USA,986.17,614,9489819662
CUST004662,Sophia Lewis,customer4662@mail.com,+1-444-443-2545,Phoenix,USA,32732.79,618,3794183873
CUST004663,Daniel Clark,customer4663@mail.com,+1-444-771-5395,Phoenix,USA,29345.54,526,1175873907
CUST004664,Sophia Johnson,customer4664@mail.com,+1-444-226-7672,Phoenix,USA,3490.22,322,1683596032
CUST004665,Emma Smith,customer4665@mail.com,+1-444-235-7654,New York,USA,36277.68,463,5377209898
CUST004666,Daniel Davis,customer4666@mail.com,+1-444-376-4565,New York,USA,48449.45,330,8730219227
CUST004667,Emma Clark,customer4667@mail.com,+1-444-467-9215,Chicago,USA,35064.25,609,9440371766
CUST004668,Sarah Lewis,customer4668@mail.com,+1-444-323-5830,Dallas,USA,48950.64,615,9842377512
CUST004669,David Clark,customer4669@mail.com,+1-444-558-1164,Chicago,USA,27993.52,729,6768786987
CUST004670,John Wilson,customer4670@mail.com,+1-444-604-1730,Dallas,USA,10437.08,816,6025570920
CUST004671,Olivia Davis,customer4671@mail.com,+1-444-979-4719,Dallas,USA,11324.04,485,1550802545
CUST004672,David Hall,customer4672@mail.com,+1-444-836-5279,Chicago,USA,10344.69,543,2947233112
CUST004673,Michael Hall,customer4673@mail.com,+1-444-807-2851,Chicago,USA,18792.81,497,9454014918
CUST004674,Emma Clark,customer4674@mail.com,+1-444-401-5461,Chicago,USA,23932.29,677,6943762196
CUST004675,Olivia Hall,customer4675@mail.com,+1-444-578-2764,Dallas,USA,47417.96,323,2402834445
CUST004676,Ava Clark,customer4676@mail.com,+1-444-520-7468,Chicago,USA,41564.43,372,5901325440
CUST004677,Sarah Davis,customer4677@mail.com,+1-444-863-8208,Chicago,USA,4615.82,719,6509629594
CUST004678,David Hall,customer4678@mail.com,+1-444-407-1203,New York,USA,10581.83,539,4840773895
CUST004679,Emma Brown,customer4679@mail.com,+1-444-428-2509,Dallas,USA,14831.34,658,4511014574
CUST004680,James Johnson,customer4680@mail.com,+1-444-372-1359,New York,USA,35779.22,657,3490035078
CUST004681,Daniel Walker,customer4681@mail.com,+1-444-339-1675,Chicago,USA,36916.19,777,9254021216
CUST004682,Daniel Walker,customer4682@mail.com,+1-444-157-6792,Phoenix,USA,32835.47,656,6340603928
CUST004683,Michael Walker,customer4683@mail.com,+1-444-891-5771,New York,USA,48338.63,749,2648494700
CUST004684,Sophia Davis,customer4684@mail.com,+1-444-873-6975,New York,USA,42434.94,514,7687975742
CUST004685,James Taylor,customer4685@mail.com,+1-444-925-7677,New York,USA,44669.42,727,2217698026
CUST004686,John Lewis,customer4686@mail.com,+1-444-480-3672,Dallas,USA,8118.27,315,4356282553
CUST004687,John Walker,customer4687@mail.com,+1-444-378-5655,Phoenix,USA,10979.51,399,1353192632
CUST004688,Michael Davis,customer4688@mail.com,+1-444-626-4914,New York,USA,1081.77,810,1935263502
CUST004689,Daniel Brown,customer4689@mail.com,+1-444-931-6617,Dallas,USA,23650.22,343,2447430133
CUST004690,Sophia Wilson,customer4690@mail.com,+1-444-141-4583,Phoenix,USA,21380.89,459,4429594526
CUST004691,John Davis,customer4691@mail.com,+1-444-198-2133,New York,USA,34072.42,500,3351977221
CUST004692,John Davis,customer4692@mail.com,+1-444-717-1588,Dallas,USA,43718.67,637,7265287755
CUST004693,John Wilson,customer4693@mail.com,+1-444-197-9950,Chicago,USA,30769.3,722,8057813263
CUST004694,Daniel Smith,customer4694@mail.com,+1-444-280-4587,New York,USA,8229.63,427,2075960367
CUST004695,Michael Smith,customer4695@mail.com,+1-444-755-7992,Dallas,USA,25675.08,848,3399875399
CUST004696,Daniel Walker,customer4696@mail.com,+1-444-692-3605,Chicago,USA,11496.77,456,8914467637
CUST004697,John Clark,customer4697@mail.com,+1-444-592-3526,Dallas,USA,8718.07,383,8373353321
CUST004698,Michael Clark,customer4698@mail.com,+1-444-500-4499,New York,USA,42718.85,599,6322408115
CUST004699,James Lewis,customer4699@mail.com,+1-444-741-8563,Phoenix,USA,16178.22,849,1561857809
CUST004700,Sophia Hall,customer4700@mail.com,+1-444-846-6612,Phoenix,USA,17930.6,730,5309229763
CUST004701,David Johnson,customer4701@mail.com,+1-444-296-9216,Phoenix,USA,35644.1,357,5438733894
CUST004702,Michael Walker,customer4702@mail.com,+1-444-335-3832,Dallas,USA,36615.11,538,2453629384
CUST004703,Michael Smith,customer4703@mail.com,+1-444-986-3619,Dallas,USA,45101.68,588,2392476307
CUST004704,John Davis,customer4704@mail.com,+1-444-300-7636,Dallas,USA,15310.77,363,3703887240
CUST004705,James Walker,customer4705@mail.com,+1-444-237-4904,Chicago,USA,15208.37,435,7671029144
CUST004706,Emma Hall,customer4706@mail.com,+1-444-582-2700,Dallas,USA,23074.08,553,5624508904
CUST004707,Olivia Wilson,customer4707@mail.com,+1-444-714-1644,New York,USA,49817.19,554,7449420717
CUST004708,Michael Taylor,customer4708@mail.com,+1-444-528-9631,New York,USA,38415.92,758,4755917035
CUST004709,David Clark,customer4709@mail.com,+1-444-688-7665,Chicago,USA,32677.14,600,5710931204
CUST004710,Daniel Davis,customer4710@mail.com,+1-444-974-4486,Dallas,USA,12980.63,365,7843901402
CUST004711,Daniel Brown,customer4711@mail.com,+1-444-224-5264,Phoenix,USA,14148.93,431,9297178845
CUST004712,Sarah Smith,customer4712@mail.com,+1-444-901-3402,New York,USA,40647.59,468,6312452302
CUST004713,David Walker,customer4713@mail.com,+1-444-531-2863,Phoenix,USA,16717.77,817,9188183900
CUST004714,John Davis,customer4714@mail.com,+1-444-428-5101,Chicago,USA,244.43,578,8325626717
CUST004715,Ava Davis,customer4715@mail.com,+1-444-452-1125,Dallas,USA,29697.63,402,4086767174
CUST004716,David Davis,customer4716@mail.com,+1-444-457-2319,New York,USA,5122.17,634,3743732594
CUST004717,Olivia Brown,customer4717@mail.com,+1-444-401-9855,New York,USA,18809.74,479,6801133247
CUST004718,James Smith,customer4718@mail.com,+1-444-714-6434,Phoenix,USA,48576.46,341,1298279674
CUST004719,Ava Johnson,customer4719@mail.com,+1-444-463-1273,Chicago,USA,45958.0,424,7955878816
CUST004720,Sophia Johnson,customer4720@mail.com,+1-444-316-1106,Chicago,USA,16781.97,322,7993628699
CUST004721,Emma Taylor,customer4721@mail.com,+1-444-383-3117,Phoenix,USA,5169.52,780,1695933607
CUST004722,David Walker,customer4722@mail.com,+1-444-378-5614,Chicago,USA,25387.75,658,4835734013
CUST004723,John Clark,customer4723@mail.com,+1-444-454-6085,Dallas,USA,2657.42,512,1429604987
CUST004724,Michael Smith,customer4724@mail.com,+1-444-349-1051,Phoenix,USA,28619.48,401,6306251468
CUST004725,Sophia Lewis,customer4725@mail.com,+1-444-352-9466,Phoenix,USA,30060.6,684,8321512499
CUST004726,Michael Hall,customer4726@mail.com,+1-444-515-7003,Chicago,USA,6338.82,531,6075726352
CUST004727,John Brown,customer4727@mail.com,+1-444-331-1381,Phoenix,USA,49739.53,325,7862591183
CUST004728,Sophia Walker,customer4728@mail.com,+1-444-893-7396,Chicago,USA,1923.77,707,8579066245
CUST004729,John Lewis,customer4729@mail.com,+1-444-149-7446,Chicago,USA,41530.43,486,8878701956
CUST004730,Sarah Taylor,customer4730@mail.com,+1-444-877-9174,Phoenix,USA,47618.23,741,5625061540
CUST004731,Sophia Johnson,customer4731@mail.com,+1-444-192-4881,Dallas,USA,36481.67,839,4644059878
CUST004732,Michael Hall,customer4732@mail.com,+1-444-948-6062,Phoenix,USA,38813.05,711,9337848250
CUST004733,Olivia Taylor,customer4733@mail.com,+1-444-682-5087,Chicago,USA,789.7,691,5594466919
CUST004734,Emma Wilson,customer4734@mail.com,+1-444-391-5642,New York,USA,14980.14,591,3063796979
CUST004735,Olivia Hall,customer4735@mail.com,+1-444-141-1148,Chicago,USA,18990.41,640,8955699745
CUST004736,David Johnson,customer4736@mail.com,+1-444-788-2435,New York,USA,45416.65,533,8074756113
CUST004737,Sophia Taylor,customer4737@mail.com,+1-444-818-3752,Phoenix,USA,15824.13,642,3322807927
CUST004738,James Walker,customer4738@mail.com,+1-444-142-6187,New York,USA,11978.16,621,4872978244
CUST004739,Michael Wilson,customer4739@mail.com,+1-444-145-8812,Phoenix,USA,17832.96,315,4670941724
CUST004740,David Davis,customer4740@mail.com,+1-444-776-8745,New York,USA,5159.05,373,9459144548
CUST004741,Sophia Davis,customer4741@mail.com,+1-444-304-1516,Chicago,USA,39831.91,329,2998235204
CUST004742,James Brown,customer4742@mail.com,+1-444-119-6788,Dallas,USA,20242.4,780,3704253741
CUST004743,John Hall,customer4743@mail.com,+1-444-512-7534,Dallas,USA,30450.68,555,3536397032
CUST004744,Sarah Smith,customer4744@mail.com,+1-444-146-1514,Dallas,USA,36778.5,674,9221461208
CUST004745,James Davis,customer4745@mail.com,+1-444-224-7948,Dallas,USA,17054.22,564,1106750059
CUST004746,Emma Smith,customer4746@mail.com,+1-444-988-9277,Chicago,USA,24436.83,810,8570705935
CUST004747,Sophia Hall,customer4747@mail.com,+1-444-441-6551,New York,USA,16882.92,338,5023966060
CUST004748,David Wilson,customer4748@mail.com,+1-444-294-1242,New York,USA,48674.82,308,2007401351
CUST004749,Olivia Lewis,customer4749@mail.com,+1-444-902-8656,Dallas,USA,3346.17,556,6603990477
CUST004750,John Clark,customer4750@mail.com,+1-444-677-2152,New York,USA,21037.94,546,4688985667
CUST004751,James Smith,customer4751@mail.com,+1-444-656-4265,Dallas,USA,25918.55,623,5808918127
CUST004752,Daniel Brown,customer4752@mail.com,+1-444-761-3153,Dallas,USA,19795.92,333,2363065528
CUST004753,James Davis,customer4753@mail.com,+1-444-884-8486,Chicago,USA,25849.55,444,9201476851
CUST004754,Olivia Brown,customer4754@mail.com,+1-444-401-6806,Dallas,USA,10998.17,405,1577382491
CUST004755,Sarah Wilson,customer4755@mail.com,+1-444-879-9727,Phoenix,USA,1786.42,671,5026250460
CUST004756,John Davis,customer4756@mail.com,+1-444-688-8126,New York,USA,33418.11,818,8065870807
CUST004757,Daniel Hall,customer4757@mail.com,+1-444-585-2662,Dallas,USA,18819.77,615,4727803041
CUST004758,Emma Wilson,customer4758@mail.com,+1-444-800-5720,New York,USA,2008.21,370,4799727024
CUST004759,Olivia Wilson,customer4759@mail.com,+1-444-253-7126,New York,USA,21579.58,326,4559294286
CUST004760,Ava Lewis,customer4760@mail.com,+1-444-881-4553,Phoenix,USA,25166.7,640,1522495543
CUST004761,Daniel Clark,customer4761@mail.com,+1-444-233-2615,New York,USA,3775.78,341,7442907334
CUST004762,Sophia Hall,customer4762@mail.com,+1-444-808-8065,Chicago,USA,5799.39,367,3626096977
CUST004763,Sarah Walker,customer4763@mail.com,+1-444-209-5379,Phoenix,USA,22910.56,488,2827381423
CUST004764,Ava Davis,customer4764@mail.com,+1-444-590-3486,Chicago,USA,49940.98,434,3276074192
CUST004765,David Taylor,customer4765@mail.com,+1-444-751-4010,Dallas,USA,27973.05,726,5243713106
CUST004766,Daniel Smith,customer4766@mail.com,+1-444-872-6567,Dallas,USA,24261.71,325,6542769543
CUST004767,John Walker,customer4767@mail.com,+1-444-757-9325,Chicago,USA,46976.53,564,2435703551
CUST004768,Sarah Taylor,customer4768@mail.com,+1-444-231-6256,New York,USA,1206.1,683,8056290539
CUST004769,Ava Taylor,customer4769@mail.com,+1-444-941-5784,Chicago,USA,45164.73,530,3772094340
CUST004770,Olivia Smith,customer4770@mail.com,+1-444-836-1944,Dallas,USA,43450.21,662,4242111930
CUST004771,David Hall,customer4771@mail.com,+1-444-359-4915,New York,USA,40006.82,356,1541470372
CUST004772,Olivia Smith,customer4772@mail.com,+1-444-976-6998,Phoenix,USA,49045.99,560,9391053468
CUST004773,David Clark,customer4773@mail.com,+1-444-620-5245,Phoenix,USA,9719.62,480,5568268962
CUST004774,David Brown,customer4774@mail.com,+1-444-418-9355,Chicago,USA,34661.55,758,2498513740
CUST004775,Daniel Lewis,customer4775@mail.com,+1-444-573-1710,New York,USA,37103.02,755,1162719696
CUST004776,James Wilson,customer4776@mail.com,+1-444-204-8535,Dallas,USA,17287.58,300,7029827450
CUST004777,Daniel Smith,customer4777@mail.com,+1-444-911-6214,Dallas,USA,6966.53,694,8849507773
CUST004778,Olivia Taylor,customer4778@mail.com,+1-444-346-5691,Chicago,USA,37776.98,397,4362681935
CUST004779,David Smith,customer4779@mail.com,+1-444-184-4431,New York,USA,15023.02,842,2305016364
CUST004780,David Johnson,customer4780@mail.com,+1-444-482-7438,New York,USA,12612.1,558,2956928132
CUST004781,Olivia Taylor,customer4781@mail.com,+1-444-719-3128,Chicago,USA,22880.97,630,6226696636
CUST004782,James Clark,customer4782@mail.com,+1-444-798-6967,Phoenix,USA,41256.73,415,2470930759
CUST004783,Daniel Smith,customer4783@mail.com,+1-444-833-3823,New York,USA,23236.31,317,6095032742
CUST004784,Michael Smith,customer4784@mail.com,+1-444-600-8112,New York,USA,12497.92,806,1165144048
CUST004785,Michael Clark,customer4785@mail.com,+1-444-838-7206,Dallas,USA,448.78,719,1065294533
CUST004786,John Smith,customer4786@mail.com,+1-444-933-4133,Chicago,USA,25205.04,504,3924550125
CUST004787,Emma Davis,customer4787@mail.com,+1-444-938-8804,Dallas,USA,14978.24,658,8883635978
CUST004788,Ava Hall,customer4788@mail.com,+1-444-251-3961,Chicago,USA,17402.84,448,9525937861
CUST004789,John Johnson,customer4789@mail.com,+1-444-718-9505,Chicago,USA,1922.98,579,1216524864
CUST004790,Ava Taylor,customer4790@mail.com,+1-444-146-6001,New York,USA,47762.17,329,5285984272
CUST004791,Daniel Smith,customer4791@mail.com,+1-444-314-2042,Chicago,USA,18099.06,826,4652191339
CUST004792,Emma Walker,customer4792@mail.com,+1-444-710-4868,Dallas,USA,23709.57,379,1260826167
CUST004793,Emma Brown,customer4793@mail.com,+1-444-290-9176,Phoenix,USA,7192.78,443,3055739235
CUST004794,Emma Smith,customer4794@mail.com,+1-444-842-7767,Dallas,USA,19076.2,333,6170929840
CUST004795,Sarah Clark,customer4795@mail.com,+1-444-779-1108,Dallas,USA,19224.87,476,2942092623
CUST004796,Olivia Taylor,customer4796@mail.com,+1-444-828-5079,New York,USA,8441.84,757,9879199345
CUST004797,John Wilson,customer4797@mail.com,+1-444-202-9941,Chicago,USA,19035.17,777,8611170633
CUST004798,David Davis,customer4798@mail.com,+1-444-237-9367,New York,USA,32596.39,787,8620712559
CUST004799,Michael Lewis,customer4799@mail.com,+1-444-738-7849,New York,USA,42343.59,615,3620376173
CUST004800,John Brown,customer4800@mail.com,+1-444-440-5883,Dallas,USA,48173.92,489,1182960430
CUST004801,John Hall,customer4801@mail.com,+1-444-968-8498,Chicago,USA,16019.64,470,9666664646
CUST004802,Emma Lewis,customer4802@mail.com,+1-444-808-1093,Dallas,USA,27300.54,632,5094520025
CUST004803,Olivia Clark,customer4803@mail.com,+1-444-193-2058,Phoenix,USA,4957.13,599,6951705754
CUST004804,Michael Taylor,customer4804@mail.com,+1-444-234-3106,Chicago,USA,2799.85,488,7086699126
CUST004805,John Wilson,customer4805@mail.com,+1-444-575-3749,New York,USA,30634.95,401,3969130725
CUST004806,Sarah Lewis,customer4806@mail.com,+1-444-492-9247,New York,USA,25642.17,392,7955106579
CUST004807,Daniel Taylor,customer4807@mail.com,+1-444-237-6298,Chicago,USA,40820.05,716,9548465397
CUST004808,Emma Wilson,customer4808@mail.com,+1-444-751-6818,Dallas,USA,42901.46,649,6039141227
CUST004809,John Smith,customer4809@mail.com,+1-444-841-7949,Dallas,USA,7441.08,558,8038617015
CUST004810,Michael Lewis,customer4810@mail.com,+1-444-861-5006,Dallas,USA,4783.74,477,9355576453
CUST004811,Olivia Brown,customer4811@mail.com,+1-444-485-6077,Dallas,USA,10187.62,432,9247793780
CUST004812,Sarah Brown,customer4812@mail.com,+1-444-844-5249,Chicago,USA,29962.16,613,5690595748
CUST004813,James Lewis,customer4813@mail.com,+1-444-218-8873,Phoenix,USA,3233.76,829,7039272082
CUST004814,Sophia Johnson,customer4814@mail.com,+1-444-860-4167,New York,USA,4192.34,315,4524886848
CUST004815,Daniel Johnson,customer4815@mail.com,+1-444-959-7896,Dallas,USA,12043.56,834,6424273741
CUST004816,James Davis,customer4816@mail.com,+1-444-692-3671,Chicago,USA,10759.24,761,1098540096
CUST004817,Ava Smith,customer4817@mail.com,+1-444-183-7916,Chicago,USA,6727.37,561,8951579722
CUST004818,Ava Davis,customer4818@mail.com,+1-444-985-8067,Phoenix,USA,47608.49,546,1932568638
CUST004819,David Clark,customer4819@mail.com,+1-444-944-7915,Dallas,USA,26813.89,499,3753221543
CUST004820,Olivia Wilson,customer4820@mail.com,+1-444-841-2964,Phoenix,USA,26706.83,762,5108609764
CUST004821,Ava Walker,customer4821@mail.com,+1-444-580-2574,Phoenix,USA,15756.98,647,2744879930
CUST004822,Emma Wilson,customer4822@mail.com,+1-444-537-9943,New York,USA,34004.17,678,5668971516
CUST004823,Sarah Clark,customer4823@mail.com,+1-444-252-4997,New York,USA,14614.45,636,2884754886
CUST004824,Sarah Wilson,customer4824@mail.com,+1-444-108-8352,New York,USA,37003.37,615,5445752920
CUST004825,Sophia Brown,customer4825@mail.com,+1-444-347-8713,New York,USA,28303.58,397,7750274564
CUST004826,James Taylor,customer4826@mail.com,+1-444-841-1696,Phoenix,USA,21549.5,398,4219841350
CUST004827,John Wilson,customer4827@mail.com,+1-444-527-2163,Dallas,USA,17875.4,721,2859586916
CUST004828,John Johnson,customer4828@mail.com,+1-444-145-6507,New York,USA,31070.3,604,8942476729
CUST004829,John Taylor,customer4829@mail.com,+1-444-356-3916,Phoenix,USA,46857.32,609,8400182986
CUST004830,Sarah Davis,customer4830@mail.com,+1-444-587-2752,Chicago,USA,6957.98,542,9061862079
CUST004831,Olivia Walker,customer4831@mail.com,+1-444-294-6174,New York,USA,45630.2,808,1893793182
CUST004832,Michael Wilson,customer4832@mail.com,+1-444-785-9801,New York,USA,14429.67,310,5629025586
CUST004833,Michael Wilson,customer4833@mail.com,+1-444-860-7526,Dallas,USA,7111.18,693,3014085949
CUST004834,Sarah Walker,customer4834@mail.com,+1-444-807-6248,Chicago,USA,19340.54,801,2744600551
CUST004835,Olivia Johnson,customer4835@mail.com,+1-444-422-7850,Chicago,USA,44077.6,820,3031429967
CUST004836,Sarah Clark,customer4836@mail.com,+1-444-174-2099,Chicago,USA,38162.63,578,7190538209
CUST004837,Daniel Hall,customer4837@mail.com,+1-444-161-5974,New York,USA,19191.11,788,1118554557
CUST004838,Olivia Brown,customer4838@mail.com,+1-444-107-1066,New York,USA,18924.17,661,2773399791
CUST004839,Sophia Wilson,customer4839@mail.com,+1-444-846-6347,New York,USA,5209.51,715,6501817004
CUST004840,Ava Taylor,customer4840@mail.com,+1-444-843-1575,Phoenix,USA,35960.71,618,1771902036
CUST004841,Sarah Davis,customer4841@mail.com,+1-444-812-3623,Phoenix,USA,22981.63,718,9893359846
CUST004842,James Clark,customer4842@mail.com,+1-444-278-2364,Phoenix,USA,34786.68,400,9488960858
CUST004843,Emma Taylor,customer4843@mail.com,+1-444-204-6957,Chicago,USA,24564.31,668,2148147199
CUST004844,David Clark,customer4844@mail.com,+1-444-892-8127,New York,USA,43282.23,491,3674752288
CUST004845,John Walker,customer4845@mail.com,+1-444-197-2039,Chicago,USA,12365.37,644,4693019301
CUST004846,Daniel Clark,customer4846@mail.com,+1-444-254-5226,Chicago,USA,7450.82,525,9539675050
CUST004847,Olivia Johnson,customer4847@mail.com,+1-444-246-3053,New York,USA,17973.51,364,2974120784
CUST004848,Sophia Hall,customer4848@mail.com,+1-444-114-4924,Phoenix,USA,3752.06,490,6866124763
CUST004849,Ava Brown,customer4849@mail.com,+1-444-838-5617,Dallas,USA,35782.44,628,9319473068
CUST004850,Daniel Smith,customer4850@mail.com,+1-444-959-7552,Dallas,USA,25608.68,483,6795133751
CUST004851,Michael Walker,customer4851@mail.com,+1-444-184-8384,Chicago,USA,15051.6,304,5248003060
CUST004852,Sarah Clark,customer4852@mail.com,+1-444-359-9458,New York,USA,47350.05,358,5822897030
CUST004853,Sophia Smith,customer4853@mail.com,+1-444-453-4117,New York,USA,40703.06,444,4453812482
CUST004854,David Taylor,customer4854@mail.com,+1-444-675-3856,New York,USA,924.74,788,7454902195
CUST004855,Emma Lewis,customer4855@mail.com,+1-444-855-5913,Phoenix,USA,33172.49,344,4612392281
CUST004856,David Davis,customer4856@mail.com,+1-444-163-1394,Chicago,USA,11638.82,383,3014848309
CUST004857,Sarah Lewis,customer4857@mail.com,+1-444-415-5046,New York,USA,33365.56,717,4263178904
CUST004858,Daniel Johnson,customer4858@mail.com,+1-444-444-2630,Dallas,USA,35723.0,680,3248347244
CUST004859,Michael Smith,customer4859@mail.com,+1-444-617-8690,New York,USA,46810.03,431,7945908503
CUST004860,Olivia Brown,customer4860@mail.com,+1-444-562-1245,New York,USA,31921.01,569,5668088209
CUST004861,Sophia Johnson,customer4861@mail.com,+1-444-163-8832,Chicago,USA,1897.54,531,9346747449
CUST004862,David Smith,customer4862@mail.com,+1-444-245-8451,Dallas,USA,218.92,408,9076387675
CUST004863,David Walker,customer4863@mail.com,+1-444-324-6052,Chicago,USA,10945.76,664,1941982341
CUST004864,David Walker,customer4864@mail.com,+1-444-776-9125,New York,USA,21670.8,339,9480014995
CUST004865,Sophia Hall,customer4865@mail.com,+1-444-277-4222,Dallas,USA,32672.88,618,4385856010
CUST004866,Sarah Johnson,customer4866@mail.com,+1-444-535-5473,New York,USA,36655.84,577,3726736146
CUST004867,David Davis,customer4867@mail.com,+1-444-612-4811,Dallas,USA,7009.31,742,2302764837
CUST004868,Sarah Walker,customer4868@mail.com,+1-444-426-5796,Dallas,USA,17547.36,765,1046077593
CUST004869,David Smith,customer4869@mail.com,+1-444-198-3296,Phoenix,USA,5264.26,386,9356016003
CUST004870,Olivia Wilson,customer4870@mail.com,+1-444-978-2513,Dallas,USA,34715.28,592,7888805289
CUST004871,Sophia Taylor,customer4871@mail.com,+1-444-940-1584,Dallas,USA,43204.26,658,7744912607
CUST004872,Sophia Lewis,customer4872@mail.com,+1-444-290-2914,New York,USA,19326.52,845,4408679869
CUST004873,Daniel Brown,customer4873@mail.com,+1-444-853-3181,New York,USA,1755.13,765,9947175240
CUST004874,John Walker,customer4874@mail.com,+1-444-859-7860,Chicago,USA,30305.72,581,6212953567
CUST004875,James Wilson,customer4875@mail.com,+1-444-896-2431,Dallas,USA,19899.39,502,6163570670
CUST004876,Sarah Johnson,customer4876@mail.com,+1-444-323-6809,New York,USA,36499.07,635,2527560241
CUST004877,Emma Hall,customer4877@mail.com,+1-444-695-5921,Dallas,USA,9531.36,754,8679297245
CUST004878,Emma Hall,customer4878@mail.com,+1-444-695-4208,Phoenix,USA,49872.81,610,8702478861
CUST004879,Daniel Hall,customer4879@mail.com,+1-444-346-5485,Dallas,USA,30777.6,818,7993373421
CUST004880,Michael Johnson,customer4880@mail.com,+1-444-250-8331,New York,USA,7554.14,760,3877931226
CUST004881,Michael Lewis,customer4881@mail.com,+1-444-381-7214,Phoenix,USA,114.61,531,3332991546
CUST004882,Emma Johnson,customer4882@mail.com,+1-444-194-9316,Chicago,USA,13465.57,390,7269336331
CUST004883,Olivia Smith,customer4883@mail.com,+1-444-931-2731,Dallas,USA,20526.95,703,1845979996
CUST004884,Emma Hall,customer4884@mail.com,+1-444-898-7595,Dallas,USA,28631.68,427,8225322486
CUST004885,Emma Taylor,customer4885@mail.com,+1-444-770-8524,New York,USA,15098.5,639,4703193409
CUST004886,Sophia Wilson,customer4886@mail.com,+1-444-144-9243,Dallas,USA,31542.8,448,4538237998
CUST004887,David Walker,customer4887@mail.com,+1-444-361-4458,Chicago,USA,28530.72,628,5718033215
CUST004888,Sophia Taylor,customer4888@mail.com,+1-444-296-2453,Phoenix,USA,12653.44,701,1682430394
CUST004889,John Lewis,customer4889@mail.com,+1-444-147-2802,New York,USA,36216.55,568,4063407091
CUST004890,James Clark,customer4890@mail.com,+1-444-376-3359,New York,USA,21705.7,352,3743073431
CUST004891,Daniel Lewis,customer4891@mail.com,+1-444-619-2592,Dallas,USA,21168.36,625,5111544931
CUST004892,Michael Clark,customer4892@mail.com,+1-444-226-9983,Chicago,USA,40119.16,639,8670164167
CUST004893,David Smith,customer4893@mail.com,+1-444-735-4155,Dallas,USA,40691.24,492,1614150506
CUST004894,Daniel Davis,customer4894@mail.com,+1-444-346-8467,Dallas,USA,20252.71,359,7709529266
CUST004895,Olivia Clark,customer4895@mail.com,+1-444-135-9363,Dallas,USA,1280.37,797,4497165519
CUST004896,Emma Taylor,customer4896@mail.com,+1-444-125-6848,Dallas,USA,38110.25,710,2738287125
CUST004897,Michael Lewis,customer4897@mail.com,+1-444-669-7831,New York,USA,1978.06,603,1940067740
CUST004898,James Hall,customer4898@mail.com,+1-444-168-2510,Chicago,USA,15211.12,821,4282586267
CUST004899,Sophia Clark,customer4899@mail.com,+1-444-604-5812,Chicago,USA,28090.13,775,4413046387
CUST004900,Michael Clark,customer4900@mail.com,+1-444-128-7653,Dallas,USA,8008.37,558,2627482544
CUST004901,Sarah Clark,customer4901@mail.com,+1-444-150-2485,New York,USA,35817.34,305,3163685126
CUST004902,Ava Johnson,customer4902@mail.com,+1-444-885-9933,New York,USA,24056.99,371,3926814393
CUST004903,Olivia Johnson,customer4903@mail.com,+1-444-695-9865,New York,USA,47095.97,363,9125693729
CUST004904,Sarah Hall,customer4904@mail.com,+1-444-838-1848,New York,USA,19170.53,572,7938354259
CUST004905,Olivia Wilson,customer4905@mail.com,+1-444-784-5630,Dallas,USA,19549.11,435,3309978069
CUST004906,Emma Johnson,customer4906@mail.com,+1-444-977-7870,Dallas,USA,11093.23,505,9345359324
CUST004907,David Davis,customer4907@mail.com,+1-444-640-2677,Dallas,USA,20576.28,384,2319732557
CUST004908,Ava Lewis,customer4908@mail.com,+1-444-465-9209,New York,USA,49356.63,454,6410410849
CUST004909,Sophia Clark,customer4909@mail.com,+1-444-233-9974,New York,USA,13942.34,491,7380423646
CUST004910,Sarah Smith,customer4910@mail.com,+1-444-552-7280,Phoenix,USA,28620.47,443,7489554617
CUST004911,Sophia Brown,customer4911@mail.com,+1-444-527-9924,Phoenix,USA,32181.67,802,9175012881
CUST004912,Emma Hall,customer4912@mail.com,+1-444-928-2011,New York,USA,26823.94,559,1774547880
CUST004913,Daniel Brown,customer4913@mail.com,+1-444-767-7119,New York,USA,32654.79,707,5167571652
CUST004914,Olivia Clark,customer4914@mail.com,+1-444-928-5847,Chicago,USA,16959.68,831,6196229623
CUST004915,Olivia Smith,customer4915@mail.com,+1-444-901-5616,Dallas,USA,4896.65,427,5681999213
CUST004916,Olivia Clark,customer4916@mail.com,+1-444-609-9688,Dallas,USA,10875.26,606,9738093530
CUST004917,John Walker,customer4917@mail.com,+1-444-839-8189,Phoenix,USA,16814.62,593,4065408512
CUST004918,Ava Smith,customer4918@mail.com,+1-444-448-1618,New York,USA,16332.21,616,7702238623
CUST004919,James Johnson,customer4919@mail.com,+1-444-122-9414,Dallas,USA,24978.11,611,9406739930
CUST004920,Sarah Brown,customer4920@mail.com,+1-444-209-2374,Phoenix,USA,32136.96,565,4600398615
CUST004921,John Walker,customer4921@mail.com,+1-444-460-5491,Phoenix,USA,2228.72,682,9401313752
CUST004922,James Wilson,customer4922@mail.com,+1-444-969-6630,New York,USA,47278.54,328,5256994313
CUST004923,Daniel Taylor,customer4923@mail.com,+1-444-295-8890,New York,USA,17151.95,454,5710429565
CUST004924,Sophia Smith,customer4924@mail.com,+1-444-617-4857,Chicago,USA,18188.95,754,3390770135
CUST004925,Daniel Clark,customer4925@mail.com,+1-444-203-7256,New York,USA,45028.86,652,6513983236
CUST004926,Emma Hall,customer4926@mail.com,+1-444-543-2042,New York,USA,32536.81,595,2112702963
CUST004927,Ava Wilson,customer4927@mail.com,+1-444-969-5472,Chicago,USA,11348.11,336,7667839091
CUST004928,Michael Johnson,customer4928@mail.com,+1-444-307-9481,Phoenix,USA,45318.06,638,6962333452
CUST004929,Emma Davis,customer4929@mail.com,+1-444-636-3578,Phoenix,USA,14444.59,401,3540183159
CUST004930,Daniel Johnson,customer4930@mail.com,+1-444-337-5919,Dallas,USA,1030.52,698,6407743345
CUST004931,Olivia Davis,customer4931@mail.com,+1-444-240-2945,Dallas,USA,26006.3,602,7871812696
CUST004932,Emma Brown,customer4932@mail.com,+1-444-399-3851,New York,USA,45435.47,837,1911792223
CUST004933,Olivia Wilson,customer4933@mail.com,+1-444-836-5680,Dallas,USA,23775.6,813,7138369480
CUST004934,Ava Wilson,customer4934@mail.com,+1-444-569-2293,Phoenix,USA,37734.04,368,7944412545
CUST004935,Daniel Clark,customer4935@mail.com,+1-444-752-9137,Phoenix,USA,22590.68,347,9275698791
CUST004936,Sarah Wilson,customer4936@mail.com,+1-444-600-1267,Phoenix,USA,44278.77,649,7057302195
CUST004937,Emma Wilson,customer4937@mail.com,+1-444-651-7122,Chicago,USA,30532.79,311,8552626620
CUST004938,David Taylor,customer4938@mail.com,+1-444-742-8928,Phoenix,USA,6675.22,341,3992208342
CUST004939,Sarah Johnson,customer4939@mail.com,+1-444-470-4740,New York,USA,15773.36,826,5146130313
CUST004940,Michael Johnson,customer4940@mail.com,+1-444-660-5883,New York,USA,14722.93,768,7371900767
CUST004941,Michael Hall,customer4941@mail.com,+1-444-672-2668,Chicago,USA,14754.39,332,2311452247
CUST004942,John Davis,customer4942@mail.com,+1-444-629-7992,Dallas,USA,4267.95,773,6916572378
CUST004943,Emma Wilson,customer4943@mail.com,+1-444-716-1919,Chicago,USA,21222.66,334,2656808525
CUST004944,Daniel Johnson,customer4944@mail.com,+1-444-152-9275,New York,USA,46353.81,496,7449001531
CUST004945,Sophia Smith,customer4945@mail.com,+1-444-566-3675,Phoenix,USA,37585.63,393,3071150946
CUST004946,Olivia Johnson,customer4946@mail.com,+1-444-839-3718,New York,USA,39901.71,711,4823767619
CUST004947,Michael Wilson,customer4947@mail.com,+1-444-914-5254,New York,USA,42154.7,830,1140565714
CUST004948,David Lewis,customer4948@mail.com,+1-444-266-7712,New York,USA,21127.38,575,4865645079
CUST004949,Daniel Smith,customer4949@mail.com,+1-444-775-8407,New York,USA,1578.69,767,3673215796
CUST004950,John Taylor,customer4950@mail.com,+1-444-469-2566,Chicago,USA,20625.95,624,7947969080
CUST004951,Ava Hall,customer4951@mail.com,+1-444-398-4434,Phoenix,USA,19899.06,848,4524970838
CUST004952,David Taylor,customer4952@mail.com,+1-444-641-6757,Chicago,USA,7470.88,691,7998868609
CUST004953,Olivia Hall,customer4953@mail.com,+1-444-988-8587,Dallas,USA,42246.85,733,6533799463
CUST004954,Olivia Wilson,customer4954@mail.com,+1-444-653-6137,Phoenix,USA,28851.22,447,9767058329
CUST004955,Emma Johnson,customer4955@mail.com,+1-444-521-8122,Chicago,USA,40064.76,689,9779889129
CUST004956,Ava Brown,customer4956@mail.com,+1-444-797-6020,Dallas,USA,30549.79,694,5992688835
CUST004957,John Wilson,customer4957@mail.com,+1-444-282-8936,Phoenix,USA,24918.66,346,1691591499
CUST004958,Sophia Taylor,customer4958@mail.com,+1-444-803-3899,Dallas,USA,37415.38,543,7626150297
CUST004959,Olivia Brown,customer4959@mail.com,+1-444-453-1663,Dallas,USA,12935.09,566,7242141348
CUST004960,Emma Clark,customer4960@mail.com,+1-444-784-9546,Dallas,USA,26441.99,725,8297544495
CUST004961,James Walker,customer4961@mail.com,+1-444-972-3287,New York,USA,20832.56,521,6504112302
CUST004962,Michael Walker,customer4962@mail.com,+1-444-355-4841,New York,USA,28090.49,759,5544176225
CUST004963,Michael Lewis,customer4963@mail.com,+1-444-175-2459,Chicago,USA,8582.81,603,3967779612
CUST004964,Olivia Wilson,customer4964@mail.com,+1-444-429-2371,Phoenix,USA,14931.92,491,9949164342
CUST004965,Michael Wilson,customer4965@mail.com,+1-444-327-1036,Dallas,USA,12440.0,437,5137615358
CUST004966,John Taylor,customer4966@mail.com,+1-444-316-2366,New York,USA,23431.02,762,5011002460
CUST004967,Sarah Davis,customer4967@mail.com,+1-444-437-8209,Chicago,USA,45846.48,305,5390244671
CUST004968,Olivia Wilson,customer4968@mail.com,+1-444-837-4323,Dallas,USA,33561.87,327,5479421994
CUST004969,Sophia Lewis,customer4969@mail.com,+1-444-336-2497,Phoenix,USA,18072.49,343,7314068128
CUST004970,Sophia Davis,customer4970@mail.com,+1-444-814-1875,Phoenix,USA,12435.77,372,9131690933
CUST004971,Michael Taylor,customer4971@mail.com,+1-444-150-1958,New York,USA,7210.6,600,3241005872
CUST004972,James Brown,customer4972@mail.com,+1-444-503-5522,Phoenix,USA,21051.64,321,4612439919
CUST004973,Ava Hall,customer4973@mail.com,+1-444-342-2435,Chicago,USA,36387.98,533,9666861839
CUST004974,Sarah Davis,customer4974@mail.com,+1-444-742-1328,Chicago,USA,3915.01,601,7538275399
CUST004975,Ava Clark,customer4975@mail.com,+1-444-146-3615,Phoenix,USA,13831.07,648,8315344014
CUST004976,Sophia Clark,customer4976@mail.com,+1-444-567-4503,Phoenix,USA,36913.45,402,3968369729
CUST004977,Ava Clark,customer4977@mail.com,+1-444-802-4168,Phoenix,USA,3651.48,367,1267634676
CUST004978,Emma Johnson,customer4978@mail.com,+1-444-448-3884,Phoenix,USA,9718.73,713,5325292044
CUST004979,Sarah Hall,customer4979@mail.com,+1-444-131-6171,Dallas,USA,49134.81,312,1251977904
CUST004980,Daniel Smith,customer4980@mail.com,+1-444-527-6257,Chicago,USA,48567.83,604,5654928148
CUST004981,Michael Clark,customer4981@mail.com,+1-444-919-3383,Chicago,USA,25805.97,328,6515520863
CUST004982,Olivia Johnson,customer4982@mail.com,+1-444-297-9678,Phoenix,USA,9410.5,324,4924186787
CUST004983,Olivia Davis,customer4983@mail.com,+1-444-509-5406,New York,USA,31237.87,751,1227244597
CUST004984,Olivia Davis,customer4984@mail.com,+1-444-799-7461,New York,USA,855.33,707,2333485092
CUST004985,James Wilson,customer4985@mail.com,+1-444-552-9475,Dallas,USA,40200.41,724,1722620538
CUST004986,James Brown,customer4986@mail.com,+1-444-306-6484,New York,USA,47477.95,810,5774669176
CUST004987,Ava Taylor,customer4987@mail.com,+1-444-552-6117,New York,USA,12408.28,427,5973338548
CUST004988,David Johnson,customer4988@mail.com,+1-444-694-7339,Phoenix,USA,19221.36,572,1209794055
CUST004989,Sophia Davis,customer4989@mail.com,+1-444-898-9257,Phoenix,USA,49902.49,672,7607894734
CUST004990,David Brown,customer4990@mail.com,+1-444-797-6960,Phoenix,USA,36131.14,335,7712876195
CUST004991,Michael Clark,customer4991@mail.com,+1-444-482-7495,New York,USA,45435.81,648,7656822054
CUST004992,Michael Clark,customer4992@mail.com,+1-444-881-9850,Dallas,USA,2639.34,553,3121643057
CUST004993,James Hall,customer4993@mail.com,+1-444-938-9554,Phoenix,USA,21075.64,423,1046597034
CUST004994,Daniel Clark,customer4994@mail.com,+1-444-233-5197,New York,USA,26878.88,418,3773393309
CUST004995,Olivia Clark,customer4995@mail.com,+1-444-166-1759,Phoenix,USA,31305.43,514,5278699723
CUST004996,Sophia Johnson,customer4996@mail.com,+1-444-362-5802,Dallas,USA,15132.94,808,4593483695
CUST004997,John Wilson,customer4997@mail.com,+1-444-758-8825,Chicago,USA,34924.69,824,3896574963
CUST004998,Sarah Brown,customer4998@mail.com,+1-444-146-1572,New York,USA,34931.77,587,1690576946
CUST004999,Olivia Smith,customer4999@mail.com,+1-444-969-1995,New York,USA,44192.21,320,3615136266
CUST005000,Sophia Davis,customer5000@mail.com,+1-444-327-9516,New York,USA,41605.14,371,4969240567
CUST005001,Michael Walker,customer5001@mail.com,+1-444-886-7808,Dallas,USA,8879.97,424,1009377263
CUST005002,James Wilson,customer5002@mail.com,+1-444-807-7263,Dallas,USA,37899.82,671,9197537481
CUST005003,Sarah Johnson,customer5003@mail.com,+1-444-513-8684,Chicago,USA,23161.38,517,1020065091
CUST005004,Sarah Davis,customer5004@mail.com,+1-444-945-3167,Chicago,USA,45328.6,571,4600093014
CUST005005,Ava Clark,customer5005@mail.com,+1-444-517-7669,Chicago,USA,31780.14,721,9245144325
CUST005006,Olivia Brown,customer5006@mail.com,+1-444-175-6432,Chicago,USA,47395.72,547,4368624599
CUST005007,Daniel Clark,customer5007@mail.com,+1-444-900-6519,Chicago,USA,5104.27,310,8664929654
CUST005008,David Johnson,customer5008@mail.com,+1-444-646-3304,Chicago,USA,46875.89,698,8627971582
CUST005009,Sarah Wilson,customer5009@mail.com,+1-444-897-7355,Chicago,USA,36594.12,399,3745972739
CUST005010,James Hall,customer5010@mail.com,+1-444-255-5251,New York,USA,19184.2,459,4565406025
CUST005011,Emma Clark,customer5011@mail.com,+1-444-149-4815,Chicago,USA,42579.0,319,5634513855
CUST005012,James Smith,customer5012@mail.com,+1-444-737-4581,New York,USA,10608.02,569,7909123622
CUST005013,Emma Hall,customer5013@mail.com,+1-444-161-1906,Dallas,USA,40440.14,555,9738756188
CUST005014,David Johnson,customer5014@mail.com,+1-444-282-2713,Dallas,USA,32677.11,546,8734343604
CUST005015,John Brown,customer5015@mail.com,+1-444-982-9771,New York,USA,16894.52,381,1887095594
CUST005016,Emma Clark,customer5016@mail.com,+1-444-199-1747,Chicago,USA,29516.93,328,2101125490
CUST005017,Olivia Davis,customer5017@mail.com,+1-444-515-6680,New York,USA,15116.52,683,2592311973
CUST005018,Ava Brown,customer5018@mail.com,+1-444-384-2677,Phoenix,USA,23407.39,812,5902564298
CUST005019,David Hall,customer5019@mail.com,+1-444-937-6728,Dallas,USA,25153.91,618,1276828600
CUST005020,David Davis,customer5020@mail.com,+1-444-711-6344,Chicago,USA,47574.41,835,3613485093
CUST005021,David Walker,customer5021@mail.com,+1-444-925-8899,New York,USA,32551.82,381,9094787115
CUST005022,Daniel Brown,customer5022@mail.com,+1-444-998-9744,New York,USA,1287.93,565,9011977681
CUST005023,David Johnson,customer5023@mail.com,+1-444-718-2041,Phoenix,USA,20518.82,509,2943776231
CUST005024,Olivia Clark,customer5024@mail.com,+1-444-169-8502,Dallas,USA,3442.47,696,9359202971
CUST005025,Olivia Davis,customer5025@mail.com,+1-444-768-4942,Dallas,USA,37060.56,588,5206474705
CUST005026,Sarah Clark,customer5026@mail.com,+1-444-785-4460,New York,USA,5811.83,462,3823458898
CUST005027,James Johnson,customer5027@mail.com,+1-444-367-5030,Phoenix,USA,8362.54,329,5553739690
CUST005028,Michael Johnson,customer5028@mail.com,+1-444-597-5848,New York,USA,33392.25,817,7707879893
CUST005029,Michael Davis,customer5029@mail.com,+1-444-767-3246,Dallas,USA,20227.72,773,5215204585
CUST005030,Daniel Lewis,customer5030@mail.com,+1-444-557-1036,Dallas,USA,26650.7,542,7211476497
CUST005031,Sarah Walker,customer5031@mail.com,+1-444-724-9787,Phoenix,USA,2694.44,524,1889799023
CUST005032,David Lewis,customer5032@mail.com,+1-444-136-1849,New York,USA,42226.7,450,9663760932
CUST005033,Olivia Smith,customer5033@mail.com,+1-444-484-9949,Phoenix,USA,18334.59,531,2973389752
CUST005034,Sophia Clark,customer5034@mail.com,+1-444-241-3870,Dallas,USA,5865.13,345,7391131807
CUST005035,Emma Brown,customer5035@mail.com,+1-444-860-4894,Phoenix,USA,9039.21,408,2317459974
CUST005036,Daniel Hall,customer5036@mail.com,+1-444-980-4383,Phoenix,USA,7942.15,543,9352885839
CUST005037,David Hall,customer5037@mail.com,+1-444-740-9772,New York,USA,39637.65,586,5194936116
CUST005038,Sarah Hall,customer5038@mail.com,+1-444-898-2338,Dallas,USA,14751.16,392,1480934603
CUST005039,John Lewis,customer5039@mail.com,+1-444-109-4287,Chicago,USA,48184.34,751,4049811711
CUST005040,Michael Johnson,customer5040@mail.com,+1-444-946-4250,Chicago,USA,3429.98,542,3057167695
CUST005041,Emma Walker,customer5041@mail.com,+1-444-815-1109,Dallas,USA,45635.72,359,4272925094
CUST005042,Daniel Hall,customer5042@mail.com,+1-444-118-8969,Chicago,USA,24655.96,335,6912998455
CUST005043,David Taylor,customer5043@mail.com,+1-444-842-9291,Dallas,USA,5582.32,344,8085944391
CUST005044,Michael Johnson,customer5044@mail.com,+1-444-111-2615,Dallas,USA,24854.35,324,5327257984
CUST005045,Olivia Clark,customer5045@mail.com,+1-444-958-7122,Phoenix,USA,22857.38,636,8550574511
CUST005046,John Walker,customer5046@mail.com,+1-444-815-6299,New York,USA,21459.19,385,9112982214
CUST005047,Sophia Taylor,customer5047@mail.com,+1-444-232-5484,Dallas,USA,25278.03,460,5755686400
CUST005048,James Lewis,customer5048@mail.com,+1-444-251-4695,Dallas,USA,43796.82,494,7508594251
CUST005049,Emma Wilson,customer5049@mail.com,+1-444-421-2240,Phoenix,USA,9007.59,606,3267429746
CUST005050,David Taylor,customer5050@mail.com,+1-444-320-7092,Dallas,USA,46745.84,424,1912311067
CUST005051,Sarah Clark,customer5051@mail.com,+1-444-670-6989,Chicago,USA,10955.47,635,4087773443
CUST005052,Emma Davis,customer5052@mail.com,+1-444-191-6149,Chicago,USA,19016.83,779,6620662842
CUST005053,Sophia Wilson,customer5053@mail.com,+1-444-818-3101,Phoenix,USA,22774.97,650,5085074582
CUST005054,Michael Taylor,customer5054@mail.com,+1-444-934-7119,Phoenix,USA,6235.26,796,5288368640
CUST005055,John Wilson,customer5055@mail.com,+1-444-971-4960,Chicago,USA,4837.19,448,1592804830
CUST005056,Ava Johnson,customer5056@mail.com,+1-444-478-4020,Phoenix,USA,20520.97,374,2028976371
CUST005057,Sarah Johnson,customer5057@mail.com,+1-444-339-3984,Dallas,USA,34970.32,702,2527730303
CUST005058,Emma Walker,customer5058@mail.com,+1-444-446-1001,Phoenix,USA,2836.82,323,7580279894
CUST005059,James Lewis,customer5059@mail.com,+1-444-404-2466,New York,USA,32065.77,749,4598171783
CUST005060,David Davis,customer5060@mail.com,+1-444-251-8161,New York,USA,20389.78,516,9756938993
CUST005061,Daniel Johnson,customer5061@mail.com,+1-444-159-7797,Dallas,USA,33596.2,388,6713354113
CUST005062,Sophia Brown,customer5062@mail.com,+1-444-465-8006,Dallas,USA,33238.99,551,1100007966
CUST005063,James Clark,customer5063@mail.com,+1-444-724-7168,Phoenix,USA,48028.28,585,4881811979
CUST005064,Sophia Walker,customer5064@mail.com,+1-444-591-1546,New York,USA,34879.05,740,2610141180
CUST005065,Emma Smith,customer5065@mail.com,+1-444-455-6375,Chicago,USA,44117.34,385,7662646109
CUST005066,Sophia Hall,customer5066@mail.com,+1-444-627-6489,Phoenix,USA,29996.43,437,5159983046
CUST005067,Olivia Lewis,customer5067@mail.com,+1-444-130-6561,New York,USA,32201.8,565,7361887949
CUST005068,Emma Brown,customer5068@mail.com,+1-444-342-2893,Chicago,USA,13991.33,597,1143038037
CUST005069,Sophia Walker,customer5069@mail.com,+1-444-389-8138,Phoenix,USA,10658.1,830,9870588712
CUST005070,Daniel Smith,customer5070@mail.com,+1-444-560-6355,Phoenix,USA,27269.91,530,3228720570
CUST005071,John Smith,customer5071@mail.com,+1-444-455-2873,New York,USA,12332.77,632,6631358302
CUST005072,Sophia Smith,customer5072@mail.com,+1-444-963-6025,Dallas,USA,6710.72,669,1227928158
CUST005073,Sophia Brown,customer5073@mail.com,+1-444-287-7034,Phoenix,USA,33265.11,446,5112418920
CUST005074,John Lewis,customer5074@mail.com,+1-444-969-3263,Chicago,USA,42998.15,699,4372666564
CUST005075,Michael Walker,customer5075@mail.com,+1-444-342-6169,Phoenix,USA,11138.43,388,3800870476
CUST005076,Ava Clark,customer5076@mail.com,+1-444-422-4009,Dallas,USA,8523.73,548,9333989980
CUST005077,James Davis,customer5077@mail.com,+1-444-343-1796,Phoenix,USA,15925.9,486,1855200420
CUST005078,Emma Clark,customer5078@mail.com,+1-444-229-1712,New York,USA,42509.07,499,9968805774
CUST005079,Daniel Hall,customer5079@mail.com,+1-444-169-9310,Dallas,USA,17417.88,400,2682454157
CUST005080,John Johnson,customer5080@mail.com,+1-444-223-6009,Phoenix,USA,33933.19,495,4846663395
CUST005081,Michael Brown,customer5081@mail.com,+1-444-893-1232,Phoenix,USA,21516.78,710,2245601769
CUST005082,Daniel Walker,customer5082@mail.com,+1-444-628-7154,New York,USA,18022.95,386,9133496239
CUST005083,Sophia Hall,customer5083@mail.com,+1-444-538-8531,Dallas,USA,29222.81,581,3535773724
CUST005084,James Brown,customer5084@mail.com,+1-444-796-7892,Chicago,USA,2737.69,675,4334536233
CUST005085,Olivia Davis,customer5085@mail.com,+1-444-763-8845,New York,USA,17846.5,760,2665346364
CUST005086,Ava Hall,customer5086@mail.com,+1-444-645-1644,New York,USA,5272.33,772,2672942883
CUST005087,Sophia Wilson,customer5087@mail.com,+1-444-518-6103,New York,USA,21812.59,794,1255349651
CUST005088,Emma Clark,customer5088@mail.com,+1-444-877-2266,Phoenix,USA,39463.83,336,9503170538
CUST005089,Sarah Taylor,customer5089@mail.com,+1-444-908-7429,Phoenix,USA,12512.88,589,5106305228
CUST005090,Sophia Wilson,customer5090@mail.com,+1-444-569-8522,Phoenix,USA,28284.05,384,1244645796
CUST005091,John Taylor,customer5091@mail.com,+1-444-506-8599,Phoenix,USA,2210.84,496,2406256306
CUST005092,Emma Clark,customer5092@mail.com,+1-444-119-1966,Phoenix,USA,31269.82,784,5378867279
CUST005093,Emma Hall,customer5093@mail.com,+1-444-924-9080,Phoenix,USA,35623.12,654,1764239603
CUST005094,David Brown,customer5094@mail.com,+1-444-782-8275,Dallas,USA,18053.33,752,9093504905
CUST005095,Ava Hall,customer5095@mail.com,+1-444-457-6707,Chicago,USA,3714.22,645,7832662251
CUST005096,James Wilson,customer5096@mail.com,+1-444-679-3581,Dallas,USA,41083.05,707,3516743336
CUST005097,Olivia Hall,customer5097@mail.com,+1-444-334-4964,Dallas,USA,48059.21,739,4468492879
CUST005098,John Davis,customer5098@mail.com,+1-444-577-9331,Dallas,USA,45130.95,411,3458711062
CUST005099,Michael Wilson,customer5099@mail.com,+1-444-825-8843,Phoenix,USA,43795.34,653,7227728867
CUST005100,Michael Clark,customer5100@mail.com,+1-444-143-9440,Phoenix,USA,687.95,741,7251389113
CUST005101,James Hall,customer5101@mail.com,+1-444-530-4474,Phoenix,USA,5126.72,410,7612619563
CUST005102,John Clark,customer5102@mail.com,+1-444-345-7335,Dallas,USA,30694.23,442,2211934258
CUST005103,Sophia Clark,customer5103@mail.com,+1-444-340-3393,Phoenix,USA,18518.69,648,5572747776
CUST005104,Sarah Hall,customer5104@mail.com,+1-444-188-5037,New York,USA,12101.59,774,2307078243
CUST005105,Sarah Brown,customer5105@mail.com,+1-444-638-9008,Phoenix,USA,6635.8,705,5051773184
CUST005106,James Hall,customer5106@mail.com,+1-444-654-1589,Dallas,USA,10489.33,385,6519938740
CUST005107,Daniel Hall,customer5107@mail.com,+1-444-272-2348,New York,USA,37389.25,450,5104729213
CUST005108,James Clark,customer5108@mail.com,+1-444-836-2021,New York,USA,9699.74,816,7712776234
CUST005109,Ava Johnson,customer5109@mail.com,+1-444-865-8343,New York,USA,8806.63,622,4377898946
CUST005110,James Johnson,customer5110@mail.com,+1-444-576-8286,New York,USA,10254.34,309,1009027740
CUST005111,David Hall,customer5111@mail.com,+1-444-545-1209,New York,USA,1708.55,467,8677924371
CUST005112,James Lewis,customer5112@mail.com,+1-444-366-8571,Chicago,USA,30773.2,843,7289572740
CUST005113,James Clark,customer5113@mail.com,+1-444-177-1907,Dallas,USA,42247.49,572,1316953311
CUST005114,David Lewis,customer5114@mail.com,+1-444-239-8493,New York,USA,1264.79,457,8401302240
CUST005115,Daniel Brown,customer5115@mail.com,+1-444-380-9313,Phoenix,USA,8383.56,793,6770253210
CUST005116,Olivia Johnson,customer5116@mail.com,+1-444-450-3298,Dallas,USA,47163.47,348,4717364839
CUST005117,Daniel Clark,customer5117@mail.com,+1-444-907-3136,Chicago,USA,46008.88,724,6010682942
CUST005118,Sarah Taylor,customer5118@mail.com,+1-444-572-5415,Chicago,USA,27610.12,734,5705201006
CUST005119,Emma Clark,customer5119@mail.com,+1-444-510-5403,New York,USA,31654.83,841,3994386523
CUST005120,Michael Wilson,customer5120@mail.com,+1-444-231-5836,Chicago,USA,12758.94,335,9110419976
CUST005121,James Hall,customer5121@mail.com,+1-444-972-3247,Chicago,USA,48804.8,689,5826908206
CUST005122,Emma Smith,customer5122@mail.com,+1-444-332-6762,Chicago,USA,32123.63,756,8740955637
CUST005123,Ava Walker,customer5123@mail.com,+1-444-174-4381,Chicago,USA,18280.81,740,7577816927
CUST005124,Sophia Clark,customer5124@mail.com,+1-444-924-3325,New York,USA,12089.53,659,6447558542
CUST005125,Sarah Lewis,customer5125@mail.com,+1-444-743-4313,Dallas,USA,49995.76,334,9727110829
CUST005126,James Taylor,customer5126@mail.com,+1-444-483-7794,New York,USA,28258.56,684,2606806631
CUST005127,James Walker,customer5127@mail.com,+1-444-198-1112,New York,USA,9595.8,611,4447538477
CUST005128,Sophia Walker,customer5128@mail.com,+1-444-412-3508,Chicago,USA,38526.89,664,1670544712
CUST005129,Olivia Walker,customer5129@mail.com,+1-444-477-4448,New York,USA,9446.13,435,8842675826
CUST005130,Olivia Taylor,customer5130@mail.com,+1-444-864-2025,Dallas,USA,27627.32,346,3202999287
CUST005131,Daniel Hall,customer5131@mail.com,+1-444-569-2071,Dallas,USA,25024.4,677,4262845373
CUST005132,Olivia Davis,customer5132@mail.com,+1-444-264-6004,New York,USA,8111.28,506,2583421610
CUST005133,Olivia Taylor,customer5133@mail.com,+1-444-665-9308,Dallas,USA,41257.51,316,8592219613
CUST005134,David Lewis,customer5134@mail.com,+1-444-145-7428,Phoenix,USA,43899.81,677,7053664433
CUST005135,David Lewis,customer5135@mail.com,+1-444-115-1753,Chicago,USA,38764.75,521,5412433424
CUST005136,Ava Walker,customer5136@mail.com,+1-444-286-2585,Phoenix,USA,38236.71,840,7815873679
CUST005137,David Taylor,customer5137@mail.com,+1-444-540-3207,New York,USA,37180.74,425,7562741952
CUST005138,Ava Johnson,customer5138@mail.com,+1-444-798-4050,Dallas,USA,23576.53,347,7074735803
CUST005139,Michael Smith,customer5139@mail.com,+1-444-934-3525,Phoenix,USA,8248.79,546,2222303049
CUST005140,Ava Clark,customer5140@mail.com,+1-444-397-2065,Chicago,USA,35396.53,736,1497580438
CUST005141,Sarah Johnson,customer5141@mail.com,+1-444-930-4449,Dallas,USA,26081.2,630,5969368965
CUST005142,John Davis,customer5142@mail.com,+1-444-949-2634,Dallas,USA,6400.72,846,3201117966
CUST005143,Sarah Walker,customer5143@mail.com,+1-444-710-3002,Chicago,USA,44823.66,432,4800429450
CUST005144,Sarah Clark,customer5144@mail.com,+1-444-739-4096,Dallas,USA,49827.21,423,8774010380
CUST005145,James Hall,customer5145@mail.com,+1-444-277-6377,Dallas,USA,17440.5,787,9620301877
CUST005146,Sophia Smith,customer5146@mail.com,+1-444-603-8614,Phoenix,USA,6295.83,595,8328922854
CUST005147,Daniel Davis,customer5147@mail.com,+1-444-337-9595,New York,USA,44635.36,433,2512030611
CUST005148,Ava Johnson,customer5148@mail.com,+1-444-722-5233,Chicago,USA,37793.83,334,9194933072
CUST005149,Ava Walker,customer5149@mail.com,+1-444-200-4120,Chicago,USA,25367.66,415,5433039577
CUST005150,Sophia Hall,customer5150@mail.com,+1-444-295-8527,New York,USA,15163.87,814,6972494306
CUST005151,Michael Lewis,customer5151@mail.com,+1-444-785-5630,Dallas,USA,41398.89,701,9332881199
CUST005152,Sophia Lewis,customer5152@mail.com,+1-444-101-8597,Chicago,USA,14580.87,386,1726983276
CUST005153,Olivia Clark,customer5153@mail.com,+1-444-474-8448,Chicago,USA,25913.48,459,1966298603
CUST005154,Michael Brown,customer5154@mail.com,+1-444-612-4627,Phoenix,USA,6440.68,300,1880451671
CUST005155,Daniel Walker,customer5155@mail.com,+1-444-799-5255,Chicago,USA,14197.19,681,2986213058
CUST005156,Daniel Wilson,customer5156@mail.com,+1-444-312-1722,Chicago,USA,4337.57,601,6023935865
CUST005157,Sarah Clark,customer5157@mail.com,+1-444-837-7135,Phoenix,USA,35901.58,551,1211217045
CUST005158,Daniel Davis,customer5158@mail.com,+1-444-729-6291,New York,USA,43849.52,782,4772029110
CUST005159,Daniel Johnson,customer5159@mail.com,+1-444-636-3482,Phoenix,USA,30966.78,481,8937789674
CUST005160,Daniel Smith,customer5160@mail.com,+1-444-584-9837,Dallas,USA,46902.89,519,3225865733
CUST005161,John Smith,customer5161@mail.com,+1-444-756-4502,Dallas,USA,16376.72,468,1513967384
CUST005162,Olivia Walker,customer5162@mail.com,+1-444-342-5518,Dallas,USA,36757.25,305,9545118487
CUST005163,David Davis,customer5163@mail.com,+1-444-761-8301,Chicago,USA,16613.29,316,7421778915
CUST005164,Olivia Lewis,customer5164@mail.com,+1-444-856-7856,Phoenix,USA,37703.19,770,6475809068
CUST005165,Olivia Wilson,customer5165@mail.com,+1-444-987-8401,Dallas,USA,5077.15,456,3015039799
CUST005166,Sarah Lewis,customer5166@mail.com,+1-444-205-1317,New York,USA,4347.57,380,2632241158
CUST005167,James Hall,customer5167@mail.com,+1-444-607-3783,New York,USA,13542.73,502,9981853454
CUST005168,David Clark,customer5168@mail.com,+1-444-963-8117,New York,USA,6840.61,772,4678579384
CUST005169,Ava Brown,customer5169@mail.com,+1-444-659-1412,New York,USA,14322.88,427,3292796746
CUST005170,Sophia Lewis,customer5170@mail.com,+1-444-356-2814,Phoenix,USA,41283.83,530,1141223612
CUST005171,Sophia Taylor,customer5171@mail.com,+1-444-400-5771,Phoenix,USA,15490.07,612,2618165147
CUST005172,Olivia Lewis,customer5172@mail.com,+1-444-933-5982,Dallas,USA,29717.07,356,4683052587
CUST005173,David Wilson,customer5173@mail.com,+1-444-562-2147,Dallas,USA,28514.21,611,9259613945
CUST005174,Michael Brown,customer5174@mail.com,+1-444-758-4049,Dallas,USA,38776.0,647,8804471996
CUST005175,John Smith,customer5175@mail.com,+1-444-166-4067,Dallas,USA,18280.54,306,1244773876
CUST005176,Olivia Davis,customer5176@mail.com,+1-444-311-3561,Chicago,USA,26383.32,774,6928427674
CUST005177,James Taylor,customer5177@mail.com,+1-444-256-7005,New York,USA,43082.74,680,3472323857
CUST005178,Michael Johnson,customer5178@mail.com,+1-444-311-2627,Chicago,USA,22222.4,424,9912482682
CUST005179,Sarah Taylor,customer5179@mail.com,+1-444-432-5712,Phoenix,USA,41595.39,456,1632773452
CUST005180,Sarah Walker,customer5180@mail.com,+1-444-816-2678,Chicago,USA,45940.79,813,6066877971
CUST005181,Daniel Johnson,customer5181@mail.com,+1-444-803-1457,Dallas,USA,37987.65,714,7725047489
CUST005182,James Johnson,customer5182@mail.com,+1-444-144-9708,Chicago,USA,30764.98,771,5503247125
CUST005183,Ava Clark,customer5183@mail.com,+1-444-207-2067,Dallas,USA,32691.7,304,2131140558
CUST005184,Daniel Clark,customer5184@mail.com,+1-444-178-8395,Dallas,USA,18345.45,802,4899927315
CUST005185,James Johnson,customer5185@mail.com,+1-444-835-3112,Dallas,USA,17744.68,346,1864920654
CUST005186,Michael Wilson,customer5186@mail.com,+1-444-470-5169,Chicago,USA,13334.54,627,5798882752
CUST005187,Olivia Wilson,customer5187@mail.com,+1-444-584-4056,Chicago,USA,43230.28,392,4670379599
CUST005188,Ava Johnson,customer5188@mail.com,+1-444-218-6180,Phoenix,USA,29571.8,761,6341357013
CUST005189,David Smith,customer5189@mail.com,+1-444-499-3366,Chicago,USA,19758.35,738,8912705084
CUST005190,James Walker,customer5190@mail.com,+1-444-644-8611,Dallas,USA,31875.58,785,9762032078
CUST005191,John Clark,customer5191@mail.com,+1-444-128-6677,Dallas,USA,16480.5,763,3833926645
CUST005192,Daniel Hall,customer5192@mail.com,+1-444-794-1686,Dallas,USA,22296.13,562,1735502844
CUST005193,Sophia Wilson,customer5193@mail.com,+1-444-515-3999,Phoenix,USA,19319.61,442,2315116604
CUST005194,Ava Wilson,customer5194@mail.com,+1-444-521-7167,Phoenix,USA,30965.27,399,2740065651
CUST005195,James Clark,customer5195@mail.com,+1-444-514-5151,New York,USA,21219.7,717,8305206460
CUST005196,Sarah Johnson,customer5196@mail.com,+1-444-628-8439,Dallas,USA,14141.33,561,6164860590
CUST005197,Daniel Wilson,customer5197@mail.com,+1-444-919-4287,New York,USA,16960.49,541,6340054356
CUST005198,James Wilson,customer5198@mail.com,+1-444-610-6202,New York,USA,425.94,561,1508770215
CUST005199,Ava Davis,customer5199@mail.com,+1-444-455-4170,New York,USA,35918.7,747,4858166116
CUST005200,John Wilson,customer5200@mail.com,+1-444-544-6053,Dallas,USA,4592.88,690,1629563550
CUST005201,David Clark,customer5201@mail.com,+1-444-210-3969,Dallas,USA,47376.34,371,8539697025
CUST005202,Emma Taylor,customer5202@mail.com,+1-444-110-1177,Dallas,USA,37892.35,610,6699568499
CUST005203,Sarah Brown,customer5203@mail.com,+1-444-302-9323,Chicago,USA,13328.56,815,4890367587
CUST005204,Olivia Brown,customer5204@mail.com,+1-444-746-4342,Chicago,USA,20246.81,720,1758296287
CUST005205,Daniel Taylor,customer5205@mail.com,+1-444-276-2703,New York,USA,27782.4,537,3478020903
CUST005206,Sarah Wilson,customer5206@mail.com,+1-444-821-6868,Dallas,USA,36696.32,572,3259277377
CUST005207,Daniel Smith,customer5207@mail.com,+1-444-173-8600,Dallas,USA,16886.33,804,8588643251
CUST005208,Michael Wilson,customer5208@mail.com,+1-444-439-1006,Chicago,USA,37072.92,831,3825359293
CUST005209,Sophia Taylor,customer5209@mail.com,+1-444-559-3791,New York,USA,39916.48,830,3609260641
CUST005210,Ava Johnson,customer5210@mail.com,+1-444-818-4370,Chicago,USA,28331.55,590,8743671911
CUST005211,Sophia Smith,customer5211@mail.com,+1-444-293-2590,Chicago,USA,17786.3,376,7087587916
CUST005212,Michael Walker,customer5212@mail.com,+1-444-199-4135,Phoenix,USA,34146.4,595,4550182136
CUST005213,Ava Clark,customer5213@mail.com,+1-444-238-7969,Dallas,USA,2389.21,457,9960534817
CUST005214,Emma Davis,customer5214@mail.com,+1-444-320-4770,Chicago,USA,11189.88,558,2413834650
CUST005215,Michael Walker,customer5215@mail.com,+1-444-464-5811,Dallas,USA,38835.19,839,2350462786
CUST005216,Emma Smith,customer5216@mail.com,+1-444-850-4478,Chicago,USA,48942.32,645,6586993647
CUST005217,John Lewis,customer5217@mail.com,+1-444-394-3013,Phoenix,USA,1142.05,524,5679803596
CUST005218,Ava Wilson,customer5218@mail.com,+1-444-463-3550,Dallas,USA,30325.12,838,5272951714
CUST005219,Sarah Walker,customer5219@mail.com,+1-444-787-9677,Phoenix,USA,13362.93,449,9866111359
CUST005220,Ava Davis,customer5220@mail.com,+1-444-757-2822,Chicago,USA,38595.61,767,8067407808
CUST005221,David Johnson,customer5221@mail.com,+1-444-373-5965,New York,USA,18162.44,590,3546418745
CUST005222,John Walker,customer5222@mail.com,+1-444-150-7593,Phoenix,USA,43588.85,617,4483206594
CUST005223,Sarah Lewis,customer5223@mail.com,+1-444-892-7562,Phoenix,USA,15567.18,685,6352139810
CUST005224,Emma Walker,customer5224@mail.com,+1-444-772-6072,Chicago,USA,12614.08,581,9394933472
CUST005225,Ava Clark,customer5225@mail.com,+1-444-789-3442,New York,USA,22842.1,433,2111235639
CUST005226,John Walker,customer5226@mail.com,+1-444-812-7521,New York,USA,38558.41,374,4458095106
CUST005227,Sophia Walker,customer5227@mail.com,+1-444-855-3569,Chicago,USA,36272.39,848,7628399685
CUST005228,Sophia Wilson,customer5228@mail.com,+1-444-203-3838,Phoenix,USA,43391.53,321,3520862654
CUST005229,Ava Johnson,customer5229@mail.com,+1-444-638-6159,New York,USA,3151.64,661,3485059318
CUST005230,John Wilson,customer5230@mail.com,+1-444-990-9296,New York,USA,20522.27,628,1611760688
CUST005231,David Clark,customer5231@mail.com,+1-444-983-5164,Chicago,USA,9662.6,317,1514618138
CUST005232,Emma Clark,customer5232@mail.com,+1-444-704-4318,Dallas,USA,27762.52,635,9690269994
CUST005233,Sophia Brown,customer5233@mail.com,+1-444-969-6235,New York,USA,32090.51,699,5682224997
CUST005234,David Davis,customer5234@mail.com,+1-444-679-9775,New York,USA,33662.78,532,7821011824
CUST005235,James Davis,customer5235@mail.com,+1-444-183-2648,Phoenix,USA,22197.48,564,4458822080
CUST005236,Ava Clark,customer5236@mail.com,+1-444-893-1744,Chicago,USA,25394.18,321,7092459904
CUST005237,John Brown,customer5237@mail.com,+1-444-946-3064,Phoenix,USA,18284.73,435,8569203150
CUST005238,Sophia Johnson,customer5238@mail.com,+1-444-501-5803,Dallas,USA,40031.3,484,7385440468
CUST005239,Daniel Walker,customer5239@mail.com,+1-444-105-3164,Phoenix,USA,36899.67,714,2267001132
CUST005240,Emma Taylor,customer5240@mail.com,+1-444-439-4860,Dallas,USA,25522.5,660,4804297039
CUST005241,Ava Lewis,customer5241@mail.com,+1-444-327-6591,Dallas,USA,13255.21,477,7671850145
CUST005242,John Lewis,customer5242@mail.com,+1-444-892-5879,Dallas,USA,35025.37,416,6703746089
CUST005243,Michael Hall,customer5243@mail.com,+1-444-450-8780,New York,USA,7624.31,726,7299693712
CUST005244,Emma Hall,customer5244@mail.com,+1-444-521-8899,Chicago,USA,36115.1,505,5403044989
CUST005245,Michael Smith,customer5245@mail.com,+1-444-168-9518,Phoenix,USA,27232.84,351,9654351290
CUST005246,John Wilson,customer5246@mail.com,+1-444-654-5835,Chicago,USA,23046.49,811,8734009055
CUST005247,Daniel Davis,customer5247@mail.com,+1-444-835-8508,Phoenix,USA,23162.55,562,8494250834
CUST005248,Sophia Smith,customer5248@mail.com,+1-444-695-2461,Phoenix,USA,25496.79,522,8239618180
CUST005249,Emma Davis,customer5249@mail.com,+1-444-628-1004,New York,USA,4540.38,765,8583675981
CUST005250,Sophia Johnson,customer5250@mail.com,+1-444-885-6865,Dallas,USA,27689.09,328,9585736431
CUST005251,John Clark,customer5251@mail.com,+1-444-278-1805,Phoenix,USA,14030.86,766,7925875028
CUST005252,Michael Smith,customer5252@mail.com,+1-444-740-6529,Dallas,USA,28718.91,847,7835395344
CUST005253,Ava Johnson,customer5253@mail.com,+1-444-856-9340,Chicago,USA,9579.56,813,5535994094
CUST005254,Sophia Hall,customer5254@mail.com,+1-444-626-2530,Chicago,USA,11987.67,688,2237923994
CUST005255,Olivia Johnson,customer5255@mail.com,+1-444-387-5495,Chicago,USA,37074.55,484,8225041973
CUST005256,Emma Hall,customer5256@mail.com,+1-444-342-8651,Chicago,USA,301.95,377,1898194771
CUST005257,Daniel Wilson,customer5257@mail.com,+1-444-309-7738,New York,USA,30082.73,673,6358468348
CUST005258,Daniel Johnson,customer5258@mail.com,+1-444-571-9143,Chicago,USA,4104.85,383,6644164289
CUST005259,John Brown,customer5259@mail.com,+1-444-588-1591,Dallas,USA,23724.07,844,1069748800
CUST005260,Sophia Lewis,customer5260@mail.com,+1-444-770-3285,Dallas,USA,10120.1,432,4992171322
CUST005261,David Lewis,customer5261@mail.com,+1-444-364-4262,New York,USA,8758.65,494,6944216230
CUST005262,John Clark,customer5262@mail.com,+1-444-119-6171,Dallas,USA,38763.3,380,7758361754
CUST005263,David Lewis,customer5263@mail.com,+1-444-925-5013,Chicago,USA,20940.31,465,2310430471
CUST005264,Emma Hall,customer5264@mail.com,+1-444-360-6202,Chicago,USA,48588.17,631,8522788781
CUST005265,Michael Smith,customer5265@mail.com,+1-444-348-7533,Dallas,USA,15189.67,704,2846086490
CUST005266,Sarah Hall,customer5266@mail.com,+1-444-249-6740,New York,USA,23316.0,407,9931067247
CUST005267,Olivia Hall,customer5267@mail.com,+1-444-622-2677,Dallas,USA,48664.14,552,3333575786
CUST005268,John Wilson,customer5268@mail.com,+1-444-605-4245,Chicago,USA,38089.02,672,6001634430
CUST005269,Sophia Clark,customer5269@mail.com,+1-444-773-8132,New York,USA,36162.42,546,2923325175
CUST005270,Michael Smith,customer5270@mail.com,+1-444-485-8427,Chicago,USA,21499.09,719,3719798284
CUST005271,John Clark,customer5271@mail.com,+1-444-704-2161,Dallas,USA,11876.19,329,3564075967
CUST005272,David Johnson,customer5272@mail.com,+1-444-266-1277,New York,USA,20287.05,651,1960946757
CUST005273,Sophia Taylor,customer5273@mail.com,+1-444-980-5539,Chicago,USA,5042.62,617,2353685002
CUST005274,John Clark,customer5274@mail.com,+1-444-674-7882,Phoenix,USA,40395.53,661,5040007132
CUST005275,Daniel Brown,customer5275@mail.com,+1-444-117-8188,Phoenix,USA,2792.45,432,7580511756
CUST005276,Sophia Davis,customer5276@mail.com,+1-444-414-6860,Phoenix,USA,47665.83,592,5401982450
CUST005277,Sarah Clark,customer5277@mail.com,+1-444-272-1514,Dallas,USA,29534.84,319,7803563839
CUST005278,Sarah Taylor,customer5278@mail.com,+1-444-462-1957,Phoenix,USA,44555.9,618,6292566704
CUST005279,Emma Wilson,customer5279@mail.com,+1-444-663-9317,New York,USA,44843.08,626,8310872675
CUST005280,Sophia Brown,customer5280@mail.com,+1-444-572-8418,Dallas,USA,11670.65,429,7089130523
CUST005281,Michael Davis,customer5281@mail.com,+1-444-764-9184,Phoenix,USA,29629.33,528,9762395450
CUST005282,Olivia Brown,customer5282@mail.com,+1-444-990-8449,Phoenix,USA,13571.07,713,3733715138
CUST005283,James Clark,customer5283@mail.com,+1-444-599-5653,Chicago,USA,41976.2,665,7878079329
CUST005284,John Wilson,customer5284@mail.com,+1-444-666-1553,Phoenix,USA,46885.92,841,6719239287
CUST005285,Sarah Lewis,customer5285@mail.com,+1-444-174-5923,Dallas,USA,34691.22,393,8792242136
CUST005286,Ava Clark,customer5286@mail.com,+1-444-265-4780,Chicago,USA,36314.94,638,1269958667
CUST005287,Daniel Lewis,customer5287@mail.com,+1-444-283-4163,Dallas,USA,6144.97,458,8425609589
CUST005288,Michael Brown,customer5288@mail.com,+1-444-849-6675,New York,USA,34891.78,359,7669003063
CUST005289,Sophia Lewis,customer5289@mail.com,+1-444-715-7439,New York,USA,42567.91,816,1954552774
CUST005290,John Taylor,customer5290@mail.com,+1-444-477-6122,Chicago,USA,35953.83,679,6087922844
CUST005291,Ava Hall,customer5291@mail.com,+1-444-173-9455,Phoenix,USA,28690.01,849,1571741958
CUST005292,Ava Brown,customer5292@mail.com,+1-444-804-1940,New York,USA,7469.3,816,6832938976
CUST005293,Ava Walker,customer5293@mail.com,+1-444-162-1550,New York,USA,1272.97,652,5681574325
CUST005294,James Davis,customer5294@mail.com,+1-444-316-7357,Phoenix,USA,48146.82,773,6412083057
CUST005295,Daniel Lewis,customer5295@mail.com,+1-444-397-7783,Phoenix,USA,37526.37,519,7911226918
CUST005296,John Smith,customer5296@mail.com,+1-444-214-4335,Chicago,USA,46936.28,822,6172104387
CUST005297,Ava Wilson,customer5297@mail.com,+1-444-313-6282,Dallas,USA,7343.92,580,4660324694
CUST005298,John Brown,customer5298@mail.com,+1-444-161-4301,Chicago,USA,16897.06,828,2206559413
CUST005299,David Brown,customer5299@mail.com,+1-444-387-8207,Phoenix,USA,2437.89,523,6146029839
CUST005300,Ava Smith,customer5300@mail.com,+1-444-298-3317,New York,USA,40786.3,515,8591190682
CUST005301,Olivia Johnson,customer5301@mail.com,+1-444-911-2500,Phoenix,USA,5831.37,847,4144274906
CUST005302,Michael Johnson,customer5302@mail.com,+1-444-896-5007,New York,USA,25059.76,614,5816561793
CUST005303,Olivia Johnson,customer5303@mail.com,+1-444-947-1338,New York,USA,31610.61,707,8229054334
CUST005304,Sophia Walker,customer5304@mail.com,+1-444-762-6833,Chicago,USA,49479.81,319,9402623990
CUST005305,Daniel Johnson,customer5305@mail.com,+1-444-866-4446,Dallas,USA,44890.69,849,5625835349
CUST005306,Olivia Wilson,customer5306@mail.com,+1-444-867-5280,Phoenix,USA,14610.78,826,5526674100
CUST005307,Ava Smith,customer5307@mail.com,+1-444-935-3990,New York,USA,32717.0,367,7669136791
CUST005308,Daniel Smith,customer5308@mail.com,+1-444-120-8232,New York,USA,29922.46,532,6607206976
CUST005309,Michael Taylor,customer5309@mail.com,+1-444-491-3012,Dallas,USA,42285.39,459,3576366453
CUST005310,James Davis,customer5310@mail.com,+1-444-827-5448,Dallas,USA,11893.94,792,6413896365
CUST005311,John Clark,customer5311@mail.com,+1-444-302-4166,Dallas,USA,30646.06,564,2118790022
CUST005312,David Brown,customer5312@mail.com,+1-444-531-5235,Dallas,USA,16620.69,440,9795306807
CUST005313,David Taylor,customer5313@mail.com,+1-444-807-8802,Phoenix,USA,13618.77,547,1840671077
CUST005314,Daniel Hall,customer5314@mail.com,+1-444-543-7582,Dallas,USA,32600.2,646,4601517881
CUST005315,Sophia Lewis,customer5315@mail.com,+1-444-416-1564,New York,USA,48181.33,556,5779316213
CUST005316,James Walker,customer5316@mail.com,+1-444-289-5647,Dallas,USA,28377.58,655,1957322121
CUST005317,Sophia Taylor,customer5317@mail.com,+1-444-149-5040,Chicago,USA,6713.1,703,8103523053
CUST005318,David Davis,customer5318@mail.com,+1-444-159-1033,New York,USA,32714.07,766,6692259235
CUST005319,Ava Walker,customer5319@mail.com,+1-444-346-1961,New York,USA,24171.54,692,5749276917
CUST005320,John Smith,customer5320@mail.com,+1-444-931-1732,Phoenix,USA,26151.71,496,6459322110
CUST005321,Michael Clark,customer5321@mail.com,+1-444-718-7548,Chicago,USA,3671.97,386,4219991319
CUST005322,David Brown,customer5322@mail.com,+1-444-638-4903,Dallas,USA,45614.81,398,2443788745
CUST005323,Ava Walker,customer5323@mail.com,+1-444-238-3697,New York,USA,18192.57,722,7256653421
CUST005324,David Clark,customer5324@mail.com,+1-444-187-3214,Phoenix,USA,6220.55,628,8197717432
CUST005325,James Walker,customer5325@mail.com,+1-444-902-2478,Chicago,USA,2215.77,513,4630485066
CUST005326,Olivia Clark,customer5326@mail.com,+1-444-776-9026,Phoenix,USA,36566.54,738,4046001579
CUST005327,Michael Johnson,customer5327@mail.com,+1-444-274-6873,New York,USA,38097.37,816,4007677961
CUST005328,Sophia Smith,customer5328@mail.com,+1-444-431-2417,New York,USA,14629.3,588,7892760290
CUST005329,John Taylor,customer5329@mail.com,+1-444-714-4325,Dallas,USA,22268.52,757,8321482241
CUST005330,John Clark,customer5330@mail.com,+1-444-384-8340,Phoenix,USA,23317.79,357,9418599947
CUST005331,Sarah Brown,customer5331@mail.com,+1-444-812-1517,Phoenix,USA,19405.1,326,2864810761
CUST005332,Emma Smith,customer5332@mail.com,+1-444-442-2651,Dallas,USA,26558.47,430,3608523977
CUST005333,James Brown,customer5333@mail.com,+1-444-467-8612,Dallas,USA,16134.02,325,1191308338
CUST005334,James Lewis,customer5334@mail.com,+1-444-816-2965,New York,USA,17096.56,405,2656627479
CUST005335,David Smith,customer5335@mail.com,+1-444-653-9867,Dallas,USA,16594.49,571,7071858929
CUST005336,James Johnson,customer5336@mail.com,+1-444-520-1407,New York,USA,32655.93,836,3892716237
CUST005337,Sophia Brown,customer5337@mail.com,+1-444-711-1672,Dallas,USA,43069.49,371,6343350946
CUST005338,Sophia Clark,customer5338@mail.com,+1-444-706-4788,Phoenix,USA,41850.01,485,9248818909
CUST005339,Michael Wilson,customer5339@mail.com,+1-444-226-4436,Chicago,USA,28242.94,325,2125517974
CUST005340,Sarah Walker,customer5340@mail.com,+1-444-175-5502,Phoenix,USA,19198.71,463,4590698637
CUST005341,Olivia Hall,customer5341@mail.com,+1-444-209-4869,Phoenix,USA,12351.08,434,6966977353
CUST005342,Sophia Hall,customer5342@mail.com,+1-444-272-7683,New York,USA,10543.5,733,5537280278
CUST005343,Olivia Lewis,customer5343@mail.com,+1-444-501-2290,Dallas,USA,49972.38,787,9268628409
CUST005344,Daniel Lewis,customer5344@mail.com,+1-444-802-2472,Dallas,USA,13461.76,479,9966023705
CUST005345,James Clark,customer5345@mail.com,+1-444-842-6836,Chicago,USA,42181.83,493,9992232148
CUST005346,James Clark,customer5346@mail.com,+1-444-551-5397,New York,USA,12110.14,519,8839580182
CUST005347,Sarah Walker,customer5347@mail.com,+1-444-539-2703,Chicago,USA,30070.81,422,9916709911
CUST005348,Ava Wilson,customer5348@mail.com,+1-444-322-6694,Phoenix,USA,29508.52,361,4337609618
CUST005349,Emma Hall,customer5349@mail.com,+1-444-836-2151,Dallas,USA,9584.5,571,5320803370
CUST005350,John Davis,customer5350@mail.com,+1-444-554-3564,Dallas,USA,4755.35,424,2091629272
CUST005351,Ava Lewis,customer5351@mail.com,+1-444-710-8316,Chicago,USA,19036.1,606,7090176929
CUST005352,David Wilson,customer5352@mail.com,+1-444-930-1065,New York,USA,48752.25,601,7298444322
CUST005353,Daniel Clark,customer5353@mail.com,+1-444-360-2267,New York,USA,18293.01,841,8992322031
CUST005354,Ava Taylor,customer5354@mail.com,+1-444-395-5347,Dallas,USA,12797.46,415,3063399624
CUST005355,Daniel Lewis,customer5355@mail.com,+1-444-266-4083,Phoenix,USA,48025.25,536,7833943363
CUST005356,James Clark,customer5356@mail.com,+1-444-991-1995,Chicago,USA,40520.86,777,5622626978
CUST005357,Sophia Brown,customer5357@mail.com,+1-444-663-6274,New York,USA,40159.3,557,7773873292
CUST005358,Ava Clark,customer5358@mail.com,+1-444-118-4186,Phoenix,USA,10882.28,488,8488293593
CUST005359,Michael Lewis,customer5359@mail.com,+1-444-111-2175,Phoenix,USA,45250.54,559,1185305668
CUST005360,Olivia Walker,customer5360@mail.com,+1-444-982-4808,Dallas,USA,24916.04,763,4276206647
CUST005361,James Wilson,customer5361@mail.com,+1-444-877-9737,Phoenix,USA,4743.33,327,9017472816
CUST005362,John Brown,customer5362@mail.com,+1-444-809-8222,Chicago,USA,46496.03,305,9269913740
CUST005363,Emma Johnson,customer5363@mail.com,+1-444-579-2048,New York,USA,27945.99,335,1572703530
CUST005364,James Walker,customer5364@mail.com,+1-444-105-9871,New York,USA,8208.32,604,8748878910
CUST005365,Sarah Clark,customer5365@mail.com,+1-444-559-6772,Chicago,USA,22381.73,606,4204060480
CUST005366,Daniel Smith,customer5366@mail.com,+1-444-291-7929,Chicago,USA,33909.91,491,3335892039
CUST005367,James Clark,customer5367@mail.com,+1-444-994-2168,New York,USA,11147.52,483,3695314532
CUST005368,Michael Brown,customer5368@mail.com,+1-444-429-7949,Chicago,USA,35387.14,510,2834094741
CUST005369,Michael Taylor,customer5369@mail.com,+1-444-535-1343,Chicago,USA,5341.13,742,6096501900
CUST005370,Sarah Smith,customer5370@mail.com,+1-444-628-3444,Phoenix,USA,18885.49,792,1670224384
CUST005371,Emma Hall,customer5371@mail.com,+1-444-965-5125,Phoenix,USA,36420.36,720,8458407132
CUST005372,John Taylor,customer5372@mail.com,+1-444-918-5835,Phoenix,USA,4903.62,738,8318082935
CUST005373,David Walker,customer5373@mail.com,+1-444-778-7706,Chicago,USA,35572.04,413,5131431638
CUST005374,Ava Lewis,customer5374@mail.com,+1-444-732-9554,Chicago,USA,49116.15,408,7612421365
CUST005375,Ava Brown,customer5375@mail.com,+1-444-606-3810,Chicago,USA,260.91,392,6739269705
CUST005376,Sarah Clark,customer5376@mail.com,+1-444-971-8903,Phoenix,USA,12956.56,751,7200311771
CUST005377,John Wilson,customer5377@mail.com,+1-444-182-2017,Chicago,USA,12830.6,792,8384877737
CUST005378,Sophia Hall,customer5378@mail.com,+1-444-242-6076,Chicago,USA,47485.76,510,2182507271
CUST005379,James Johnson,customer5379@mail.com,+1-444-267-8447,Dallas,USA,26289.15,632,7648581726
CUST005380,Michael Davis,customer5380@mail.com,+1-444-319-4337,Phoenix,USA,41446.28,781,9649638354
CUST005381,James Walker,customer5381@mail.com,+1-444-459-6424,Chicago,USA,18603.91,552,5088639959
CUST005382,James Clark,customer5382@mail.com,+1-444-958-6413,Dallas,USA,38902.97,846,6644720773
CUST005383,Daniel Davis,customer5383@mail.com,+1-444-817-9033,Chicago,USA,25894.73,546,2440567126
CUST005384,Olivia Walker,customer5384@mail.com,+1-444-514-5019,Chicago,USA,4563.73,770,1500905960
CUST005385,James Johnson,customer5385@mail.com,+1-444-778-1180,Chicago,USA,13738.78,737,7224452192
CUST005386,James Hall,customer5386@mail.com,+1-444-103-6727,Dallas,USA,43908.79,677,5108094772
CUST005387,Olivia Taylor,customer5387@mail.com,+1-444-947-2843,Dallas,USA,38816.35,360,7027079236
CUST005388,Michael Wilson,customer5388@mail.com,+1-444-283-9070,Chicago,USA,27082.92,473,7662225371
CUST005389,Emma Lewis,customer5389@mail.com,+1-444-641-9061,Phoenix,USA,4997.18,803,3034868533
CUST005390,Daniel Davis,customer5390@mail.com,+1-444-793-1317,Chicago,USA,21270.06,734,8168437413
CUST005391,James Johnson,customer5391@mail.com,+1-444-784-4157,Phoenix,USA,17510.79,846,2626747645
CUST005392,Sarah Taylor,customer5392@mail.com,+1-444-706-2291,Dallas,USA,30097.55,461,8845335927
CUST005393,Ava Smith,customer5393@mail.com,+1-444-622-6469,Chicago,USA,16987.55,603,3246340962
CUST005394,Sophia Hall,customer5394@mail.com,+1-444-495-9799,Chicago,USA,5015.87,407,4221517754
CUST005395,David Johnson,customer5395@mail.com,+1-444-256-7014,New York,USA,46048.99,809,4951392162
CUST005396,Michael Hall,customer5396@mail.com,+1-444-461-9248,Phoenix,USA,35224.3,514,8975099066
CUST005397,James Davis,customer5397@mail.com,+1-444-318-5362,New York,USA,40528.29,360,5049299138
CUST005398,John Wilson,customer5398@mail.com,+1-444-483-4514,Chicago,USA,37847.99,504,3019141030
CUST005399,Sophia Davis,customer5399@mail.com,+1-444-979-7922,New York,USA,37850.37,460,5952444358
CUST005400,John Wilson,customer5400@mail.com,+1-444-199-3572,Chicago,USA,31985.44,483,5114910324
CUST005401,Daniel Davis,customer5401@mail.com,+1-444-280-2216,Dallas,USA,37407.96,333,2439960345
CUST005402,Emma Hall,customer5402@mail.com,+1-444-802-2454,Dallas,USA,13116.04,556,8193293842
CUST005403,Daniel Taylor,customer5403@mail.com,+1-444-161-1147,Phoenix,USA,17229.84,739,9055133874
CUST005404,John Hall,customer5404@mail.com,+1-444-390-5105,Chicago,USA,22883.33,498,5890089365
CUST005405,Sarah Taylor,customer5405@mail.com,+1-444-821-4660,Dallas,USA,24140.38,519,1130210496
CUST005406,Sarah Smith,customer5406@mail.com,+1-444-693-8875,Chicago,USA,41606.32,574,2707094661
CUST005407,Daniel Walker,customer5407@mail.com,+1-444-892-8134,New York,USA,34957.31,746,2760219817
CUST005408,Emma Lewis,customer5408@mail.com,+1-444-245-4716,Dallas,USA,26556.23,665,2959438061
CUST005409,Michael Clark,customer5409@mail.com,+1-444-228-4967,Chicago,USA,45822.02,440,4266481711
CUST005410,Sarah Hall,customer5410@mail.com,+1-444-660-2043,Chicago,USA,22910.52,639,2395027395
CUST005411,Daniel Taylor,customer5411@mail.com,+1-444-531-3133,Phoenix,USA,9134.21,837,7424863992
CUST005412,Michael Taylor,customer5412@mail.com,+1-444-501-6172,New York,USA,48192.25,522,2347857972
CUST005413,Sophia Clark,customer5413@mail.com,+1-444-684-3514,Dallas,USA,35478.47,417,4033457783
CUST005414,Sophia Wilson,customer5414@mail.com,+1-444-525-3452,Chicago,USA,11595.36,455,4665600731
CUST005415,Emma Walker,customer5415@mail.com,+1-444-941-2529,Dallas,USA,23616.42,596,3521183792
CUST005416,Michael Taylor,customer5416@mail.com,+1-444-919-9975,Dallas,USA,22617.03,399,4893455833
CUST005417,Emma Hall,customer5417@mail.com,+1-444-273-3304,Phoenix,USA,53.93,495,8719641484
CUST005418,John Davis,customer5418@mail.com,+1-444-433-3160,Phoenix,USA,26039.82,837,2114515594
CUST005419,Olivia Wilson,customer5419@mail.com,+1-444-718-1204,Phoenix,USA,25403.12,740,2042880026
CUST005420,John Smith,customer5420@mail.com,+1-444-655-6810,Phoenix,USA,22573.35,449,7915330002
CUST005421,Sophia Clark,customer5421@mail.com,+1-444-914-5256,Dallas,USA,1474.12,404,2744687997
CUST005422,James Clark,customer5422@mail.com,+1-444-998-8073,Chicago,USA,15829.25,415,6736372733
CUST005423,Ava Taylor,customer5423@mail.com,+1-444-463-3091,Chicago,USA,28238.41,524,7554565081
CUST005424,Michael Hall,customer5424@mail.com,+1-444-581-7265,Dallas,USA,27086.74,628,1430380118
CUST005425,Emma Walker,customer5425@mail.com,+1-444-442-3042,New York,USA,9720.4,663,7282849677
CUST005426,Sophia Davis,customer5426@mail.com,+1-444-344-8124,Phoenix,USA,27377.19,651,8548441086
CUST005427,Sophia Walker,customer5427@mail.com,+1-444-418-7770,Chicago,USA,31683.16,469,7465472125
CUST005428,Daniel Taylor,customer5428@mail.com,+1-444-641-5162,Dallas,USA,27111.17,715,7333633020
CUST005429,John Wilson,customer5429@mail.com,+1-444-248-8370,Phoenix,USA,19301.14,766,5809665838
CUST005430,Olivia Davis,customer5430@mail.com,+1-444-153-1696,New York,USA,371.51,405,7351465254
CUST005431,John Johnson,customer5431@mail.com,+1-444-976-8233,Dallas,USA,5925.49,617,6945158539
CUST005432,Sarah Taylor,customer5432@mail.com,+1-444-126-8844,Phoenix,USA,3845.94,614,9493190794
CUST005433,Ava Lewis,customer5433@mail.com,+1-444-488-4033,New York,USA,8687.56,759,3603590085
CUST005434,David Lewis,customer5434@mail.com,+1-444-509-9679,New York,USA,16681.05,695,5149839263
CUST005435,Ava Walker,customer5435@mail.com,+1-444-959-8568,Dallas,USA,40663.65,617,3112800378
CUST005436,Sarah Taylor,customer5436@mail.com,+1-444-500-6190,New York,USA,11919.9,755,7104040336
CUST005437,Michael Brown,customer5437@mail.com,+1-444-844-6029,Phoenix,USA,19847.7,343,7863915047
CUST005438,Michael Hall,customer5438@mail.com,+1-444-225-3029,Dallas,USA,42082.8,705,9191391835
CUST005439,James Johnson,customer5439@mail.com,+1-444-528-7126,Dallas,USA,37350.13,345,7515956433
CUST005440,David Davis,customer5440@mail.com,+1-444-146-8476,New York,USA,45535.91,682,7533542760
CUST005441,Daniel Lewis,customer5441@mail.com,+1-444-817-5091,New York,USA,17457.46,799,1090547140
CUST005442,Michael Wilson,customer5442@mail.com,+1-444-506-6781,Dallas,USA,8455.28,486,1784585776
CUST005443,Emma Walker,customer5443@mail.com,+1-444-937-9887,Phoenix,USA,9048.25,506,6757905535
CUST005444,John Brown,customer5444@mail.com,+1-444-266-9223,New York,USA,5978.57,755,4995707891
CUST005445,Daniel Wilson,customer5445@mail.com,+1-444-616-9626,New York,USA,31460.05,842,5108828252
CUST005446,David Johnson,customer5446@mail.com,+1-444-451-9067,Phoenix,USA,36633.14,753,7463121549
CUST005447,Olivia Wilson,customer5447@mail.com,+1-444-814-4131,Dallas,USA,45706.0,713,7402668151
CUST005448,James Taylor,customer5448@mail.com,+1-444-494-2386,Chicago,USA,45760.1,304,3190076053
CUST005449,Ava Taylor,customer5449@mail.com,+1-444-947-5953,New York,USA,8298.17,504,2430956049
CUST005450,Michael Hall,customer5450@mail.com,+1-444-615-2525,Phoenix,USA,18230.23,755,5240677506
CUST005451,Emma Davis,customer5451@mail.com,+1-444-728-9276,Chicago,USA,22917.64,461,9269260461
CUST005452,John Johnson,customer5452@mail.com,+1-444-216-6529,Phoenix,USA,10994.69,749,2058103370
CUST005453,Ava Brown,customer5453@mail.com,+1-444-539-5834,Phoenix,USA,13618.91,513,7322438043
CUST005454,Olivia Davis,customer5454@mail.com,+1-444-746-3336,Dallas,USA,26228.49,767,5197388865
CUST005455,John Lewis,customer5455@mail.com,+1-444-258-3858,Phoenix,USA,41789.32,441,1655303854
CUST005456,Sophia Lewis,customer5456@mail.com,+1-444-409-5335,New York,USA,1128.76,772,1460551888
CUST005457,Ava Taylor,customer5457@mail.com,+1-444-612-7472,Phoenix,USA,35659.97,389,2026500732
CUST005458,Daniel Johnson,customer5458@mail.com,+1-444-459-4451,Dallas,USA,34654.39,580,1542804645
CUST005459,John Walker,customer5459@mail.com,+1-444-805-6699,Chicago,USA,38072.21,760,2187094163
CUST005460,James Walker,customer5460@mail.com,+1-444-948-1916,New York,USA,42891.2,492,5603731344
CUST005461,John Taylor,customer5461@mail.com,+1-444-668-4233,Phoenix,USA,31686.98,843,3209833838
CUST005462,John Johnson,customer5462@mail.com,+1-444-684-4489,Chicago,USA,20181.56,833,2307610440
CUST005463,Emma Davis,customer5463@mail.com,+1-444-411-4578,Phoenix,USA,19755.21,453,1280404239
CUST005464,David Lewis,customer5464@mail.com,+1-444-906-9416,Phoenix,USA,7318.87,446,7711204477
CUST005465,Sarah Davis,customer5465@mail.com,+1-444-287-9153,Chicago,USA,12395.63,683,2279687346
CUST005466,Michael Smith,customer5466@mail.com,+1-444-144-8675,Dallas,USA,18565.42,736,3095664528
CUST005467,James Brown,customer5467@mail.com,+1-444-115-3163,New York,USA,6385.54,400,1425808958
CUST005468,Michael Davis,customer5468@mail.com,+1-444-811-2972,Chicago,USA,46423.46,583,6230544920
CUST005469,Sophia Brown,customer5469@mail.com,+1-444-753-3977,Chicago,USA,35574.98,506,8172306654
CUST005470,Sarah Lewis,customer5470@mail.com,+1-444-980-8628,New York,USA,16485.14,451,4793142673
CUST005471,Emma Smith,customer5471@mail.com,+1-444-593-5220,Chicago,USA,37757.78,775,3086383285
CUST005472,James Lewis,customer5472@mail.com,+1-444-179-3004,New York,USA,33560.24,502,4380958415
CUST005473,David Johnson,customer5473@mail.com,+1-444-210-5934,New York,USA,48125.04,529,1930520035
CUST005474,James Davis,customer5474@mail.com,+1-444-992-4360,New York,USA,45148.05,320,6933560270
CUST005475,Michael Wilson,customer5475@mail.com,+1-444-394-5013,Dallas,USA,11374.37,495,8871395880
CUST005476,Olivia Johnson,customer5476@mail.com,+1-444-318-5862,Dallas,USA,4093.59,707,7669676482
CUST005477,Ava Lewis,customer5477@mail.com,+1-444-708-5836,New York,USA,23876.61,607,2778841281
CUST005478,Ava Lewis,customer5478@mail.com,+1-444-358-5239,New York,USA,38612.49,465,3859855061
CUST005479,Emma Walker,customer5479@mail.com,+1-444-159-8068,Phoenix,USA,36602.42,439,3356772388
CUST005480,Sophia Brown,customer5480@mail.com,+1-444-196-2073,New York,USA,47909.3,455,7935899786
CUST005481,John Walker,customer5481@mail.com,+1-444-594-4623,Dallas,USA,17527.4,336,9698714562
CUST005482,Ava Wilson,customer5482@mail.com,+1-444-157-3670,Chicago,USA,37764.71,474,3738752602
CUST005483,David Taylor,customer5483@mail.com,+1-444-281-1258,Chicago,USA,22042.27,821,5761486445
CUST005484,John Davis,customer5484@mail.com,+1-444-429-7384,Phoenix,USA,18464.57,750,3962044173
CUST005485,Sophia Wilson,customer5485@mail.com,+1-444-978-7646,Dallas,USA,9989.69,400,2281645142
CUST005486,David Smith,customer5486@mail.com,+1-444-632-7779,Dallas,USA,43555.75,806,6798313130
CUST005487,Ava Lewis,customer5487@mail.com,+1-444-883-4120,Chicago,USA,926.59,684,6166340220
CUST005488,Ava Lewis,customer5488@mail.com,+1-444-992-8765,Chicago,USA,32780.75,460,9313772492
CUST005489,Michael Wilson,customer5489@mail.com,+1-444-857-1381,Dallas,USA,10293.31,837,5406311807
CUST005490,John Davis,customer5490@mail.com,+1-444-201-8485,New York,USA,7562.07,842,5046941638
CUST005491,David Smith,customer5491@mail.com,+1-444-291-8350,New York,USA,42360.13,813,1368445091
CUST005492,Sophia Lewis,customer5492@mail.com,+1-444-664-2817,Chicago,USA,32518.64,421,5317807897
CUST005493,Olivia Brown,customer5493@mail.com,+1-444-156-7798,New York,USA,26016.9,475,2923206504
CUST005494,Olivia Taylor,customer5494@mail.com,+1-444-265-4711,Phoenix,USA,47464.24,402,6856252253
CUST005495,John Clark,customer5495@mail.com,+1-444-467-4159,New York,USA,11658.01,569,6730748887
CUST005496,Sarah Clark,customer5496@mail.com,+1-444-398-4612,Dallas,USA,1467.47,512,6255214738
CUST005497,Emma Clark,customer5497@mail.com,+1-444-220-1076,Chicago,USA,17078.68,764,7602786836
CUST005498,Sophia Johnson,customer5498@mail.com,+1-444-724-4887,New York,USA,45610.95,638,2435353120
CUST005499,James Hall,customer5499@mail.com,+1-444-614-9251,Chicago,USA,934.1,418,5884311137
CUST005500,Ava Brown,customer5500@mail.com,+1-444-349-5124,New York,USA,38008.31,745,3316640703
CUST005501,Olivia Hall,customer5501@mail.com,+1-444-463-3447,Dallas,USA,49041.84,471,8935918160
CUST005502,Daniel Clark,customer5502@mail.com,+1-444-932-9839,Phoenix,USA,10016.63,737,5902453957
CUST005503,David Clark,customer5503@mail.com,+1-444-205-7635,New York,USA,25431.12,311,2076495392
CUST005504,Ava Taylor,customer5504@mail.com,+1-444-847-4276,Dallas,USA,36120.78,701,8939718638
CUST005505,Sophia Walker,customer5505@mail.com,+1-444-343-9574,New York,USA,24002.87,673,8018440602
CUST005506,Daniel Johnson,customer5506@mail.com,+1-444-369-4087,New York,USA,26576.39,381,4901327249
CUST005507,David Wilson,customer5507@mail.com,+1-444-389-4548,New York,USA,37314.54,740,4294146597
CUST005508,Emma Lewis,customer5508@mail.com,+1-444-586-5862,Phoenix,USA,44243.98,486,2090970212
CUST005509,John Smith,customer5509@mail.com,+1-444-308-5204,Dallas,USA,14534.94,522,5555888127
CUST005510,Sophia Wilson,customer5510@mail.com,+1-444-922-7110,Chicago,USA,46987.74,414,1403586059
CUST005511,Daniel Hall,customer5511@mail.com,+1-444-301-6713,Phoenix,USA,11589.98,664,3148819691
CUST005512,Michael Wilson,customer5512@mail.com,+1-444-458-8439,New York,USA,13772.82,497,5260832302
CUST005513,Emma Lewis,customer5513@mail.com,+1-444-363-1198,Dallas,USA,36149.67,829,3704577010
CUST005514,Sophia Davis,customer5514@mail.com,+1-444-846-5289,Dallas,USA,34696.58,833,9688109322
CUST005515,Sarah Walker,customer5515@mail.com,+1-444-377-5118,Chicago,USA,27151.63,408,3963068077
CUST005516,Daniel Brown,customer5516@mail.com,+1-444-486-1900,Chicago,USA,5024.26,680,8824626618
CUST005517,David Davis,customer5517@mail.com,+1-444-534-6226,New York,USA,49726.52,660,5073637108
CUST005518,Emma Hall,customer5518@mail.com,+1-444-482-4907,Dallas,USA,41919.28,557,7871398879
CUST005519,Ava Davis,customer5519@mail.com,+1-444-272-7739,Phoenix,USA,48685.83,767,1258413154
CUST005520,Olivia Hall,customer5520@mail.com,+1-444-837-4478,Chicago,USA,21608.29,535,1377056228
CUST005521,Sarah Taylor,customer5521@mail.com,+1-444-317-2933,Chicago,USA,14256.64,620,4036899746
CUST005522,Daniel Clark,customer5522@mail.com,+1-444-405-6129,Chicago,USA,46998.87,787,8583414495
CUST005523,Sophia Walker,customer5523@mail.com,+1-444-331-3476,Chicago,USA,42421.85,416,9804112452
CUST005524,Ava Johnson,customer5524@mail.com,+1-444-711-4669,New York,USA,23730.19,381,8862133603
CUST005525,Emma Hall,customer5525@mail.com,+1-444-938-9644,Phoenix,USA,4468.41,832,2987807296
CUST005526,John Lewis,customer5526@mail.com,+1-444-171-8492,Phoenix,USA,3283.78,361,7436846002
CUST005527,James Lewis,customer5527@mail.com,+1-444-884-5548,New York,USA,28709.94,324,7056803760
CUST005528,Ava Taylor,customer5528@mail.com,+1-444-741-2518,Phoenix,USA,5248.37,625,9681872097
CUST005529,John Hall,customer5529@mail.com,+1-444-910-9440,Chicago,USA,14805.79,406,4159493345
CUST005530,Daniel Johnson,customer5530@mail.com,+1-444-108-8007,New York,USA,22978.48,659,4602479172
CUST005531,Sarah Davis,customer5531@mail.com,+1-444-463-7337,Chicago,USA,30178.98,675,3640412364
CUST005532,David Brown,customer5532@mail.com,+1-444-775-3115,Chicago,USA,36625.25,376,8265184477
CUST005533,Daniel Clark,customer5533@mail.com,+1-444-345-1557,New York,USA,36302.73,770,3404878068
CUST005534,David Lewis,customer5534@mail.com,+1-444-244-5531,Dallas,USA,2712.15,660,9975626680
CUST005535,Emma Lewis,customer5535@mail.com,+1-444-651-5966,New York,USA,10313.2,790,2976358531
CUST005536,Emma Davis,customer5536@mail.com,+1-444-634-8324,Chicago,USA,1620.78,353,9476839387
CUST005537,Daniel Davis,customer5537@mail.com,+1-444-232-9532,Phoenix,USA,29707.35,481,9415911799
CUST005538,Olivia Brown,customer5538@mail.com,+1-444-840-2766,New York,USA,43572.84,602,2388302044
CUST005539,Michael Taylor,customer5539@mail.com,+1-444-203-8767,Phoenix,USA,41263.64,527,3254379516
CUST005540,David Taylor,customer5540@mail.com,+1-444-930-4776,New York,USA,31770.54,697,6252488347
CUST005541,Ava Clark,customer5541@mail.com,+1-444-873-9563,Chicago,USA,10681.13,386,2804157131
CUST005542,James Taylor,customer5542@mail.com,+1-444-492-6104,Chicago,USA,24078.66,440,3045401770
CUST005543,Sophia Walker,customer5543@mail.com,+1-444-706-6350,Chicago,USA,7070.96,760,3677747556
CUST005544,Sophia Wilson,customer5544@mail.com,+1-444-994-6716,Phoenix,USA,31907.98,315,3026502816
CUST005545,David Walker,customer5545@mail.com,+1-444-866-4160,New York,USA,47845.19,737,4268790640
CUST005546,John Johnson,customer5546@mail.com,+1-444-668-1316,Dallas,USA,10972.89,624,7537962586
CUST005547,Emma Taylor,customer5547@mail.com,+1-444-354-2833,New York,USA,40404.76,844,1686781564
CUST005548,Daniel Smith,customer5548@mail.com,+1-444-934-4120,Chicago,USA,3353.66,642,6815801531
CUST005549,Olivia Clark,customer5549@mail.com,+1-444-704-4955,Dallas,USA,17433.74,411,9234355253
CUST005550,Sarah Johnson,customer5550@mail.com,+1-444-246-6787,New York,USA,39646.54,799,6200471358
CUST005551,Daniel Clark,customer5551@mail.com,+1-444-996-7247,Chicago,USA,17031.02,623,7300868606
CUST005552,Emma Smith,customer5552@mail.com,+1-444-183-8093,Chicago,USA,48469.45,759,5002108478
CUST005553,Sarah Walker,customer5553@mail.com,+1-444-964-8937,New York,USA,20957.29,582,5488510643
CUST005554,Olivia Walker,customer5554@mail.com,+1-444-261-1732,New York,USA,25912.19,744,1726532960
CUST005555,Michael Lewis,customer5555@mail.com,+1-444-211-6635,New York,USA,21506.26,517,2182125831
CUST005556,David Smith,customer5556@mail.com,+1-444-529-8212,New York,USA,21320.58,849,6913506135
CUST005557,James Walker,customer5557@mail.com,+1-444-546-2310,Dallas,USA,45975.66,660,5413607344
CUST005558,Daniel Clark,customer5558@mail.com,+1-444-280-5957,Dallas,USA,41749.0,581,1487707003
CUST005559,Sarah Brown,customer5559@mail.com,+1-444-459-2916,Phoenix,USA,46088.14,683,4224585958
CUST005560,Sarah Brown,customer5560@mail.com,+1-444-167-6800,Chicago,USA,47815.25,460,1444216332
CUST005561,Sophia Lewis,customer5561@mail.com,+1-444-899-2439,Dallas,USA,39155.39,465,4550056448
CUST005562,John Brown,customer5562@mail.com,+1-444-422-8995,Dallas,USA,8633.52,434,4990403844
CUST005563,James Smith,customer5563@mail.com,+1-444-975-1541,Chicago,USA,31039.0,819,3301228299
CUST005564,Daniel Clark,customer5564@mail.com,+1-444-843-7016,Dallas,USA,20664.17,818,3054814277
CUST005565,Sophia Clark,customer5565@mail.com,+1-444-524-5616,New York,USA,30410.53,563,3500311137
CUST005566,David Taylor,customer5566@mail.com,+1-444-246-4036,Dallas,USA,15278.93,734,3552220128
CUST005567,Daniel Johnson,customer5567@mail.com,+1-444-292-5500,New York,USA,11522.33,339,4510706811
CUST005568,Olivia Hall,customer5568@mail.com,+1-444-552-9094,Phoenix,USA,23003.93,385,1711695335
CUST005569,Michael Clark,customer5569@mail.com,+1-444-655-9749,Dallas,USA,28011.46,461,3418294747
CUST005570,James Taylor,customer5570@mail.com,+1-444-424-7192,Chicago,USA,40848.9,690,6106600413
CUST005571,Olivia Brown,customer5571@mail.com,+1-444-484-6161,Dallas,USA,12082.96,597,5809008178
CUST005572,Sarah Lewis,customer5572@mail.com,+1-444-249-2410,Phoenix,USA,19732.89,803,5412026409
CUST005573,Olivia Hall,customer5573@mail.com,+1-444-259-2223,New York,USA,26645.67,658,5395432654
CUST005574,Emma Walker,customer5574@mail.com,+1-444-646-7934,New York,USA,26778.4,754,9352577943
CUST005575,Ava Hall,customer5575@mail.com,+1-444-613-4260,Chicago,USA,7682.8,760,8931239437
CUST005576,Sophia Wilson,customer5576@mail.com,+1-444-352-8819,Phoenix,USA,26022.83,786,6856185279
CUST005577,Ava Wilson,customer5577@mail.com,+1-444-241-2315,New York,USA,5272.56,850,7018213843
CUST005578,Emma Taylor,customer5578@mail.com,+1-444-895-6184,Chicago,USA,23889.12,850,1893601805
CUST005579,Daniel Clark,customer5579@mail.com,+1-444-734-6601,Phoenix,USA,33399.59,765,8215675908
CUST005580,James Johnson,customer5580@mail.com,+1-444-259-6018,Phoenix,USA,28791.28,378,9728642795
CUST005581,Sophia Johnson,customer5581@mail.com,+1-444-399-9916,Phoenix,USA,16982.56,722,7297755961
CUST005582,Sophia Johnson,customer5582@mail.com,+1-444-848-1730,Phoenix,USA,44210.8,522,1351052465
CUST005583,Olivia Walker,customer5583@mail.com,+1-444-818-8344,Chicago,USA,17209.29,378,1266456080
CUST005584,James Smith,customer5584@mail.com,+1-444-539-4640,Phoenix,USA,1671.63,805,1876112014
CUST005585,Michael Brown,customer5585@mail.com,+1-444-265-6753,New York,USA,45944.59,583,7880618872
CUST005586,Ava Wilson,customer5586@mail.com,+1-444-180-8514,Chicago,USA,17743.07,325,5493538768
CUST005587,Daniel Brown,customer5587@mail.com,+1-444-190-7423,New York,USA,48250.08,655,7363812805
CUST005588,Olivia Lewis,customer5588@mail.com,+1-444-208-8049,New York,USA,34182.25,596,4875310819
CUST005589,Olivia Clark,customer5589@mail.com,+1-444-656-7263,Dallas,USA,13243.06,618,6621636285
CUST005590,Olivia Brown,customer5590@mail.com,+1-444-190-7363,Phoenix,USA,2499.62,322,3835169283
CUST005591,Michael Smith,customer5591@mail.com,+1-444-537-3584,Chicago,USA,13741.77,545,5586148673
CUST005592,Sarah Walker,customer5592@mail.com,+1-444-164-9973,Phoenix,USA,30831.92,740,1206324520
CUST005593,Michael Clark,customer5593@mail.com,+1-444-220-6934,New York,USA,10984.32,520,4921948360
CUST005594,Sarah Davis,customer5594@mail.com,+1-444-266-5840,Dallas,USA,32540.02,645,4197027529
CUST005595,Daniel Taylor,customer5595@mail.com,+1-444-216-3554,Phoenix,USA,7486.44,830,4172819281
CUST005596,Michael Hall,customer5596@mail.com,+1-444-668-8770,Chicago,USA,1187.96,741,1192015080
CUST005597,Olivia Taylor,customer5597@mail.com,+1-444-920-7952,Dallas,USA,44353.26,628,3346897563
CUST005598,Olivia Clark,customer5598@mail.com,+1-444-281-1190,Dallas,USA,39619.85,736,5797101284
CUST005599,Olivia Clark,customer5599@mail.com,+1-444-433-6218,Phoenix,USA,30998.56,550,4497398427
CUST005600,Sarah Wilson,customer5600@mail.com,+1-444-507-5169,Phoenix,USA,47265.27,685,7458712709
CUST005601,Emma Smith,customer5601@mail.com,+1-444-598-3661,Chicago,USA,7091.57,758,9013426352
CUST005602,Sophia Walker,customer5602@mail.com,+1-444-928-7901,Phoenix,USA,28822.82,635,7817097947
CUST005603,John Wilson,customer5603@mail.com,+1-444-704-3083,Phoenix,USA,18118.2,774,9326397301
CUST005604,Sarah Hall,customer5604@mail.com,+1-444-163-1042,Chicago,USA,20628.37,706,8977294121
CUST005605,Sarah Wilson,customer5605@mail.com,+1-444-255-5521,Phoenix,USA,29136.12,586,1279203362
CUST005606,Sophia Taylor,customer5606@mail.com,+1-444-866-9182,Phoenix,USA,48323.95,425,4462447833
CUST005607,Ava Hall,customer5607@mail.com,+1-444-483-1206,Chicago,USA,47981.23,702,7763549839
CUST005608,Sophia Walker,customer5608@mail.com,+1-444-472-3261,Chicago,USA,41695.46,638,3010222365
CUST005609,Michael Brown,customer5609@mail.com,+1-444-404-1020,New York,USA,9702.74,429,5306293514
CUST005610,Daniel Taylor,customer5610@mail.com,+1-444-540-5721,New York,USA,49712.47,546,4076150191
CUST005611,Ava Clark,customer5611@mail.com,+1-444-472-8404,Dallas,USA,45898.91,310,3500563806
CUST005612,Olivia Hall,customer5612@mail.com,+1-444-143-7330,Dallas,USA,34299.07,377,1963693785
CUST005613,James Hall,customer5613@mail.com,+1-444-705-6307,New York,USA,30735.86,665,1115643438
CUST005614,John Smith,customer5614@mail.com,+1-444-867-9079,New York,USA,12666.1,530,4469112695
CUST005615,Daniel Taylor,customer5615@mail.com,+1-444-215-3111,Phoenix,USA,10670.39,655,9901490938
CUST005616,Olivia Clark,customer5616@mail.com,+1-444-193-5137,New York,USA,15777.67,601,6991575197
CUST005617,James Davis,customer5617@mail.com,+1-444-573-6839,Phoenix,USA,10721.7,774,8090322380
CUST005618,Michael Lewis,customer5618@mail.com,+1-444-470-6776,Phoenix,USA,10532.76,622,1781087413
CUST005619,John Johnson,customer5619@mail.com,+1-444-613-6092,Chicago,USA,41382.62,444,9921818374
CUST005620,Ava Davis,customer5620@mail.com,+1-444-833-3393,Chicago,USA,11366.53,350,8574486630
CUST005621,Ava Taylor,customer5621@mail.com,+1-444-320-8405,Dallas,USA,10690.1,309,5619813738
CUST005622,Sophia Smith,customer5622@mail.com,+1-444-688-9125,Phoenix,USA,47773.53,572,7673748283
CUST005623,John Wilson,customer5623@mail.com,+1-444-987-6549,Chicago,USA,2464.61,434,6213562326
CUST005624,Michael Johnson,customer5624@mail.com,+1-444-322-8159,New York,USA,37627.97,783,1101953290
CUST005625,Ava Taylor,customer5625@mail.com,+1-444-515-4775,Chicago,USA,34956.43,759,2376121455
CUST005626,David Taylor,customer5626@mail.com,+1-444-139-4810,Phoenix,USA,42349.39,392,8575781524
CUST005627,Emma Wilson,customer5627@mail.com,+1-444-306-2926,New York,USA,14489.51,722,3346524656
CUST005628,Michael Smith,customer5628@mail.com,+1-444-528-6346,Phoenix,USA,21767.75,375,6557379425
CUST005629,Emma Hall,customer5629@mail.com,+1-444-312-3244,Chicago,USA,22173.97,834,1945156222
CUST005630,John Davis,customer5630@mail.com,+1-444-412-5854,Phoenix,USA,88.83,646,1453835914
CUST005631,James Wilson,customer5631@mail.com,+1-444-164-6606,New York,USA,43578.09,616,7757391547
CUST005632,Daniel Lewis,customer5632@mail.com,+1-444-853-2693,Dallas,USA,16305.6,829,3648376751
CUST005633,Ava Walker,customer5633@mail.com,+1-444-866-6103,Chicago,USA,24180.64,812,7232541700
CUST005634,Olivia Smith,customer5634@mail.com,+1-444-873-2361,Dallas,USA,6720.96,598,7974478041
CUST005635,Emma Taylor,customer5635@mail.com,+1-444-502-6358,Dallas,USA,26367.67,395,1979662659
CUST005636,Michael Walker,customer5636@mail.com,+1-444-897-5414,Dallas,USA,26407.76,450,2210001675
CUST005637,Sophia Johnson,customer5637@mail.com,+1-444-345-8418,Dallas,USA,33217.91,520,9451551205
CUST005638,David Wilson,customer5638@mail.com,+1-444-850-3135,New York,USA,42207.33,507,7256474933
CUST005639,Sophia Walker,customer5639@mail.com,+1-444-239-2923,Phoenix,USA,19531.08,460,3686661653
CUST005640,John Hall,customer5640@mail.com,+1-444-220-8919,Chicago,USA,43502.17,561,8257001925
CUST005641,James Clark,customer5641@mail.com,+1-444-643-3951,Chicago,USA,44744.3,378,2674331829
CUST005642,Michael Taylor,customer5642@mail.com,+1-444-196-1486,Chicago,USA,15845.09,732,6271812249
CUST005643,Ava Walker,customer5643@mail.com,+1-444-369-6281,Dallas,USA,6195.36,679,5879769763
CUST005644,Daniel Johnson,customer5644@mail.com,+1-444-893-8825,New York,USA,28111.33,480,9545283055
CUST005645,David Taylor,customer5645@mail.com,+1-444-989-6379,Dallas,USA,19461.47,781,1127433964
CUST005646,Emma Hall,customer5646@mail.com,+1-444-267-3427,Dallas,USA,34614.15,574,2270637885
CUST005647,James Johnson,customer5647@mail.com,+1-444-533-8628,Dallas,USA,6154.35,628,7302340468
CUST005648,James Walker,customer5648@mail.com,+1-444-319-2639,Chicago,USA,39950.78,751,3786040489
CUST005649,David Smith,customer5649@mail.com,+1-444-295-2639,Dallas,USA,2917.38,692,6175173454
CUST005650,Ava Davis,customer5650@mail.com,+1-444-330-4947,Phoenix,USA,42225.81,570,6189152537
CUST005651,Ava Wilson,customer5651@mail.com,+1-444-928-5173,Phoenix,USA,23554.51,530,6514126547
CUST005652,John Wilson,customer5652@mail.com,+1-444-740-4319,Phoenix,USA,44446.18,707,8054638031
CUST005653,Emma Clark,customer5653@mail.com,+1-444-148-7412,Chicago,USA,13890.01,314,3514512492
CUST005654,David Brown,customer5654@mail.com,+1-444-722-9398,Chicago,USA,49466.45,613,3304735903
CUST005655,Emma Lewis,customer5655@mail.com,+1-444-566-4872,Phoenix,USA,20854.69,796,5263368412
CUST005656,David Clark,customer5656@mail.com,+1-444-942-5372,New York,USA,16450.7,556,2042763876
CUST005657,Olivia Taylor,customer5657@mail.com,+1-444-414-6603,New York,USA,181.39,772,6235129577
CUST005658,Sophia Davis,customer5658@mail.com,+1-444-540-3814,Phoenix,USA,41765.95,690,3952312093
CUST005659,Emma Hall,customer5659@mail.com,+1-444-769-6620,New York,USA,40129.67,439,9294723640
CUST005660,Michael Wilson,customer5660@mail.com,+1-444-496-8850,Phoenix,USA,21536.26,348,1817346220
CUST005661,Michael Wilson,customer5661@mail.com,+1-444-291-6252,New York,USA,47160.35,601,4640121124
CUST005662,Sarah Walker,customer5662@mail.com,+1-444-760-3612,Phoenix,USA,32595.52,505,3212678871
CUST005663,David Lewis,customer5663@mail.com,+1-444-907-1436,Phoenix,USA,15668.06,603,5041124331
CUST005664,Sarah Davis,customer5664@mail.com,+1-444-462-7088,New York,USA,24639.71,492,1207895618
CUST005665,Sophia Hall,customer5665@mail.com,+1-444-417-3014,Dallas,USA,15628.59,835,9096777591
CUST005666,John Johnson,customer5666@mail.com,+1-444-604-6037,Phoenix,USA,16947.4,491,7170810187
CUST005667,Michael Taylor,customer5667@mail.com,+1-444-246-9714,Chicago,USA,44929.6,718,8567403498
CUST005668,Sophia Taylor,customer5668@mail.com,+1-444-311-6758,New York,USA,12107.23,548,4264548302
CUST005669,David Walker,customer5669@mail.com,+1-444-244-1230,New York,USA,45269.03,500,8383290320
CUST005670,John Wilson,customer5670@mail.com,+1-444-462-8535,New York,USA,41946.93,323,8209794144
CUST005671,Sophia Davis,customer5671@mail.com,+1-444-472-2010,Chicago,USA,3036.85,647,8658331143
CUST005672,David Taylor,customer5672@mail.com,+1-444-290-4947,Phoenix,USA,25329.22,417,6300255793
CUST005673,Ava Walker,customer5673@mail.com,+1-444-117-3683,Dallas,USA,49761.43,432,4985790605
CUST005674,Daniel Lewis,customer5674@mail.com,+1-444-893-9356,New York,USA,15403.62,446,9024947080
CUST005675,James Smith,customer5675@mail.com,+1-444-246-9902,Dallas,USA,39337.5,436,1073464768
CUST005676,Olivia Hall,customer5676@mail.com,+1-444-770-5791,New York,USA,45618.73,801,4241967332
CUST005677,James Johnson,customer5677@mail.com,+1-444-680-8820,Dallas,USA,19037.8,602,1792181592
CUST005678,Ava Hall,customer5678@mail.com,+1-444-459-2200,Dallas,USA,2169.22,586,4298950975
CUST005679,Sarah Brown,customer5679@mail.com,+1-444-233-9737,Chicago,USA,39660.54,584,5235074174
CUST005680,David Wilson,customer5680@mail.com,+1-444-530-3462,Chicago,USA,48742.61,459,2122466913
CUST005681,Olivia Walker,customer5681@mail.com,+1-444-973-8825,Dallas,USA,14114.97,406,8074888829
CUST005682,James Brown,customer5682@mail.com,+1-444-133-3107,New York,USA,33792.48,675,6176860812
CUST005683,Sarah Taylor,customer5683@mail.com,+1-444-728-1766,Phoenix,USA,44955.16,621,2747842213
CUST005684,Emma Lewis,customer5684@mail.com,+1-444-452-9505,Chicago,USA,30552.5,443,6446007181
CUST005685,David Johnson,customer5685@mail.com,+1-444-570-7483,Phoenix,USA,6510.93,316,6332626468
CUST005686,James Lewis,customer5686@mail.com,+1-444-160-3922,Chicago,USA,12677.46,829,3066751504
CUST005687,Daniel Lewis,customer5687@mail.com,+1-444-711-5359,New York,USA,1048.57,842,6533220497
CUST005688,David Davis,customer5688@mail.com,+1-444-471-8166,Phoenix,USA,19818.27,843,2208124749
CUST005689,Sophia Johnson,customer5689@mail.com,+1-444-607-1145,New York,USA,37493.45,829,2337259772
CUST005690,Sarah Johnson,customer5690@mail.com,+1-444-654-3191,New York,USA,32935.47,546,7787899654
CUST005691,James Davis,customer5691@mail.com,+1-444-411-3754,Phoenix,USA,29384.01,612,7382580877
CUST005692,Michael Hall,customer5692@mail.com,+1-444-388-3683,Phoenix,USA,29886.93,418,9006567395
CUST005693,Emma Johnson,customer5693@mail.com,+1-444-848-7605,New York,USA,21834.17,607,7467957407
CUST005694,Daniel Taylor,customer5694@mail.com,+1-444-835-1427,Chicago,USA,18665.32,402,5292236340
CUST005695,Sophia Walker,customer5695@mail.com,+1-444-709-3025,Phoenix,USA,23416.03,610,7771985818
CUST005696,David Wilson,customer5696@mail.com,+1-444-725-4716,New York,USA,40402.11,606,5864415767
CUST005697,Ava Walker,customer5697@mail.com,+1-444-795-2469,Chicago,USA,34828.4,418,2533797278
CUST005698,Michael Johnson,customer5698@mail.com,+1-444-446-3284,Dallas,USA,12037.08,536,6892401422
CUST005699,Sophia Wilson,customer5699@mail.com,+1-444-579-7428,Chicago,USA,30393.0,529,1516909137
CUST005700,David Lewis,customer5700@mail.com,+1-444-911-8381,Chicago,USA,47280.81,740,5984828620
CUST005701,David Walker,customer5701@mail.com,+1-444-675-7203,New York,USA,7666.83,513,8489788847
CUST005702,David Lewis,customer5702@mail.com,+1-444-969-2743,Phoenix,USA,3266.36,607,9017909951
CUST005703,Emma Davis,customer5703@mail.com,+1-444-114-3952,Dallas,USA,20516.04,654,1809977143
CUST005704,Daniel Johnson,customer5704@mail.com,+1-444-810-8817,Phoenix,USA,18890.38,439,6026023533
CUST005705,Michael Hall,customer5705@mail.com,+1-444-140-3675,Dallas,USA,14947.33,807,6293199605
CUST005706,David Smith,customer5706@mail.com,+1-444-965-4365,Dallas,USA,6256.33,830,2407666163
CUST005707,Sarah Hall,customer5707@mail.com,+1-444-715-9406,Dallas,USA,17164.85,315,8772266043
CUST005708,David Taylor,customer5708@mail.com,+1-444-288-8231,Phoenix,USA,30683.65,343,7239824772
CUST005709,Sophia Taylor,customer5709@mail.com,+1-444-808-4993,Chicago,USA,6228.07,644,8825995459
CUST005710,James Brown,customer5710@mail.com,+1-444-631-4775,Phoenix,USA,18105.64,436,9501363748
CUST005711,Sarah Taylor,customer5711@mail.com,+1-444-632-7952,Phoenix,USA,21342.36,687,9874670400
CUST005712,Daniel Brown,customer5712@mail.com,+1-444-594-4366,Dallas,USA,23499.84,308,5957449984
CUST005713,Daniel Brown,customer5713@mail.com,+1-444-518-2373,Phoenix,USA,36428.08,834,3488175132
CUST005714,Olivia Brown,customer5714@mail.com,+1-444-168-6956,Dallas,USA,13326.61,355,3815177375
CUST005715,John Lewis,customer5715@mail.com,+1-444-803-4720,Phoenix,USA,10732.2,536,9489990079
CUST005716,John Johnson,customer5716@mail.com,+1-444-492-2335,Phoenix,USA,1318.08,616,8306853118
CUST005717,Sophia Taylor,customer5717@mail.com,+1-444-192-7203,Dallas,USA,8440.11,473,8005403104
CUST005718,David Hall,customer5718@mail.com,+1-444-312-4673,Phoenix,USA,17457.76,585,1054056851
CUST005719,Michael Johnson,customer5719@mail.com,+1-444-741-5657,Chicago,USA,34382.58,781,5772485243
CUST005720,Michael Walker,customer5720@mail.com,+1-444-209-6361,Chicago,USA,36416.81,522,4704395909
CUST005721,Michael Clark,customer5721@mail.com,+1-444-965-4753,Chicago,USA,4963.22,378,9984595775
CUST005722,Olivia Smith,customer5722@mail.com,+1-444-476-1624,Dallas,USA,4529.29,625,3426726473
CUST005723,Olivia Walker,customer5723@mail.com,+1-444-975-3901,Dallas,USA,2766.6,567,4979774440
CUST005724,Olivia Lewis,customer5724@mail.com,+1-444-985-3968,Chicago,USA,12967.4,771,6599005484
CUST005725,Olivia Taylor,customer5725@mail.com,+1-444-720-9949,Phoenix,USA,33872.24,410,6965987676
CUST005726,Daniel Davis,customer5726@mail.com,+1-444-951-4665,New York,USA,347.41,790,6898762719
CUST005727,Sophia Walker,customer5727@mail.com,+1-444-847-3975,Chicago,USA,46977.49,558,4752471302
CUST005728,Michael Walker,customer5728@mail.com,+1-444-568-6720,Dallas,USA,28299.21,625,5404009523
CUST005729,Emma Taylor,customer5729@mail.com,+1-444-477-6104,Chicago,USA,9916.11,730,7961646715
CUST005730,Michael Hall,customer5730@mail.com,+1-444-750-8613,Phoenix,USA,30919.84,538,6538432565
CUST005731,Daniel Wilson,customer5731@mail.com,+1-444-497-3968,Dallas,USA,1413.09,605,9019483155
CUST005732,Ava Smith,customer5732@mail.com,+1-444-714-8554,New York,USA,13570.6,526,9826740109
CUST005733,Emma Brown,customer5733@mail.com,+1-444-388-5374,New York,USA,35473.16,692,9288583741
CUST005734,Sarah Wilson,customer5734@mail.com,+1-444-848-6554,Chicago,USA,12211.49,408,5130526874
CUST005735,Daniel Hall,customer5735@mail.com,+1-444-741-1805,Chicago,USA,37219.63,689,6603956860
CUST005736,Ava Walker,customer5736@mail.com,+1-444-206-2140,Dallas,USA,1461.37,644,2087538899
CUST005737,Emma Clark,customer5737@mail.com,+1-444-839-3520,Phoenix,USA,10386.08,578,2951277875
CUST005738,Sarah Hall,customer5738@mail.com,+1-444-333-2729,Dallas,USA,31421.46,774,9319997668
CUST005739,Sarah Clark,customer5739@mail.com,+1-444-509-1036,Dallas,USA,30978.53,695,1052079057
CUST005740,Michael Wilson,customer5740@mail.com,+1-444-783-7400,Chicago,USA,2579.16,349,1435284001
CUST005741,John Lewis,customer5741@mail.com,+1-444-333-9091,New York,USA,2888.19,774,4677437503
CUST005742,Daniel Wilson,customer5742@mail.com,+1-444-269-7568,Chicago,USA,47521.39,713,1749036869
CUST005743,Daniel Walker,customer5743@mail.com,+1-444-758-9893,Phoenix,USA,11086.43,521,8748856605
CUST005744,John Lewis,customer5744@mail.com,+1-444-250-9024,Dallas,USA,29860.18,706,8190982557
CUST005745,John Davis,customer5745@mail.com,+1-444-679-2407,Dallas,USA,30099.23,525,7241697428
CUST005746,John Smith,customer5746@mail.com,+1-444-270-8034,Dallas,USA,48982.97,761,9868422143
CUST005747,Daniel Clark,customer5747@mail.com,+1-444-239-1395,Dallas,USA,3810.73,481,1525107208
CUST005748,Sophia Brown,customer5748@mail.com,+1-444-393-9149,New York,USA,13560.68,491,7610021958
CUST005749,Sophia Smith,customer5749@mail.com,+1-444-311-7392,Phoenix,USA,8070.35,603,4542035310
CUST005750,James Clark,customer5750@mail.com,+1-444-830-9907,Phoenix,USA,1390.07,822,4231858534
CUST005751,James Wilson,customer5751@mail.com,+1-444-412-6755,New York,USA,28013.65,632,1100445204
CUST005752,Michael Clark,customer5752@mail.com,+1-444-606-3594,Phoenix,USA,32191.32,785,5535917848
CUST005753,David Wilson,customer5753@mail.com,+1-444-269-2669,Phoenix,USA,12310.03,363,1802508078
CUST005754,Ava Clark,customer5754@mail.com,+1-444-197-1389,New York,USA,31478.54,818,1228097740
CUST005755,James Taylor,customer5755@mail.com,+1-444-930-3120,Dallas,USA,8963.99,792,5246210433
CUST005756,Sophia Wilson,customer5756@mail.com,+1-444-613-1697,Dallas,USA,18081.92,400,6151717521
CUST005757,Daniel Taylor,customer5757@mail.com,+1-444-531-2027,Chicago,USA,49574.69,612,8316651824
CUST005758,Michael Johnson,customer5758@mail.com,+1-444-924-9581,Chicago,USA,20301.17,591,5849811101
CUST005759,Sarah Taylor,customer5759@mail.com,+1-444-506-2187,Phoenix,USA,39498.88,809,1242840542
CUST005760,Sarah Davis,customer5760@mail.com,+1-444-925-4805,New York,USA,44746.42,446,2348293893
CUST005761,James Wilson,customer5761@mail.com,+1-444-547-8047,Chicago,USA,29440.89,614,1409913049
CUST005762,John Taylor,customer5762@mail.com,+1-444-550-9583,Chicago,USA,39361.24,328,5250133251
CUST005763,James Hall,customer5763@mail.com,+1-444-723-5731,Phoenix,USA,11580.09,723,3420939329
CUST005764,Sarah Davis,customer5764@mail.com,+1-444-810-5855,Dallas,USA,19819.42,508,7505166054
CUST005765,David Davis,customer5765@mail.com,+1-444-371-1481,New York,USA,49066.29,640,3883909916
CUST005766,Daniel Clark,customer5766@mail.com,+1-444-530-9762,New York,USA,20309.66,330,7022832692
CUST005767,James Brown,customer5767@mail.com,+1-444-474-2083,New York,USA,40998.13,555,1293768473
CUST005768,Ava Walker,customer5768@mail.com,+1-444-916-3725,Chicago,USA,12354.38,649,3488316321
CUST005769,Emma Smith,customer5769@mail.com,+1-444-600-7901,Dallas,USA,40627.17,348,7269285113
CUST005770,Sophia Brown,customer5770@mail.com,+1-444-869-1778,Phoenix,USA,45949.25,675,9268882615
CUST005771,Ava Walker,customer5771@mail.com,+1-444-227-3861,Dallas,USA,32972.15,806,9710143226
CUST005772,James Lewis,customer5772@mail.com,+1-444-286-6607,Chicago,USA,25240.45,839,1230169108
CUST005773,Sarah Lewis,customer5773@mail.com,+1-444-375-9490,New York,USA,37903.06,333,9085352308
CUST005774,Ava Clark,customer5774@mail.com,+1-444-286-1837,Chicago,USA,25497.39,794,3871344637
CUST005775,Ava Smith,customer5775@mail.com,+1-444-511-3203,Dallas,USA,48047.79,601,4767201928
CUST005776,Daniel Clark,customer5776@mail.com,+1-444-844-6651,Chicago,USA,1128.21,508,3816016592
CUST005777,Olivia Lewis,customer5777@mail.com,+1-444-202-6490,New York,USA,23130.94,422,5421753854
CUST005778,Emma Smith,customer5778@mail.com,+1-444-636-2850,New York,USA,25320.24,690,7865460702
CUST005779,Ava Hall,customer5779@mail.com,+1-444-648-2798,Dallas,USA,47002.47,327,7161570115
CUST005780,David Brown,customer5780@mail.com,+1-444-723-8977,New York,USA,8106.2,772,6733821660
CUST005781,Sophia Brown,customer5781@mail.com,+1-444-291-1433,Phoenix,USA,34802.84,334,9723713523
CUST005782,Michael Johnson,customer5782@mail.com,+1-444-401-7445,Chicago,USA,19780.07,773,1715779067
CUST005783,Sophia Davis,customer5783@mail.com,+1-444-790-5903,Chicago,USA,36627.33,557,6843892104
CUST005784,Sarah Wilson,customer5784@mail.com,+1-444-332-9923,Phoenix,USA,18864.72,657,3333945461
CUST005785,Sophia Johnson,customer5785@mail.com,+1-444-861-9723,Phoenix,USA,12586.41,428,9842491868
CUST005786,Michael Davis,customer5786@mail.com,+1-444-168-2810,Chicago,USA,5333.41,628,6234401666
CUST005787,James Hall,customer5787@mail.com,+1-444-125-8398,Phoenix,USA,25007.76,405,6293713915
CUST005788,Sarah Davis,customer5788@mail.com,+1-444-737-2941,New York,USA,10195.58,497,1061978979
CUST005789,Michael Lewis,customer5789@mail.com,+1-444-123-8977,Dallas,USA,48060.32,544,6232081500
CUST005790,James Lewis,customer5790@mail.com,+1-444-505-8164,New York,USA,18157.42,716,7454559821
CUST005791,Sarah Clark,customer5791@mail.com,+1-444-337-6029,Dallas,USA,13369.96,579,9026298918
CUST005792,Sophia Johnson,customer5792@mail.com,+1-444-566-1564,New York,USA,40621.15,718,1930893464
CUST005793,David Taylor,customer5793@mail.com,+1-444-634-9631,Phoenix,USA,9301.27,711,8752979848
CUST005794,Sarah Johnson,customer5794@mail.com,+1-444-758-1373,New York,USA,39778.41,444,5545450317
CUST005795,Michael Hall,customer5795@mail.com,+1-444-526-5142,Phoenix,USA,6854.19,302,9359594167
CUST005796,Sophia Wilson,customer5796@mail.com,+1-444-960-2867,Phoenix,USA,49157.25,510,6917270198
CUST005797,Ava Smith,customer5797@mail.com,+1-444-363-3452,New York,USA,11663.79,389,6824593400
CUST005798,Sophia Taylor,customer5798@mail.com,+1-444-304-8980,Dallas,USA,41881.76,600,5373277558
CUST005799,Sarah Walker,customer5799@mail.com,+1-444-453-8693,Chicago,USA,13776.09,716,2801968448
CUST005800,Ava Lewis,customer5800@mail.com,+1-444-482-1212,Chicago,USA,11542.96,389,6963573773
CUST005801,Sophia Taylor,customer5801@mail.com,+1-444-736-2720,Chicago,USA,47459.92,763,5498644095
CUST005802,David Smith,customer5802@mail.com,+1-444-560-4847,New York,USA,33766.88,350,7172875072
CUST005803,Sarah Lewis,customer5803@mail.com,+1-444-852-8138,Chicago,USA,30166.25,475,1869266474
CUST005804,John Davis,customer5804@mail.com,+1-444-831-5661,Chicago,USA,31004.46,710,3871782971
CUST005805,Sarah Taylor,customer5805@mail.com,+1-444-784-6969,New York,USA,36138.27,332,8819665319
CUST005806,Sarah Taylor,customer5806@mail.com,+1-444-584-5191,Phoenix,USA,39726.22,349,8007805436
CUST005807,David Johnson,customer5807@mail.com,+1-444-172-1330,Dallas,USA,27774.79,414,9482505683
CUST005808,Daniel Brown,customer5808@mail.com,+1-444-567-9425,New York,USA,14918.11,309,9504528600
CUST005809,Olivia Clark,customer5809@mail.com,+1-444-219-8515,Chicago,USA,11174.9,409,4961242849
CUST005810,Emma Davis,customer5810@mail.com,+1-444-383-5173,Dallas,USA,28566.73,393,3758180177
CUST005811,Sophia Brown,customer5811@mail.com,+1-444-630-7407,Dallas,USA,3832.5,498,9039391131
CUST005812,David Hall,customer5812@mail.com,+1-444-995-9299,New York,USA,20638.58,622,8509060104
CUST005813,Michael Taylor,customer5813@mail.com,+1-444-844-7160,Phoenix,USA,15876.16,359,2493076641
CUST005814,David Clark,customer5814@mail.com,+1-444-144-5548,New York,USA,21908.87,360,2279975473
CUST005815,Sarah Johnson,customer5815@mail.com,+1-444-239-1520,New York,USA,34010.17,643,7825127765
CUST005816,Sarah Wilson,customer5816@mail.com,+1-444-283-1209,Dallas,USA,21355.92,696,9564836077
CUST005817,Emma Hall,customer5817@mail.com,+1-444-303-1125,Dallas,USA,46717.11,449,5036403011
CUST005818,James Taylor,customer5818@mail.com,+1-444-208-4948,Phoenix,USA,36418.06,524,9068683399
CUST005819,Michael Clark,customer5819@mail.com,+1-444-366-3466,Phoenix,USA,31447.28,442,1303885983
CUST005820,Olivia Lewis,customer5820@mail.com,+1-444-458-8754,Chicago,USA,9324.58,686,2933503686
CUST005821,Daniel Smith,customer5821@mail.com,+1-444-340-1597,New York,USA,42863.86,411,4659946241
CUST005822,Daniel Smith,customer5822@mail.com,+1-444-113-9742,New York,USA,21753.34,331,2397058695
CUST005823,James Clark,customer5823@mail.com,+1-444-833-7567,Chicago,USA,23834.01,726,4662722798
CUST005824,Michael Wilson,customer5824@mail.com,+1-444-680-5315,Dallas,USA,43726.17,611,8965298234
CUST005825,Ava Taylor,customer5825@mail.com,+1-444-373-4995,Dallas,USA,1269.84,311,3946116516
CUST005826,Michael Davis,customer5826@mail.com,+1-444-147-7070,Chicago,USA,9658.48,555,8597377482
CUST005827,Sophia Davis,customer5827@mail.com,+1-444-335-8899,Dallas,USA,33162.64,523,4821988667
CUST005828,John Lewis,customer5828@mail.com,+1-444-886-8211,Chicago,USA,18067.46,766,4540744842
CUST005829,David Wilson,customer5829@mail.com,+1-444-111-3644,Dallas,USA,45729.98,385,1700106861
CUST005830,Ava Walker,customer5830@mail.com,+1-444-557-4001,Dallas,USA,1861.35,799,6078899090
CUST005831,Sophia Lewis,customer5831@mail.com,+1-444-638-4779,Dallas,USA,46245.61,642,4043297428
CUST005832,Michael Walker,customer5832@mail.com,+1-444-648-8780,Dallas,USA,44005.02,814,8357296117
CUST005833,Olivia Clark,customer5833@mail.com,+1-444-697-2792,Chicago,USA,4245.54,571,1148388237
CUST005834,John Wilson,customer5834@mail.com,+1-444-397-6266,Phoenix,USA,33415.99,532,8099739177
CUST005835,David Johnson,customer5835@mail.com,+1-444-937-2848,Chicago,USA,13551.14,406,7186439165
CUST005836,Daniel Clark,customer5836@mail.com,+1-444-721-2062,Chicago,USA,37944.91,783,2716216706
CUST005837,John Davis,customer5837@mail.com,+1-444-313-2456,Chicago,USA,41959.88,635,2801017699
CUST005838,Emma Wilson,customer5838@mail.com,+1-444-360-4364,New York,USA,25030.88,640,6122172100
CUST005839,Daniel Taylor,customer5839@mail.com,+1-444-893-2615,Phoenix,USA,21815.15,600,4379613468
CUST005840,Olivia Davis,customer5840@mail.com,+1-444-438-1852,Chicago,USA,18570.65,642,2219553757
CUST005841,David Hall,customer5841@mail.com,+1-444-180-6076,Dallas,USA,2196.31,687,8162676535
CUST005842,Olivia Brown,customer5842@mail.com,+1-444-527-1054,Phoenix,USA,23060.86,732,1760344942
CUST005843,Olivia Walker,customer5843@mail.com,+1-444-360-6343,New York,USA,5481.59,693,2166663540
CUST005844,Sophia Brown,customer5844@mail.com,+1-444-708-6167,Phoenix,USA,23145.33,519,3252103478
CUST005845,Olivia Clark,customer5845@mail.com,+1-444-290-4072,Dallas,USA,6036.35,453,6907046983
CUST005846,David Taylor,customer5846@mail.com,+1-444-718-2787,New York,USA,14929.32,636,5206781518
CUST005847,David Davis,customer5847@mail.com,+1-444-919-2459,New York,USA,20623.37,768,3078585633
CUST005848,Sarah Taylor,customer5848@mail.com,+1-444-670-7198,Chicago,USA,18513.8,824,1502911847
CUST005849,John Johnson,customer5849@mail.com,+1-444-802-3570,Dallas,USA,34059.99,593,1871665542
CUST005850,Sophia Johnson,customer5850@mail.com,+1-444-399-2151,Phoenix,USA,5609.54,531,2459055054
CUST005851,Sarah Wilson,customer5851@mail.com,+1-444-604-3245,New York,USA,44692.82,320,8067482167
CUST005852,John Smith,customer5852@mail.com,+1-444-744-3393,Phoenix,USA,9833.15,694,1368563898
CUST005853,Sarah Brown,customer5853@mail.com,+1-444-539-3810,New York,USA,19166.64,335,9971007538
CUST005854,Ava Davis,customer5854@mail.com,+1-444-508-3201,Chicago,USA,40553.93,479,8050053937
CUST005855,Emma Wilson,customer5855@mail.com,+1-444-718-6163,New York,USA,342.97,796,6804012447
CUST005856,David Clark,customer5856@mail.com,+1-444-389-3796,Chicago,USA,36973.07,714,7590484722
CUST005857,James Clark,customer5857@mail.com,+1-444-440-9087,Chicago,USA,42414.2,681,4774021300
CUST005858,Ava Walker,customer5858@mail.com,+1-444-757-1642,Dallas,USA,2274.15,573,1940991968
CUST005859,Ava Johnson,customer5859@mail.com,+1-444-239-5180,Dallas,USA,3656.22,757,7146167212
CUST005860,James Smith,customer5860@mail.com,+1-444-800-4849,New York,USA,8599.08,617,1514423301
CUST005861,Ava Clark,customer5861@mail.com,+1-444-145-9608,New York,USA,24120.29,642,6058498109
CUST005862,Daniel Davis,customer5862@mail.com,+1-444-744-3349,Phoenix,USA,8566.75,639,7227521832
CUST005863,James Lewis,customer5863@mail.com,+1-444-173-2139,Chicago,USA,9500.55,705,5868945236
CUST005864,Ava Davis,customer5864@mail.com,+1-444-813-1667,Chicago,USA,33655.19,325,7965363942
CUST005865,Sarah Davis,customer5865@mail.com,+1-444-305-6004,Chicago,USA,422.58,343,8768294565
CUST005866,Sarah Wilson,customer5866@mail.com,+1-444-519-4261,Phoenix,USA,43679.79,572,7660499672
CUST005867,Sarah Clark,customer5867@mail.com,+1-444-995-3784,Dallas,USA,10196.06,829,3471178005
CUST005868,Michael Hall,customer5868@mail.com,+1-444-795-8133,Chicago,USA,7016.75,584,8480223085
CUST005869,Emma Davis,customer5869@mail.com,+1-444-524-1103,New York,USA,43580.58,719,4581319221
CUST005870,Emma Brown,customer5870@mail.com,+1-444-190-9836,Phoenix,USA,30307.01,624,5074828537
CUST005871,Michael Smith,customer5871@mail.com,+1-444-849-5236,Chicago,USA,19572.37,465,2038495600
CUST005872,Ava Hall,customer5872@mail.com,+1-444-825-6421,Chicago,USA,21367.42,612,3930248881
CUST005873,Daniel Johnson,customer5873@mail.com,+1-444-631-7366,Phoenix,USA,41280.64,311,6424406117
CUST005874,Michael Davis,customer5874@mail.com,+1-444-240-1212,Dallas,USA,46433.24,735,3276429555
CUST005875,David Wilson,customer5875@mail.com,+1-444-182-4418,New York,USA,18303.94,832,3711924683
CUST005876,John Clark,customer5876@mail.com,+1-444-118-4565,New York,USA,3060.38,406,4352739886
CUST005877,Olivia Clark,customer5877@mail.com,+1-444-381-3178,Phoenix,USA,45493.82,652,5592726110
CUST005878,Michael Walker,customer5878@mail.com,+1-444-950-2509,Dallas,USA,8348.21,645,1203062294
CUST005879,Emma Wilson,customer5879@mail.com,+1-444-375-5000,Dallas,USA,30324.79,429,3661789945
CUST005880,Ava Johnson,customer5880@mail.com,+1-444-946-8367,New York,USA,38948.11,737,7228647813
CUST005881,James Clark,customer5881@mail.com,+1-444-369-9482,New York,USA,9803.47,399,9256600431
CUST005882,Olivia Wilson,customer5882@mail.com,+1-444-758-5705,New York,USA,37880.25,808,4845634639
CUST005883,Daniel Johnson,customer5883@mail.com,+1-444-467-8676,Chicago,USA,11021.78,421,7402129421
CUST005884,Sarah Brown,customer5884@mail.com,+1-444-981-2742,Dallas,USA,15236.61,352,7709194972
CUST005885,Ava Smith,customer5885@mail.com,+1-444-995-8713,New York,USA,9509.64,824,1565297162
CUST005886,Sophia Smith,customer5886@mail.com,+1-444-408-7645,Dallas,USA,3124.98,311,6001977086
CUST005887,Sophia Wilson,customer5887@mail.com,+1-444-707-2838,Chicago,USA,19126.89,517,7832965397
CUST005888,Olivia Lewis,customer5888@mail.com,+1-444-546-8352,Dallas,USA,4438.36,391,9854304204
CUST005889,Emma Brown,customer5889@mail.com,+1-444-781-2759,Chicago,USA,17424.01,582,6855283900
CUST005890,Michael Brown,customer5890@mail.com,+1-444-181-2440,Chicago,USA,10668.42,758,3426459753
CUST005891,Emma Taylor,customer5891@mail.com,+1-444-843-2470,Chicago,USA,26505.56,682,1854366589
CUST005892,Emma Davis,customer5892@mail.com,+1-444-229-4840,Dallas,USA,12668.03,368,7330097887
CUST005893,Sarah Lewis,customer5893@mail.com,+1-444-910-2185,Phoenix,USA,13925.31,751,5684990773
CUST005894,John Brown,customer5894@mail.com,+1-444-164-1122,New York,USA,12957.61,545,7029170830
CUST005895,Olivia Johnson,customer5895@mail.com,+1-444-178-1996,Phoenix,USA,12612.78,757,5890035660
CUST005896,Daniel Taylor,customer5896@mail.com,+1-444-652-9181,New York,USA,7513.41,319,8657112730
CUST005897,Daniel Wilson,customer5897@mail.com,+1-444-431-4053,Phoenix,USA,8612.75,390,7366259664
CUST005898,David Clark,customer5898@mail.com,+1-444-671-2310,Chicago,USA,14494.94,669,7031462654
CUST005899,Sophia Hall,customer5899@mail.com,+1-444-846-4585,New York,USA,23708.86,587,9538401193
CUST005900,Ava Hall,customer5900@mail.com,+1-444-769-7555,Phoenix,USA,29836.74,674,9839198155
CUST005901,James Taylor,customer5901@mail.com,+1-444-806-5780,Dallas,USA,2971.93,332,8674013128
CUST005902,Emma Smith,customer5902@mail.com,+1-444-782-8430,Phoenix,USA,2758.15,809,9499511855
CUST005903,Ava Taylor,customer5903@mail.com,+1-444-757-2401,Dallas,USA,27767.79,352,7740917241
CUST005904,Michael Johnson,customer5904@mail.com,+1-444-525-9179,Dallas,USA,42481.28,692,2824492910
CUST005905,James Clark,customer5905@mail.com,+1-444-712-1882,Dallas,USA,14984.15,850,9317966864
CUST005906,Sophia Davis,customer5906@mail.com,+1-444-247-7291,Dallas,USA,18820.83,785,1326303242
CUST005907,Sarah Smith,customer5907@mail.com,+1-444-179-5511,Dallas,USA,19799.18,560,1785701946
CUST005908,James Walker,customer5908@mail.com,+1-444-235-4515,Chicago,USA,826.33,696,3482729819
CUST005909,Olivia Hall,customer5909@mail.com,+1-444-148-1139,New York,USA,1749.38,818,1656754856
CUST005910,Sophia Brown,customer5910@mail.com,+1-444-684-5607,Phoenix,USA,43790.35,738,2331040844
CUST005911,Ava Lewis,customer5911@mail.com,+1-444-311-7835,Dallas,USA,31605.47,374,6270345116
CUST005912,James Taylor,customer5912@mail.com,+1-444-640-1427,Dallas,USA,6210.98,418,8059839528
CUST005913,Michael Wilson,customer5913@mail.com,+1-444-765-3303,Phoenix,USA,3090.59,823,1169028412
CUST005914,Sophia Smith,customer5914@mail.com,+1-444-530-2073,Phoenix,USA,43503.15,373,8797606512
CUST005915,David Lewis,customer5915@mail.com,+1-444-913-4628,Dallas,USA,16097.56,613,9859119642
CUST005916,Sophia Clark,customer5916@mail.com,+1-444-581-9764,New York,USA,31304.06,377,1950144812
CUST005917,Sarah Johnson,customer5917@mail.com,+1-444-737-8135,Chicago,USA,31606.21,604,9829442531
CUST005918,Daniel Wilson,customer5918@mail.com,+1-444-220-9097,Chicago,USA,46138.01,838,1579224684
CUST005919,Olivia Walker,customer5919@mail.com,+1-444-858-6393,Phoenix,USA,28615.34,417,4972216528
CUST005920,Daniel Smith,customer5920@mail.com,+1-444-692-7111,Phoenix,USA,5249.71,368,9955625461
CUST005921,David Lewis,customer5921@mail.com,+1-444-658-2943,Chicago,USA,37193.79,775,8087421040
CUST005922,James Smith,customer5922@mail.com,+1-444-862-1248,New York,USA,43440.42,810,5781316163
CUST005923,David Clark,customer5923@mail.com,+1-444-182-1014,New York,USA,33488.26,491,1006615136
CUST005924,Michael Wilson,customer5924@mail.com,+1-444-576-5512,Phoenix,USA,12625.8,623,7524485274
CUST005925,Ava Lewis,customer5925@mail.com,+1-444-627-2620,Phoenix,USA,20820.1,485,7389805527
CUST005926,Sophia Taylor,customer5926@mail.com,+1-444-681-4124,Phoenix,USA,8011.62,440,3505630351
CUST005927,Daniel Brown,customer5927@mail.com,+1-444-496-1023,Dallas,USA,40206.98,846,3787123607
CUST005928,David Walker,customer5928@mail.com,+1-444-126-2389,Phoenix,USA,9540.97,508,2518004621
CUST005929,Sophia Smith,customer5929@mail.com,+1-444-664-3543,Chicago,USA,43531.81,465,2377215958
CUST005930,Michael Johnson,customer5930@mail.com,+1-444-741-3792,Phoenix,USA,39413.42,690,5414364521
CUST005931,James Hall,customer5931@mail.com,+1-444-140-6568,New York,USA,1155.86,762,1993613146
CUST005932,Sarah Smith,customer5932@mail.com,+1-444-614-8235,New York,USA,7442.26,500,6221863835
CUST005933,Daniel Walker,customer5933@mail.com,+1-444-974-1178,Dallas,USA,27758.39,746,7818321771
CUST005934,Sophia Johnson,customer5934@mail.com,+1-444-458-8249,Chicago,USA,37194.88,405,8743268625
CUST005935,Olivia Johnson,customer5935@mail.com,+1-444-212-2722,Phoenix,USA,49579.8,451,5264897817
CUST005936,Olivia Smith,customer5936@mail.com,+1-444-845-4238,Dallas,USA,18597.98,323,8635427426
CUST005937,Sophia Taylor,customer5937@mail.com,+1-444-254-1920,Phoenix,USA,15045.8,680,7739920187
CUST005938,Michael Smith,customer5938@mail.com,+1-444-976-3674,Chicago,USA,35863.03,513,9168314092
CUST005939,Daniel Johnson,customer5939@mail.com,+1-444-902-6772,Chicago,USA,34697.82,560,3076256007
CUST005940,Ava Johnson,customer5940@mail.com,+1-444-261-7715,Chicago,USA,34942.75,740,8217824530
CUST005941,David Brown,customer5941@mail.com,+1-444-325-9291,Dallas,USA,29346.88,472,1495887934
CUST005942,John Clark,customer5942@mail.com,+1-444-967-9036,Phoenix,USA,44714.99,396,2925113840
CUST005943,Ava Smith,customer5943@mail.com,+1-444-716-1182,Dallas,USA,30051.73,656,7063744865
CUST005944,Sophia Lewis,customer5944@mail.com,+1-444-847-2421,Chicago,USA,1457.54,531,2565952627
CUST005945,Sarah Johnson,customer5945@mail.com,+1-444-825-6767,Phoenix,USA,16240.38,361,8861483109
CUST005946,David Taylor,customer5946@mail.com,+1-444-951-9146,Phoenix,USA,29391.7,619,9627345936
CUST005947,Sarah Hall,customer5947@mail.com,+1-444-315-6589,New York,USA,32900.79,691,7325563758
CUST005948,Sarah Walker,customer5948@mail.com,+1-444-966-2886,Phoenix,USA,16410.4,810,9929978339
CUST005949,Daniel Smith,customer5949@mail.com,+1-444-894-3538,Chicago,USA,3790.82,494,6457592554
CUST005950,Sarah Johnson,customer5950@mail.com,+1-444-860-9972,Dallas,USA,47936.35,691,5043126657
CUST005951,Olivia Smith,customer5951@mail.com,+1-444-866-8589,Dallas,USA,7796.62,726,1939774332
CUST005952,John Taylor,customer5952@mail.com,+1-444-238-2889,Phoenix,USA,40062.65,756,2256744577
CUST005953,Sarah Smith,customer5953@mail.com,+1-444-783-4101,Phoenix,USA,20960.44,823,9906454531
CUST005954,Ava Lewis,customer5954@mail.com,+1-444-970-2722,Chicago,USA,35360.87,384,6400329881
CUST005955,Olivia Lewis,customer5955@mail.com,+1-444-934-5926,Phoenix,USA,30431.97,327,7022440815
CUST005956,Sophia Hall,customer5956@mail.com,+1-444-974-2484,Phoenix,USA,17353.71,548,5540358115
CUST005957,James Walker,customer5957@mail.com,+1-444-222-9398,Phoenix,USA,44418.02,745,4781219547
CUST005958,James Brown,customer5958@mail.com,+1-444-539-2920,Chicago,USA,16756.57,317,7713778218
CUST005959,David Wilson,customer5959@mail.com,+1-444-149-9413,Chicago,USA,5796.4,534,4488493160
CUST005960,Sarah Clark,customer5960@mail.com,+1-444-393-6456,New York,USA,45613.06,304,1855519621
CUST005961,David Walker,customer5961@mail.com,+1-444-615-3402,Chicago,USA,48818.98,399,3329130718
CUST005962,John Walker,customer5962@mail.com,+1-444-569-9889,Chicago,USA,35019.85,652,2986712328
CUST005963,Sarah Brown,customer5963@mail.com,+1-444-124-4127,Dallas,USA,12905.05,390,7935476149
CUST005964,Emma Smith,customer5964@mail.com,+1-444-660-8380,Phoenix,USA,22023.72,682,8960656401
CUST005965,Michael Clark,customer5965@mail.com,+1-444-152-3835,New York,USA,48835.93,516,1436556248
CUST005966,Sarah Brown,customer5966@mail.com,+1-444-213-4967,Phoenix,USA,21622.08,327,7047129776
CUST005967,Olivia Lewis,customer5967@mail.com,+1-444-117-5500,New York,USA,16984.1,370,4254322699
CUST005968,Ava Davis,customer5968@mail.com,+1-444-702-4781,New York,USA,6192.04,540,8661998956
CUST005969,David Lewis,customer5969@mail.com,+1-444-231-6186,Phoenix,USA,14481.79,592,6110934615
CUST005970,John Wilson,customer5970@mail.com,+1-444-683-5679,New York,USA,20700.64,579,2815192531
CUST005971,Olivia Clark,customer5971@mail.com,+1-444-768-4268,Phoenix,USA,17469.4,717,9346912356
CUST005972,Sophia Brown,customer5972@mail.com,+1-444-289-3468,Chicago,USA,16031.88,347,6632111019
CUST005973,Michael Johnson,customer5973@mail.com,+1-444-743-1800,Phoenix,USA,19641.18,471,6136624645
CUST005974,Daniel Lewis,customer5974@mail.com,+1-444-966-7615,Chicago,USA,14716.42,646,2918703101
CUST005975,Sarah Lewis,customer5975@mail.com,+1-444-680-4993,Chicago,USA,18588.16,578,8441987710
CUST005976,Ava Lewis,customer5976@mail.com,+1-444-398-5008,Chicago,USA,41587.2,316,9912950516
CUST005977,Sarah Hall,customer5977@mail.com,+1-444-453-5789,Chicago,USA,36025.42,568,3453217332
CUST005978,Sophia Wilson,customer5978@mail.com,+1-444-804-9227,Phoenix,USA,48896.73,518,2746442939
CUST005979,Michael Walker,customer5979@mail.com,+1-444-950-9703,Phoenix,USA,22336.31,426,1143420298
CUST005980,Daniel Brown,customer5980@mail.com,+1-444-156-8699,Phoenix,USA,15900.03,592,4011460940
CUST005981,David Clark,customer5981@mail.com,+1-444-935-6130,New York,USA,31498.75,544,1137454248
CUST005982,John Taylor,customer5982@mail.com,+1-444-936-8890,Dallas,USA,17397.44,427,7060286662
CUST005983,Michael Davis,customer5983@mail.com,+1-444-560-9633,Chicago,USA,20496.64,724,7285954563
CUST005984,Olivia Hall,customer5984@mail.com,+1-444-533-5825,Dallas,USA,49721.74,463,8479219600
CUST005985,David Taylor,customer5985@mail.com,+1-444-101-7729,Phoenix,USA,44843.93,586,3568279056
CUST005986,Michael Lewis,customer5986@mail.com,+1-444-511-4484,Dallas,USA,2294.07,552,9689614262
CUST005987,Ava Taylor,customer5987@mail.com,+1-444-279-6607,New York,USA,13745.31,373,8395939183
CUST005988,Olivia Brown,customer5988@mail.com,+1-444-448-6570,Chicago,USA,23781.72,644,9435537704
CUST005989,Emma Clark,customer5989@mail.com,+1-444-957-6598,Dallas,USA,5733.15,843,5663911732
CUST005990,David Hall,customer5990@mail.com,+1-444-528-4773,New York,USA,7297.59,645,5793247610
CUST005991,Sophia Clark,customer5991@mail.com,+1-444-985-2402,New York,USA,3997.53,848,4838459232
CUST005992,Ava Brown,customer5992@mail.com,+1-444-746-9611,Chicago,USA,2838.39,479,1485567388
CUST005993,Emma Johnson,customer5993@mail.com,+1-444-380-8982,New York,USA,35420.06,430,5226328242
CUST005994,Daniel Smith,customer5994@mail.com,+1-444-408-1205,New York,USA,27348.61,359,7418380387
CUST005995,Olivia Davis,customer5995@mail.com,+1-444-871-1649,Phoenix,USA,8242.26,788,4813807105
CUST005996,Sarah Johnson,customer5996@mail.com,+1-444-583-5985,Dallas,USA,19548.01,804,9505837973
CUST005997,Sophia Taylor,customer5997@mail.com,+1-444-710-5026,Phoenix,USA,46247.18,316,8030254273
CUST005998,John Taylor,customer5998@mail.com,+1-444-252-1124,Dallas,USA,11970.86,838,7978130496
CUST005999,Daniel Hall,customer5999@mail.com,+1-444-922-7136,Dallas,USA,35575.66,814,9642708520
CUST006000,Ava Smith,customer6000@mail.com,+1-444-751-2784,Chicago,USA,20711.89,778,9028086666
CUST006001,Ava Lewis,customer6001@mail.com,+1-444-943-5434,New York,USA,39091.48,663,5548834848
CUST006002,James Davis,customer6002@mail.com,+1-444-668-4623,New York,USA,31509.33,783,4650166705
CUST006003,David Johnson,customer6003@mail.com,+1-444-492-6150,Chicago,USA,33599.32,393,3970216745
CUST006004,Olivia Walker,customer6004@mail.com,+1-444-480-8685,Chicago,USA,33311.94,485,5380871982
CUST006005,Olivia Hall,customer6005@mail.com,+1-444-448-1070,Chicago,USA,48893.5,398,3237175224
CUST006006,John Johnson,customer6006@mail.com,+1-444-874-4878,Chicago,USA,43379.88,429,7435734255
CUST006007,John Hall,customer6007@mail.com,+1-444-741-4500,Phoenix,USA,26044.1,616,9754193117
CUST006008,Ava Walker,customer6008@mail.com,+1-444-253-3472,Phoenix,USA,43638.61,546,3581985077
CUST006009,Sarah Walker,customer6009@mail.com,+1-444-668-1219,Dallas,USA,48373.71,711,3778711999
CUST006010,James Johnson,customer6010@mail.com,+1-444-203-4196,Dallas,USA,47544.43,441,3250318335
CUST006011,John Clark,customer6011@mail.com,+1-444-175-9147,Dallas,USA,32733.59,371,8397095868
CUST006012,James Brown,customer6012@mail.com,+1-444-392-5316,New York,USA,19425.81,754,9351712008
CUST006013,Emma Hall,customer6013@mail.com,+1-444-223-7722,Chicago,USA,32941.75,779,5315720677
CUST006014,Sophia Smith,customer6014@mail.com,+1-444-907-4442,New York,USA,25974.53,829,7296416345
CUST006015,Sarah Smith,customer6015@mail.com,+1-444-346-2049,Phoenix,USA,35024.39,452,2310809570
CUST006016,Olivia Hall,customer6016@mail.com,+1-444-247-3222,Phoenix,USA,11799.14,576,6446400943
CUST006017,Sarah Smith,customer6017@mail.com,+1-444-935-9989,Dallas,USA,23502.88,470,4423167998
CUST006018,Olivia Davis,customer6018@mail.com,+1-444-298-4943,Dallas,USA,28827.27,772,3061850701
CUST006019,Ava Taylor,customer6019@mail.com,+1-444-948-1282,Dallas,USA,11352.76,713,6114341133
CUST006020,David Brown,customer6020@mail.com,+1-444-101-2911,Dallas,USA,23600.04,448,1371190861
CUST006021,Ava Smith,customer6021@mail.com,+1-444-528-4830,Chicago,USA,35674.5,761,8097753582
CUST006022,John Johnson,customer6022@mail.com,+1-444-971-5278,Chicago,USA,18901.71,686,6443776906
CUST006023,Olivia Lewis,customer6023@mail.com,+1-444-461-9827,Dallas,USA,2462.35,690,7661339996
CUST006024,Emma Smith,customer6024@mail.com,+1-444-606-4574,Dallas,USA,20120.9,429,1645270995
CUST006025,John Taylor,customer6025@mail.com,+1-444-934-2282,Dallas,USA,277.07,306,2173282025
CUST006026,John Hall,customer6026@mail.com,+1-444-887-9437,New York,USA,3272.9,336,9762299686
CUST006027,Daniel Wilson,customer6027@mail.com,+1-444-646-9007,Phoenix,USA,32547.68,664,9107220246
CUST006028,Daniel Walker,customer6028@mail.com,+1-444-798-1081,Chicago,USA,32150.64,591,6045482360
CUST006029,Sophia Hall,customer6029@mail.com,+1-444-978-4724,Dallas,USA,41955.73,534,8084705849
CUST006030,John Walker,customer6030@mail.com,+1-444-460-8515,Phoenix,USA,31608.8,772,3126968498
CUST006031,Sarah Smith,customer6031@mail.com,+1-444-887-2445,Dallas,USA,37486.09,495,6799767731
CUST006032,Sarah Lewis,customer6032@mail.com,+1-444-459-7168,Dallas,USA,46962.92,321,1244613590
CUST006033,Michael Hall,customer6033@mail.com,+1-444-897-3716,Dallas,USA,30596.42,502,3614760810
CUST006034,David Walker,customer6034@mail.com,+1-444-898-8014,New York,USA,18153.13,598,4122482521
CUST006035,Emma Hall,customer6035@mail.com,+1-444-462-4378,Dallas,USA,43646.51,743,5962440918
CUST006036,Michael Lewis,customer6036@mail.com,+1-444-503-6244,New York,USA,37332.83,717,9767735075
CUST006037,Michael Johnson,customer6037@mail.com,+1-444-524-6026,Dallas,USA,33802.75,448,1844953667
CUST006038,Ava Taylor,customer6038@mail.com,+1-444-471-7871,Dallas,USA,27853.94,779,4994663471
CUST006039,James Brown,customer6039@mail.com,+1-444-156-1826,New York,USA,10217.52,512,8612193058
CUST006040,Michael Hall,customer6040@mail.com,+1-444-370-6651,Phoenix,USA,27053.73,301,9159917603
CUST006041,Olivia Hall,customer6041@mail.com,+1-444-170-2175,Dallas,USA,19295.88,404,8200364940
CUST006042,Olivia Wilson,customer6042@mail.com,+1-444-886-4341,Chicago,USA,7151.65,481,1111353183
CUST006043,Emma Smith,customer6043@mail.com,+1-444-746-2076,Phoenix,USA,17325.85,779,9802972545
CUST006044,Michael Johnson,customer6044@mail.com,+1-444-479-3065,Chicago,USA,27201.04,475,8587480053
CUST006045,John Johnson,customer6045@mail.com,+1-444-364-3068,Phoenix,USA,8407.51,343,4584407177
CUST006046,Ava Lewis,customer6046@mail.com,+1-444-212-6925,New York,USA,7301.77,688,8997865689
CUST006047,Ava Smith,customer6047@mail.com,+1-444-911-3849,Dallas,USA,26011.45,375,8639793218
CUST006048,David Lewis,customer6048@mail.com,+1-444-753-3704,New York,USA,41767.13,627,4542511599
CUST006049,Olivia Davis,customer6049@mail.com,+1-444-523-6763,Dallas,USA,26120.39,401,1095020011
CUST006050,Emma Walker,customer6050@mail.com,+1-444-107-7571,Dallas,USA,4347.03,301,4626800440
CUST006051,Sarah Hall,customer6051@mail.com,+1-444-445-1669,Chicago,USA,34320.15,312,4095219438
CUST006052,John Davis,customer6052@mail.com,+1-444-527-3363,Dallas,USA,30293.33,848,2141756899
CUST006053,David Hall,customer6053@mail.com,+1-444-711-9066,Dallas,USA,27141.0,607,3517570716
CUST006054,Sophia Hall,customer6054@mail.com,+1-444-119-2025,Phoenix,USA,36706.16,710,5852197184
CUST006055,Emma Lewis,customer6055@mail.com,+1-444-685-6149,New York,USA,6602.07,615,6080834175
CUST006056,James Clark,customer6056@mail.com,+1-444-840-7672,New York,USA,6547.59,559,3965518786
CUST006057,Sophia Davis,customer6057@mail.com,+1-444-802-9689,Chicago,USA,42677.93,744,8020923045
CUST006058,Daniel Lewis,customer6058@mail.com,+1-444-612-9142,New York,USA,39141.91,420,7073675009
CUST006059,Emma Taylor,customer6059@mail.com,+1-444-887-8469,Phoenix,USA,2028.96,490,6800589570
CUST006060,Sarah Wilson,customer6060@mail.com,+1-444-648-9332,Chicago,USA,4568.17,671,6295626968
CUST006061,James Taylor,customer6061@mail.com,+1-444-981-1109,Chicago,USA,47070.85,423,8605338626
CUST006062,James Taylor,customer6062@mail.com,+1-444-395-9742,Chicago,USA,10621.09,690,6525822704
CUST006063,Sophia Davis,customer6063@mail.com,+1-444-605-9298,Dallas,USA,33397.53,301,1908698191
CUST006064,David Brown,customer6064@mail.com,+1-444-463-5413,Dallas,USA,35232.35,707,9157978632
CUST006065,John Taylor,customer6065@mail.com,+1-444-581-5962,Dallas,USA,18573.24,601,4806874921
CUST006066,Emma Wilson,customer6066@mail.com,+1-444-749-1194,Dallas,USA,5768.85,802,3449521830
CUST006067,Daniel Clark,customer6067@mail.com,+1-444-666-4706,Phoenix,USA,35541.99,816,7855456809
CUST006068,Ava Clark,customer6068@mail.com,+1-444-303-2841,Chicago,USA,8054.37,381,5169205280
CUST006069,Michael Johnson,customer6069@mail.com,+1-444-925-7580,Phoenix,USA,20230.82,819,6325826675
CUST006070,David Smith,customer6070@mail.com,+1-444-714-5178,Dallas,USA,39328.99,360,9581948571
CUST006071,David Davis,customer6071@mail.com,+1-444-434-1576,Dallas,USA,10464.21,435,2325751214
CUST006072,Daniel Smith,customer6072@mail.com,+1-444-720-2862,Dallas,USA,6615.36,578,4941707232
CUST006073,John Davis,customer6073@mail.com,+1-444-329-4001,New York,USA,18468.43,728,9187455011
CUST006074,David Clark,customer6074@mail.com,+1-444-323-9895,New York,USA,49144.21,681,4817726159
CUST006075,Olivia Walker,customer6075@mail.com,+1-444-807-8997,Phoenix,USA,29482.86,533,5895485126
CUST006076,Sarah Taylor,customer6076@mail.com,+1-444-251-3546,New York,USA,49293.09,594,5204632221
CUST006077,Daniel Hall,customer6077@mail.com,+1-444-759-5810,Phoenix,USA,47772.69,518,6224255820
CUST006078,Olivia Smith,customer6078@mail.com,+1-444-488-2415,Chicago,USA,25189.89,595,5513611121
CUST006079,Sarah Clark,customer6079@mail.com,+1-444-445-2825,New York,USA,13246.5,486,4834290292
CUST006080,Daniel Davis,customer6080@mail.com,+1-444-188-6467,Dallas,USA,9273.89,767,8861288071
CUST006081,John Clark,customer6081@mail.com,+1-444-218-6224,Phoenix,USA,12178.76,301,9360162064
CUST006082,David Hall,customer6082@mail.com,+1-444-536-8011,New York,USA,29772.7,732,9571459332
CUST006083,Ava Clark,customer6083@mail.com,+1-444-882-3833,Chicago,USA,21254.29,665,5801241938
CUST006084,Olivia Brown,customer6084@mail.com,+1-444-590-7653,Dallas,USA,33735.02,610,2648982306
CUST006085,Olivia Hall,customer6085@mail.com,+1-444-430-7664,Phoenix,USA,35809.33,314,6515588165
CUST006086,Ava Lewis,customer6086@mail.com,+1-444-125-8067,Dallas,USA,48666.61,744,3458327959
CUST006087,John Lewis,customer6087@mail.com,+1-444-231-4294,Chicago,USA,42245.25,519,2282040338
CUST006088,Emma Clark,customer6088@mail.com,+1-444-522-7207,New York,USA,33200.61,704,9957422790
CUST006089,Olivia Walker,customer6089@mail.com,+1-444-933-6261,Dallas,USA,8946.51,467,2109605006
CUST006090,Michael Davis,customer6090@mail.com,+1-444-119-7358,Chicago,USA,18385.75,816,5666103196
CUST006091,Ava Lewis,customer6091@mail.com,+1-444-642-8847,Phoenix,USA,23661.62,577,4695936375
CUST006092,Daniel Lewis,customer6092@mail.com,+1-444-647-5908,Dallas,USA,33125.35,630,3338506209
CUST006093,Sarah Walker,customer6093@mail.com,+1-444-717-8574,Chicago,USA,1002.44,659,8334615548
CUST006094,Sarah Smith,customer6094@mail.com,+1-444-282-9939,Phoenix,USA,4789.11,654,7329192905
CUST006095,Ava Brown,customer6095@mail.com,+1-444-873-7980,New York,USA,10485.92,657,2671960855
CUST006096,Sophia Brown,customer6096@mail.com,+1-444-360-7773,Dallas,USA,33888.07,539,2458629504
CUST006097,Michael Clark,customer6097@mail.com,+1-444-776-3860,Dallas,USA,44036.57,674,8176415289
CUST006098,Sarah Taylor,customer6098@mail.com,+1-444-496-4367,Chicago,USA,22964.77,418,8501891835
CUST006099,John Clark,customer6099@mail.com,+1-444-661-9415,New York,USA,30382.84,726,3369498146
CUST006100,John Hall,customer6100@mail.com,+1-444-618-6632,Dallas,USA,19281.16,755,8293672750
CUST006101,Ava Taylor,customer6101@mail.com,+1-444-956-5708,Chicago,USA,10825.82,580,8493502578
CUST006102,Ava Taylor,customer6102@mail.com,+1-444-178-4046,New York,USA,13968.75,690,5495609490
CUST006103,James Clark,customer6103@mail.com,+1-444-773-8661,Dallas,USA,19047.56,695,5965224028
CUST006104,Michael Lewis,customer6104@mail.com,+1-444-539-5223,Dallas,USA,48646.97,345,1773894815
CUST006105,David Clark,customer6105@mail.com,+1-444-251-4697,Phoenix,USA,33562.0,469,9966117860
CUST006106,Michael Lewis,customer6106@mail.com,+1-444-268-4083,Chicago,USA,49779.2,486,6623380226
CUST006107,Olivia Walker,customer6107@mail.com,+1-444-894-9860,New York,USA,46588.68,678,9886022467
CUST006108,Michael Taylor,customer6108@mail.com,+1-444-484-1695,Chicago,USA,12701.95,689,6618081636
CUST006109,Olivia Clark,customer6109@mail.com,+1-444-954-2508,Phoenix,USA,11189.8,525,9788386645
CUST006110,Daniel Taylor,customer6110@mail.com,+1-444-529-1545,New York,USA,44323.96,761,8312158670
CUST006111,Daniel Clark,customer6111@mail.com,+1-444-872-7084,Phoenix,USA,38400.55,779,4490448051
CUST006112,Olivia Johnson,customer6112@mail.com,+1-444-551-9288,New York,USA,36035.83,828,7577323688
CUST006113,Sophia Clark,customer6113@mail.com,+1-444-329-6463,Dallas,USA,48841.66,753,5230794579
CUST006114,David Davis,customer6114@mail.com,+1-444-456-3533,Dallas,USA,505.13,539,9657285803
CUST006115,James Walker,customer6115@mail.com,+1-444-975-6693,New York,USA,19597.82,753,5016563381
CUST006116,David Clark,customer6116@mail.com,+1-444-695-5147,Dallas,USA,39010.42,564,5057451759
CUST006117,James Walker,customer6117@mail.com,+1-444-426-7505,Chicago,USA,40769.13,506,8919425155
CUST006118,James Wilson,customer6118@mail.com,+1-444-384-5594,Phoenix,USA,29747.12,812,6762265409
CUST006119,James Walker,customer6119@mail.com,+1-444-185-9199,Phoenix,USA,26472.33,608,6839442723
CUST006120,Ava Johnson,customer6120@mail.com,+1-444-204-1459,Dallas,USA,36173.9,701,9613915448
CUST006121,John Hall,customer6121@mail.com,+1-444-366-4052,Phoenix,USA,26579.33,362,8222869107
CUST006122,Sophia Lewis,customer6122@mail.com,+1-444-248-4027,Phoenix,USA,4332.26,633,8231440495
CUST006123,Sarah Taylor,customer6123@mail.com,+1-444-836-2543,Phoenix,USA,39517.02,327,2351512064
CUST006124,Emma Smith,customer6124@mail.com,+1-444-953-1827,New York,USA,39592.94,389,5166669076
CUST006125,John Davis,customer6125@mail.com,+1-444-692-8326,Phoenix,USA,5708.33,695,6576032443
CUST006126,Olivia Johnson,customer6126@mail.com,+1-444-907-9474,Chicago,USA,35408.29,518,2723517234
CUST006127,Daniel Smith,customer6127@mail.com,+1-444-657-2123,New York,USA,48014.15,623,4046964953
CUST006128,Sarah Wilson,customer6128@mail.com,+1-444-825-3078,Dallas,USA,44422.41,547,2429192366
CUST006129,David Hall,customer6129@mail.com,+1-444-537-4027,Chicago,USA,17521.42,313,1860944977
CUST006130,Michael Lewis,customer6130@mail.com,+1-444-589-3725,Phoenix,USA,44566.22,774,5810443906
CUST006131,John Wilson,customer6131@mail.com,+1-444-444-6327,Dallas,USA,29254.21,641,4470215758
CUST006132,Sophia Walker,customer6132@mail.com,+1-444-481-5277,New York,USA,19892.76,771,1604014593
CUST006133,Daniel Smith,customer6133@mail.com,+1-444-968-1760,New York,USA,9859.35,721,5985963833
CUST006134,Emma Hall,customer6134@mail.com,+1-444-260-2579,Dallas,USA,20004.94,378,9992493550
CUST006135,Michael Johnson,customer6135@mail.com,+1-444-973-9878,Chicago,USA,3968.77,504,6443896950
CUST006136,Emma Smith,customer6136@mail.com,+1-444-998-1384,Dallas,USA,31731.07,583,5953281165
CUST006137,Michael Brown,customer6137@mail.com,+1-444-482-4699,Chicago,USA,9177.26,526,7265438313
CUST006138,Daniel Smith,customer6138@mail.com,+1-444-245-3286,Chicago,USA,22193.7,387,7198590832
CUST006139,Daniel Hall,customer6139@mail.com,+1-444-390-7460,Phoenix,USA,21702.78,474,1899539195
CUST006140,Michael Walker,customer6140@mail.com,+1-444-576-3189,Phoenix,USA,32368.54,644,6559930638
CUST006141,Michael Clark,customer6141@mail.com,+1-444-477-3078,Chicago,USA,105.09,330,3621664290
CUST006142,John Hall,customer6142@mail.com,+1-444-331-3043,Phoenix,USA,28638.19,600,7286653079
CUST006143,Emma Hall,customer6143@mail.com,+1-444-769-5473,Chicago,USA,46087.36,800,3890799764
CUST006144,Sophia Johnson,customer6144@mail.com,+1-444-276-7815,Chicago,USA,24670.72,483,9688873195
CUST006145,Daniel Wilson,customer6145@mail.com,+1-444-210-5460,Chicago,USA,27946.19,525,7261596064
CUST006146,Sophia Clark,customer6146@mail.com,+1-444-317-5572,Chicago,USA,44954.07,728,5584038858
CUST006147,James Smith,customer6147@mail.com,+1-444-287-2550,Dallas,USA,43643.32,485,5679953884
CUST006148,David Davis,customer6148@mail.com,+1-444-166-5378,Chicago,USA,48655.75,350,9521842823
CUST006149,David Brown,customer6149@mail.com,+1-444-399-9490,New York,USA,39998.31,615,2785967570
CUST006150,David Hall,customer6150@mail.com,+1-444-237-3155,Dallas,USA,3797.53,609,9571881298
CUST006151,Sophia Wilson,customer6151@mail.com,+1-444-628-2018,New York,USA,23355.05,786,1713435743
CUST006152,Michael Taylor,customer6152@mail.com,+1-444-391-5606,New York,USA,25533.91,647,8394031370
CUST006153,Emma Johnson,customer6153@mail.com,+1-444-941-3662,Dallas,USA,7971.4,398,8089781320
CUST006154,Sophia Taylor,customer6154@mail.com,+1-444-505-4303,New York,USA,7994.17,735,3776877265
CUST006155,Sophia Johnson,customer6155@mail.com,+1-444-151-1018,Phoenix,USA,22527.77,819,7355572934
CUST006156,Michael Johnson,customer6156@mail.com,+1-444-920-5149,Phoenix,USA,37158.79,828,1451091038
CUST006157,David Hall,customer6157@mail.com,+1-444-260-1118,New York,USA,23799.15,545,3304501118
CUST006158,Sophia Lewis,customer6158@mail.com,+1-444-395-5403,Dallas,USA,32986.3,678,8608281547
CUST006159,John Smith,customer6159@mail.com,+1-444-936-7412,Phoenix,USA,22559.97,474,2523747515
CUST006160,Sophia Wilson,customer6160@mail.com,+1-444-750-6066,Phoenix,USA,3720.95,551,3602912942
CUST006161,Sophia Davis,customer6161@mail.com,+1-444-914-5857,Dallas,USA,26943.61,462,8551078364
CUST006162,Olivia Brown,customer6162@mail.com,+1-444-237-8471,Phoenix,USA,37950.86,641,7733341636
CUST006163,David Davis,customer6163@mail.com,+1-444-147-4099,Chicago,USA,6459.73,763,3407789932
CUST006164,Olivia Johnson,customer6164@mail.com,+1-444-885-8281,Chicago,USA,25825.69,816,6372199222
CUST006165,Ava Johnson,customer6165@mail.com,+1-444-941-9396,Chicago,USA,49307.18,606,9631966773
CUST006166,Olivia Lewis,customer6166@mail.com,+1-444-606-9550,Dallas,USA,35339.64,318,1268185653
CUST006167,Olivia Clark,customer6167@mail.com,+1-444-709-9822,New York,USA,16370.39,846,5775559755
CUST006168,Emma Taylor,customer6168@mail.com,+1-444-552-7059,New York,USA,44032.82,844,1856122263
CUST006169,Emma Taylor,customer6169@mail.com,+1-444-620-4799,Phoenix,USA,22095.74,391,3964356167
CUST006170,David Johnson,customer6170@mail.com,+1-444-250-5807,New York,USA,42467.83,423,5190733136
CUST006171,Daniel Taylor,customer6171@mail.com,+1-444-682-5886,Chicago,USA,24001.91,371,4087343148
CUST006172,James Smith,customer6172@mail.com,+1-444-427-4006,Phoenix,USA,16980.01,444,4242801861
CUST006173,Ava Lewis,customer6173@mail.com,+1-444-991-8629,Chicago,USA,48490.7,478,4721892245
CUST006174,James Clark,customer6174@mail.com,+1-444-307-4688,Phoenix,USA,45715.79,418,3286090402
CUST006175,Daniel Walker,customer6175@mail.com,+1-444-776-8564,Phoenix,USA,34172.76,823,3966068401
CUST006176,Olivia Taylor,customer6176@mail.com,+1-444-476-2991,Phoenix,USA,6487.66,369,4781998676
CUST006177,Daniel Hall,customer6177@mail.com,+1-444-809-3758,Chicago,USA,35529.43,671,1197135975
CUST006178,Ava Lewis,customer6178@mail.com,+1-444-549-7052,Chicago,USA,4495.03,660,5563275741
CUST006179,John Walker,customer6179@mail.com,+1-444-907-7268,New York,USA,24221.31,810,4816094740
CUST006180,Michael Johnson,customer6180@mail.com,+1-444-610-3665,New York,USA,34061.42,693,1515733868
CUST006181,Sarah Johnson,customer6181@mail.com,+1-444-824-4110,Phoenix,USA,9372.28,746,6469337283
CUST006182,Emma Davis,customer6182@mail.com,+1-444-235-9588,New York,USA,25472.68,694,4500605053
CUST006183,Daniel Wilson,customer6183@mail.com,+1-444-961-2244,New York,USA,152.76,612,4562103766
CUST006184,Michael Clark,customer6184@mail.com,+1-444-212-5651,Chicago,USA,45361.05,470,2095055200
CUST006185,Michael Taylor,customer6185@mail.com,+1-444-783-9949,Dallas,USA,11368.72,733,2897193506
CUST006186,Emma Lewis,customer6186@mail.com,+1-444-506-6744,Chicago,USA,18300.57,425,2836417706
CUST006187,Sophia Lewis,customer6187@mail.com,+1-444-215-8379,Dallas,USA,15682.57,599,5214883721
CUST006188,James Davis,customer6188@mail.com,+1-444-280-8730,Chicago,USA,46030.32,745,2332412291
CUST006189,Ava Davis,customer6189@mail.com,+1-444-253-1878,New York,USA,4206.15,803,9831671903
CUST006190,John Clark,customer6190@mail.com,+1-444-511-8162,Phoenix,USA,20538.67,631,1968373655
CUST006191,Olivia Johnson,customer6191@mail.com,+1-444-543-2925,New York,USA,22694.76,600,4767458607
CUST006192,Olivia Taylor,customer6192@mail.com,+1-444-868-3387,New York,USA,5699.75,511,1598066218
CUST006193,Daniel Lewis,customer6193@mail.com,+1-444-405-6922,Dallas,USA,48559.39,805,1972690918
CUST006194,John Smith,customer6194@mail.com,+1-444-470-8612,New York,USA,20055.46,628,7220755686
CUST006195,David Johnson,customer6195@mail.com,+1-444-274-6039,Phoenix,USA,49958.52,787,6337972776
CUST006196,Olivia Lewis,customer6196@mail.com,+1-444-370-8324,Dallas,USA,19568.93,822,9831758773
CUST006197,Emma Johnson,customer6197@mail.com,+1-444-142-1190,Dallas,USA,27708.44,744,1280525540
CUST006198,Ava Walker,customer6198@mail.com,+1-444-661-3100,Chicago,USA,38636.77,702,9459162040
CUST006199,Michael Wilson,customer6199@mail.com,+1-444-749-6072,Phoenix,USA,5965.02,793,2997919811
CUST006200,Michael Brown,customer6200@mail.com,+1-444-582-3116,New York,USA,32418.56,336,7391591225
CUST006201,Olivia Johnson,customer6201@mail.com,+1-444-671-6872,Chicago,USA,39826.41,651,2199746640
CUST006202,Olivia Davis,customer6202@mail.com,+1-444-720-8137,Dallas,USA,43374.72,496,8784034474
CUST006203,Sarah Clark,customer6203@mail.com,+1-444-102-6816,New York,USA,6185.22,413,4378858097
CUST006204,Michael Smith,customer6204@mail.com,+1-444-443-1254,Phoenix,USA,41155.86,311,2030609851
CUST006205,Emma Clark,customer6205@mail.com,+1-444-755-3721,Dallas,USA,49533.04,481,1130692739
CUST006206,John Clark,customer6206@mail.com,+1-444-352-6978,Chicago,USA,23561.91,827,1775831851
CUST006207,James Johnson,customer6207@mail.com,+1-444-358-9984,New York,USA,17941.49,697,9859318709
CUST006208,Sarah Davis,customer6208@mail.com,+1-444-465-1008,Dallas,USA,28566.87,406,7811533670
CUST006209,Olivia Hall,customer6209@mail.com,+1-444-682-3300,New York,USA,40521.79,509,1980307027
CUST006210,Emma Hall,customer6210@mail.com,+1-444-303-4651,Phoenix,USA,22811.51,739,1931174932
CUST006211,Michael Brown,customer6211@mail.com,+1-444-859-4759,Phoenix,USA,12472.3,757,9249809163
CUST006212,Sophia Walker,customer6212@mail.com,+1-444-749-3292,Phoenix,USA,10640.72,418,1324281333
CUST006213,John Taylor,customer6213@mail.com,+1-444-264-4499,Phoenix,USA,15196.76,718,1463840164
CUST006214,Emma Walker,customer6214@mail.com,+1-444-940-8547,Chicago,USA,34153.43,727,1902208589
CUST006215,Michael Hall,customer6215@mail.com,+1-444-227-8895,New York,USA,44533.04,787,4560391032
CUST006216,David Clark,customer6216@mail.com,+1-444-729-9289,Dallas,USA,1443.34,850,4362248659
CUST006217,Sophia Clark,customer6217@mail.com,+1-444-740-9576,Dallas,USA,22037.04,332,5384937835
CUST006218,Daniel Walker,customer6218@mail.com,+1-444-571-1143,Dallas,USA,40673.6,799,2494971331
CUST006219,Sophia Lewis,customer6219@mail.com,+1-444-307-3876,Dallas,USA,5418.59,365,1772069092
CUST006220,Emma Taylor,customer6220@mail.com,+1-444-453-9003,Dallas,USA,22844.55,811,7934739256
CUST006221,John Brown,customer6221@mail.com,+1-444-478-8435,Chicago,USA,22693.6,309,9812448197
CUST006222,Michael Wilson,customer6222@mail.com,+1-444-664-3795,Chicago,USA,44466.91,446,9869217161
CUST006223,Sophia Johnson,customer6223@mail.com,+1-444-172-9655,Chicago,USA,13048.86,427,3308279532
CUST006224,Olivia Wilson,customer6224@mail.com,+1-444-201-1006,New York,USA,20315.39,653,4270552026
CUST006225,Sarah Clark,customer6225@mail.com,+1-444-324-4784,New York,USA,5657.04,564,8186538279
CUST006226,Emma Clark,customer6226@mail.com,+1-444-925-2700,Dallas,USA,38589.77,551,8039400680
CUST006227,Sarah Johnson,customer6227@mail.com,+1-444-722-3774,Chicago,USA,12209.8,509,5321686531
CUST006228,John Lewis,customer6228@mail.com,+1-444-909-5910,Phoenix,USA,25691.34,623,9511627133
CUST006229,Michael Smith,customer6229@mail.com,+1-444-979-4829,Phoenix,USA,29008.67,776,2344685600
CUST006230,John Taylor,customer6230@mail.com,+1-444-437-9897,New York,USA,34453.93,839,9291842931
CUST006231,James Smith,customer6231@mail.com,+1-444-746-2222,New York,USA,24228.12,418,4086085959
CUST006232,David Walker,customer6232@mail.com,+1-444-429-2056,Dallas,USA,49573.48,567,7638023107
CUST006233,Ava Hall,customer6233@mail.com,+1-444-670-3225,Dallas,USA,3936.22,391,1138181989
CUST006234,David Davis,customer6234@mail.com,+1-444-811-3376,Phoenix,USA,32427.95,395,7398862396
CUST006235,Michael Hall,customer6235@mail.com,+1-444-967-4564,Chicago,USA,5832.56,833,6797418835
CUST006236,Emma Davis,customer6236@mail.com,+1-444-937-4602,Chicago,USA,12412.63,410,3784634383
CUST006237,David Hall,customer6237@mail.com,+1-444-832-7065,Chicago,USA,26456.04,384,8465090827
CUST006238,Olivia Taylor,customer6238@mail.com,+1-444-532-5635,Chicago,USA,21120.42,749,1156085851
CUST006239,Emma Davis,customer6239@mail.com,+1-444-393-4653,Chicago,USA,32242.39,741,2587322096
CUST006240,Ava Walker,customer6240@mail.com,+1-444-518-1010,Chicago,USA,41012.18,436,4576032648
CUST006241,Michael Johnson,customer6241@mail.com,+1-444-836-2831,Chicago,USA,12607.98,692,4022182613
CUST006242,Michael Lewis,customer6242@mail.com,+1-444-620-7930,Phoenix,USA,2835.76,706,6614543432
CUST006243,James Taylor,customer6243@mail.com,+1-444-292-3349,Chicago,USA,20494.22,370,6813363559
CUST006244,James Lewis,customer6244@mail.com,+1-444-139-4106,Dallas,USA,10918.54,612,6261681609
CUST006245,Daniel Lewis,customer6245@mail.com,+1-444-985-2911,Chicago,USA,15578.29,627,4219665532
CUST006246,David Johnson,customer6246@mail.com,+1-444-148-2195,Chicago,USA,34559.8,533,8242506283
CUST006247,Emma Smith,customer6247@mail.com,+1-444-439-8034,Chicago,USA,4690.62,430,1315539166
CUST006248,Daniel Hall,customer6248@mail.com,+1-444-837-9964,Phoenix,USA,36437.59,783,5610916083
CUST006249,James Smith,customer6249@mail.com,+1-444-104-9577,Phoenix,USA,25430.74,572,1710197507
CUST006250,Michael Lewis,customer6250@mail.com,+1-444-904-6416,New York,USA,24524.52,484,2801945394
CUST006251,Sophia Smith,customer6251@mail.com,+1-444-839-8193,Phoenix,USA,31551.63,367,8130994781
CUST006252,James Walker,customer6252@mail.com,+1-444-251-5682,Chicago,USA,45599.3,791,8065639083
CUST006253,John Walker,customer6253@mail.com,+1-444-437-1467,New York,USA,20899.72,612,3947049225
CUST006254,Daniel Smith,customer6254@mail.com,+1-444-798-9452,New York,USA,11068.04,491,2262727145
CUST006255,David Walker,customer6255@mail.com,+1-444-573-5599,Phoenix,USA,13107.28,631,3459915702
CUST006256,Sophia Walker,customer6256@mail.com,+1-444-538-1794,Chicago,USA,21667.19,662,1038359581
CUST006257,David Wilson,customer6257@mail.com,+1-444-729-4127,Chicago,USA,43365.22,716,9294851981
CUST006258,Sarah Brown,customer6258@mail.com,+1-444-967-3062,Chicago,USA,28641.04,739,8380882228
CUST006259,Daniel Hall,customer6259@mail.com,+1-444-212-8621,Chicago,USA,15485.37,836,3513759304
CUST006260,Sophia Brown,customer6260@mail.com,+1-444-956-7359,Dallas,USA,12431.16,391,5096456756
CUST006261,Michael Taylor,customer6261@mail.com,+1-444-504-5378,Dallas,USA,23742.76,331,3421279155
CUST006262,Michael Johnson,customer6262@mail.com,+1-444-743-5434,New York,USA,39815.63,645,5042781514
CUST006263,John Taylor,customer6263@mail.com,+1-444-553-3877,Chicago,USA,13929.87,810,7280939725
CUST006264,Sophia Taylor,customer6264@mail.com,+1-444-582-5604,Chicago,USA,8008.54,443,3406965918
CUST006265,Sarah Johnson,customer6265@mail.com,+1-444-678-6195,Dallas,USA,49338.9,459,3591331211
CUST006266,Ava Hall,customer6266@mail.com,+1-444-802-2598,Phoenix,USA,46910.8,724,2849183816
CUST006267,James Johnson,customer6267@mail.com,+1-444-728-3408,Phoenix,USA,3533.0,416,5997900662
CUST006268,James Brown,customer6268@mail.com,+1-444-819-7052,Dallas,USA,36181.2,668,1122439154
CUST006269,Sarah Johnson,customer6269@mail.com,+1-444-386-9178,Phoenix,USA,34692.2,554,4299310030
CUST006270,James Davis,customer6270@mail.com,+1-444-309-8508,Dallas,USA,45430.17,362,3487916248
CUST006271,Sophia Johnson,customer6271@mail.com,+1-444-930-3813,New York,USA,37413.3,520,7234583728
CUST006272,David Clark,customer6272@mail.com,+1-444-445-7545,Phoenix,USA,40998.87,367,8989029490
CUST006273,Michael Lewis,customer6273@mail.com,+1-444-803-4392,Phoenix,USA,42690.22,744,7222527918
CUST006274,John Wilson,customer6274@mail.com,+1-444-764-7540,Dallas,USA,38169.32,643,7000131083
CUST006275,Daniel Walker,customer6275@mail.com,+1-444-677-8653,Phoenix,USA,33446.87,822,9835483074
CUST006276,James Johnson,customer6276@mail.com,+1-444-901-1421,New York,USA,22434.81,349,6686448504
CUST006277,David Smith,customer6277@mail.com,+1-444-273-2067,Dallas,USA,26787.24,442,2186222730
CUST006278,Sarah Brown,customer6278@mail.com,+1-444-347-1875,Phoenix,USA,3928.38,754,5565747312
CUST006279,James Johnson,customer6279@mail.com,+1-444-386-1075,New York,USA,32479.65,322,3917133036
CUST006280,Michael Wilson,customer6280@mail.com,+1-444-438-1678,Chicago,USA,20274.3,365,6884086984
CUST006281,Daniel Hall,customer6281@mail.com,+1-444-746-6446,Phoenix,USA,30698.38,352,7302992199
CUST006282,Sophia Johnson,customer6282@mail.com,+1-444-966-6143,Phoenix,USA,20518.95,417,8363020867
CUST006283,Sophia Hall,customer6283@mail.com,+1-444-290-5272,New York,USA,23736.24,541,9147729960
CUST006284,Sophia Lewis,customer6284@mail.com,+1-444-337-4271,Chicago,USA,42939.44,614,1967268330
CUST006285,Olivia Lewis,customer6285@mail.com,+1-444-956-8847,Chicago,USA,28043.51,554,1239378266
CUST006286,Olivia Brown,customer6286@mail.com,+1-444-828-2964,Phoenix,USA,23200.67,675,1157913587
CUST006287,Daniel Davis,customer6287@mail.com,+1-444-128-3609,Dallas,USA,9799.36,586,7777979357
CUST006288,Ava Lewis,customer6288@mail.com,+1-444-641-3973,New York,USA,8160.63,624,9274412710
CUST006289,Sophia Brown,customer6289@mail.com,+1-444-325-2533,Chicago,USA,14632.8,794,8183527312
CUST006290,Michael Davis,customer6290@mail.com,+1-444-988-8078,Dallas,USA,43610.52,363,4509077581
CUST006291,Sophia Davis,customer6291@mail.com,+1-444-202-3311,Dallas,USA,26137.2,743,8347735597
CUST006292,Sarah Clark,customer6292@mail.com,+1-444-854-3498,Phoenix,USA,44221.81,690,2293145448
CUST006293,Sophia Davis,customer6293@mail.com,+1-444-295-6271,Chicago,USA,10474.04,316,7652001244
CUST006294,Daniel Davis,customer6294@mail.com,+1-444-977-2478,Phoenix,USA,34862.51,829,1452620818
CUST006295,Sophia Taylor,customer6295@mail.com,+1-444-958-4079,Chicago,USA,34315.48,770,9669708935
CUST006296,Sophia Clark,customer6296@mail.com,+1-444-270-4645,Dallas,USA,48269.7,308,5519204212
CUST006297,Olivia Walker,customer6297@mail.com,+1-444-909-8743,Chicago,USA,28587.52,375,8834583549
CUST006298,John Lewis,customer6298@mail.com,+1-444-926-5790,Chicago,USA,21678.82,501,3882424574
CUST006299,Michael Hall,customer6299@mail.com,+1-444-196-9565,Dallas,USA,21899.48,792,4417274323
CUST006300,Sophia Hall,customer6300@mail.com,+1-444-410-9340,Chicago,USA,11465.28,766,6157601558
CUST006301,David Walker,customer6301@mail.com,+1-444-392-5868,New York,USA,32886.17,512,8840717885
CUST006302,Daniel Taylor,customer6302@mail.com,+1-444-205-6492,Dallas,USA,10642.02,319,2799819052
CUST006303,Olivia Brown,customer6303@mail.com,+1-444-505-9956,Phoenix,USA,2303.69,786,2278877959
CUST006304,David Walker,customer6304@mail.com,+1-444-639-8040,Dallas,USA,7360.15,353,8647072679
CUST006305,James Wilson,customer6305@mail.com,+1-444-772-5854,New York,USA,13147.89,592,7115382024
CUST006306,Sophia Johnson,customer6306@mail.com,+1-444-650-5248,Dallas,USA,22654.81,435,8981976875
CUST006307,David Smith,customer6307@mail.com,+1-444-653-3602,New York,USA,14733.51,572,3235657569
CUST006308,David Hall,customer6308@mail.com,+1-444-788-4235,Chicago,USA,34110.37,319,4662631746
CUST006309,Olivia Brown,customer6309@mail.com,+1-444-466-3270,Phoenix,USA,20282.76,518,9316705023
CUST006310,David Lewis,customer6310@mail.com,+1-444-371-1078,Chicago,USA,28292.39,367,1074347579
CUST006311,James Clark,customer6311@mail.com,+1-444-149-8490,Phoenix,USA,12171.03,650,4403702340
CUST006312,James Taylor,customer6312@mail.com,+1-444-560-3584,Chicago,USA,2531.53,708,7151534580
CUST006313,Daniel Lewis,customer6313@mail.com,+1-444-242-6905,Chicago,USA,37410.19,450,7704291918
CUST006314,Michael Johnson,customer6314@mail.com,+1-444-616-3002,Phoenix,USA,38061.98,782,8048188805
CUST006315,Emma Clark,customer6315@mail.com,+1-444-898-4839,Dallas,USA,19567.52,758,6367944405
CUST006316,Olivia Walker,customer6316@mail.com,+1-444-660-6057,Phoenix,USA,13641.75,675,8203734830
CUST006317,Ava Lewis,customer6317@mail.com,+1-444-184-2914,New York,USA,13460.82,601,8031813656
CUST006318,Michael Lewis,customer6318@mail.com,+1-444-707-6953,New York,USA,22928.0,421,6948429787
CUST006319,James Johnson,customer6319@mail.com,+1-444-541-4083,New York,USA,26185.16,712,4773366586
CUST006320,Michael Brown,customer6320@mail.com,+1-444-270-8188,New York,USA,6491.64,772,6233234416
CUST006321,John Davis,customer6321@mail.com,+1-444-224-3895,Dallas,USA,18027.44,423,9684563224
CUST006322,James Davis,customer6322@mail.com,+1-444-409-4436,Chicago,USA,7912.23,542,2687202099
CUST006323,Sophia Smith,customer6323@mail.com,+1-444-164-6801,Chicago,USA,33504.48,400,9528278025
CUST006324,Ava Smith,customer6324@mail.com,+1-444-834-2462,Chicago,USA,29367.46,307,2963290611
CUST006325,James Johnson,customer6325@mail.com,+1-444-902-1315,Chicago,USA,47504.84,495,1988311565
CUST006326,David Wilson,customer6326@mail.com,+1-444-224-2247,New York,USA,32206.39,356,4536498838
CUST006327,Daniel Brown,customer6327@mail.com,+1-444-279-3122,Dallas,USA,46949.74,439,6728246126
CUST006328,Sophia Brown,customer6328@mail.com,+1-444-146-5669,Phoenix,USA,10330.67,332,1956216083
CUST006329,Sophia Johnson,customer6329@mail.com,+1-444-265-6966,Dallas,USA,13340.14,647,1686225221
CUST006330,Olivia Taylor,customer6330@mail.com,+1-444-488-8901,Chicago,USA,4401.66,427,7069453501
CUST006331,John Davis,customer6331@mail.com,+1-444-985-1122,Chicago,USA,14971.23,751,4354841888
CUST006332,James Hall,customer6332@mail.com,+1-444-130-3596,Phoenix,USA,19295.08,422,7280783962
CUST006333,Emma Wilson,customer6333@mail.com,+1-444-516-2971,New York,USA,31762.29,829,5377291292
CUST006334,Sophia Smith,customer6334@mail.com,+1-444-508-5323,Dallas,USA,20447.82,345,6940284136
CUST006335,Ava Clark,customer6335@mail.com,+1-444-120-3990,Phoenix,USA,39937.51,608,7487778897
CUST006336,Daniel Johnson,customer6336@mail.com,+1-444-904-3248,New York,USA,16922.55,428,3546027432
CUST006337,Michael Johnson,customer6337@mail.com,+1-444-195-4846,New York,USA,47544.9,521,3676028554
CUST006338,Daniel Johnson,customer6338@mail.com,+1-444-117-1066,Phoenix,USA,39361.85,397,5391868990
CUST006339,James Walker,customer6339@mail.com,+1-444-757-9884,Dallas,USA,35730.14,744,4286532530
CUST006340,David Wilson,customer6340@mail.com,+1-444-506-8658,Chicago,USA,78.38,583,3048291871
CUST006341,Olivia Wilson,customer6341@mail.com,+1-444-795-5276,New York,USA,9068.41,647,5226981027
CUST006342,Michael Hall,customer6342@mail.com,+1-444-166-2327,New York,USA,39471.12,845,4637678577
CUST006343,John Johnson,customer6343@mail.com,+1-444-681-4941,Phoenix,USA,32115.9,537,8639973458
CUST006344,Emma Smith,customer6344@mail.com,+1-444-969-9864,Chicago,USA,49808.07,801,5919080347
CUST006345,David Davis,customer6345@mail.com,+1-444-262-9088,Phoenix,USA,41028.28,822,9035522509
CUST006346,Emma Smith,customer6346@mail.com,+1-444-837-3179,Phoenix,USA,48416.72,675,5127634295
CUST006347,David Hall,customer6347@mail.com,+1-444-222-7404,Chicago,USA,36479.17,629,1874923756
CUST006348,Emma Lewis,customer6348@mail.com,+1-444-312-5317,New York,USA,37696.88,410,1461379884
CUST006349,David Clark,customer6349@mail.com,+1-444-728-4719,New York,USA,2513.4,302,7120433250
CUST006350,David Wilson,customer6350@mail.com,+1-444-296-4114,Phoenix,USA,4984.0,600,1942564253
CUST006351,Michael Brown,customer6351@mail.com,+1-444-889-8626,Chicago,USA,16556.43,402,5643152837
CUST006352,David Clark,customer6352@mail.com,+1-444-514-4111,Phoenix,USA,32589.64,328,9406069555
CUST006353,Sarah Johnson,customer6353@mail.com,+1-444-315-5177,Dallas,USA,28543.18,538,7747720374
CUST006354,David Brown,customer6354@mail.com,+1-444-821-8913,Dallas,USA,30935.85,446,3587476789
CUST006355,John Wilson,customer6355@mail.com,+1-444-469-1999,Chicago,USA,13039.71,836,2249474726
CUST006356,Olivia Wilson,customer6356@mail.com,+1-444-400-2275,Chicago,USA,24802.99,413,5328454230
CUST006357,Michael Taylor,customer6357@mail.com,+1-444-250-4518,Phoenix,USA,24942.08,754,3584609833
CUST006358,Michael Taylor,customer6358@mail.com,+1-444-533-4042,Dallas,USA,7791.42,446,8924833219
CUST006359,John Brown,customer6359@mail.com,+1-444-194-9968,Phoenix,USA,12798.25,627,1195683193
CUST006360,John Smith,customer6360@mail.com,+1-444-174-7527,Dallas,USA,38065.47,351,3378931010
CUST006361,Sophia Johnson,customer6361@mail.com,+1-444-218-2534,Dallas,USA,10116.08,445,6352474239
CUST006362,John Johnson,customer6362@mail.com,+1-444-845-4023,Dallas,USA,10292.9,319,3804752542
CUST006363,Michael Lewis,customer6363@mail.com,+1-444-870-9820,Dallas,USA,365.88,513,7391780698
CUST006364,Daniel Taylor,customer6364@mail.com,+1-444-862-5172,New York,USA,32015.2,487,7997615078
CUST006365,David Lewis,customer6365@mail.com,+1-444-195-3768,New York,USA,39744.72,764,4833961762
CUST006366,James Walker,customer6366@mail.com,+1-444-111-7173,Phoenix,USA,10207.19,818,4089434136
CUST006367,Ava Hall,customer6367@mail.com,+1-444-998-7713,New York,USA,19319.02,398,2567780570
CUST006368,Sophia Lewis,customer6368@mail.com,+1-444-193-1079,Phoenix,USA,38017.38,751,5477418146
CUST006369,John Hall,customer6369@mail.com,+1-444-341-4121,Phoenix,USA,633.86,650,9869709148
CUST006370,Sophia Hall,customer6370@mail.com,+1-444-136-9419,Chicago,USA,26006.24,800,1510570117
CUST006371,Michael Hall,customer6371@mail.com,+1-444-208-3796,Dallas,USA,29283.36,642,3076519856
CUST006372,Olivia Wilson,customer6372@mail.com,+1-444-739-2494,New York,USA,39352.46,338,3350610964
CUST006373,James Hall,customer6373@mail.com,+1-444-382-3681,Chicago,USA,26647.75,711,8069219273
CUST006374,James Johnson,customer6374@mail.com,+1-444-337-1754,Phoenix,USA,9326.93,313,5163559650
CUST006375,Sarah Lewis,customer6375@mail.com,+1-444-889-1900,Chicago,USA,651.57,558,9194329913
CUST006376,John Wilson,customer6376@mail.com,+1-444-450-7607,New York,USA,37387.18,423,1847543661
CUST006377,Emma Hall,customer6377@mail.com,+1-444-654-2036,Phoenix,USA,27330.39,521,8658158808
CUST006378,Michael Davis,customer6378@mail.com,+1-444-349-7702,Phoenix,USA,37064.97,595,6935894939
CUST006379,John Johnson,customer6379@mail.com,+1-444-899-5942,Dallas,USA,8916.23,845,5886110978
CUST006380,Olivia Johnson,customer6380@mail.com,+1-444-510-4436,Chicago,USA,3169.07,321,8885277763
CUST006381,Sarah Taylor,customer6381@mail.com,+1-444-258-9364,Chicago,USA,23448.76,393,8040451705
CUST006382,David Wilson,customer6382@mail.com,+1-444-673-3886,New York,USA,38820.46,715,4813224296
CUST006383,Sophia Smith,customer6383@mail.com,+1-444-413-9102,New York,USA,33492.73,722,3333748601
CUST006384,Ava Johnson,customer6384@mail.com,+1-444-328-9080,Dallas,USA,4971.6,486,2135536221
CUST006385,James Johnson,customer6385@mail.com,+1-444-319-4135,New York,USA,850.58,816,6623779879
CUST006386,Emma Hall,customer6386@mail.com,+1-444-241-7499,Chicago,USA,1683.31,369,5797423575
CUST006387,Daniel Smith,customer6387@mail.com,+1-444-453-7386,Dallas,USA,31665.97,849,6613849741
CUST006388,Sophia Taylor,customer6388@mail.com,+1-444-889-9457,Chicago,USA,26907.6,549,5786957214
CUST006389,Michael Taylor,customer6389@mail.com,+1-444-895-9382,Chicago,USA,41817.33,390,5024473883
CUST006390,Sarah Lewis,customer6390@mail.com,+1-444-831-6025,New York,USA,15976.19,617,7229237539
CUST006391,David Johnson,customer6391@mail.com,+1-444-644-5532,New York,USA,39048.94,454,7478358847
CUST006392,James Johnson,customer6392@mail.com,+1-444-566-7986,Phoenix,USA,3612.99,673,9204070889
CUST006393,Sarah Brown,customer6393@mail.com,+1-444-542-3797,Phoenix,USA,7901.78,824,2494839911
CUST006394,Ava Smith,customer6394@mail.com,+1-444-613-7672,Chicago,USA,21762.9,786,6538038372
CUST006395,Sophia Wilson,customer6395@mail.com,+1-444-985-6069,Phoenix,USA,38598.01,675,9430271131
CUST006396,John Brown,customer6396@mail.com,+1-444-260-1100,New York,USA,14781.18,494,8721052139
CUST006397,Ava Clark,customer6397@mail.com,+1-444-308-7254,Chicago,USA,24339.98,486,9999081212
CUST006398,Michael Davis,customer6398@mail.com,+1-444-347-9079,New York,USA,27823.79,591,2920662534
CUST006399,Emma Davis,customer6399@mail.com,+1-444-205-3780,Phoenix,USA,33430.19,348,5153032543
CUST006400,Sophia Walker,customer6400@mail.com,+1-444-377-9662,Chicago,USA,41569.55,361,1685372997
CUST006401,James Lewis,customer6401@mail.com,+1-444-930-2988,Chicago,USA,42453.63,507,9663384881
CUST006402,Daniel Davis,customer6402@mail.com,+1-444-839-2977,New York,USA,33705.94,582,2311598170
CUST006403,Ava Smith,customer6403@mail.com,+1-444-785-1009,New York,USA,10723.94,527,2121375592
CUST006404,John Clark,customer6404@mail.com,+1-444-782-1707,Dallas,USA,14972.87,712,9345473061
CUST006405,Olivia Hall,customer6405@mail.com,+1-444-818-6128,Phoenix,USA,37512.16,559,5254375810
CUST006406,Olivia Smith,customer6406@mail.com,+1-444-856-7287,Phoenix,USA,14584.77,421,4945125094
CUST006407,Michael Johnson,customer6407@mail.com,+1-444-681-8128,Dallas,USA,32045.11,611,7502641913
CUST006408,James Davis,customer6408@mail.com,+1-444-225-2000,Phoenix,USA,48666.37,306,8364241890
CUST006409,James Clark,customer6409@mail.com,+1-444-528-4361,New York,USA,43624.43,431,5586550960
CUST006410,Emma Wilson,customer6410@mail.com,+1-444-435-7244,Phoenix,USA,37015.38,519,2876995235
CUST006411,Sarah Walker,customer6411@mail.com,+1-444-960-8213,Dallas,USA,7328.22,405,2655236634
CUST006412,Sophia Clark,customer6412@mail.com,+1-444-281-3131,Phoenix,USA,30553.15,365,9232932909
CUST006413,Sophia Walker,customer6413@mail.com,+1-444-362-5286,Phoenix,USA,28412.96,363,7962848041
CUST006414,Ava Clark,customer6414@mail.com,+1-444-712-6299,Chicago,USA,28687.99,513,5730326548
CUST006415,James Lewis,customer6415@mail.com,+1-444-895-3386,Chicago,USA,13120.8,542,1067621139
CUST006416,Sarah Walker,customer6416@mail.com,+1-444-921-5783,New York,USA,21460.63,822,5789142973
CUST006417,Daniel Davis,customer6417@mail.com,+1-444-143-3717,Chicago,USA,1024.59,832,1984425221
CUST006418,James Lewis,customer6418@mail.com,+1-444-223-4448,Dallas,USA,469.57,364,1791319983
CUST006419,David Johnson,customer6419@mail.com,+1-444-303-9774,Phoenix,USA,4653.09,622,6628383287
CUST006420,Ava Hall,customer6420@mail.com,+1-444-717-9228,Chicago,USA,49895.93,449,3356046989
CUST006421,John Walker,customer6421@mail.com,+1-444-328-2704,Chicago,USA,29806.05,583,7250335917
CUST006422,Sarah Johnson,customer6422@mail.com,+1-444-353-8349,Dallas,USA,37965.34,695,5273500985
CUST006423,Michael Taylor,customer6423@mail.com,+1-444-421-9343,New York,USA,42076.16,691,7666692583
CUST006424,James Taylor,customer6424@mail.com,+1-444-428-1449,New York,USA,13146.23,827,5470318004
CUST006425,Daniel Lewis,customer6425@mail.com,+1-444-105-9691,Phoenix,USA,15564.77,706,9715458145
CUST006426,John Clark,customer6426@mail.com,+1-444-108-1552,Dallas,USA,13999.55,829,4957837464
CUST006427,Sophia Smith,customer6427@mail.com,+1-444-839-9685,Chicago,USA,18387.7,347,4056642501
CUST006428,David Hall,customer6428@mail.com,+1-444-762-8677,Dallas,USA,46069.85,323,8499757513
CUST006429,John Wilson,customer6429@mail.com,+1-444-316-1671,Phoenix,USA,3895.2,519,5458486153
CUST006430,John Brown,customer6430@mail.com,+1-444-377-7164,Chicago,USA,20027.25,794,6696905290
CUST006431,John Hall,customer6431@mail.com,+1-444-494-1261,Chicago,USA,42085.75,793,3336115041
CUST006432,Michael Lewis,customer6432@mail.com,+1-444-256-3406,New York,USA,15012.46,774,1475955718
CUST006433,Sarah Davis,customer6433@mail.com,+1-444-744-5442,Dallas,USA,46866.47,829,6885629176
CUST006434,Ava Davis,customer6434@mail.com,+1-444-405-7537,Phoenix,USA,27051.88,823,2646480091
CUST006435,Emma Lewis,customer6435@mail.com,+1-444-868-5479,New York,USA,9363.44,828,3263264698
CUST006436,Michael Taylor,customer6436@mail.com,+1-444-509-3609,Phoenix,USA,9136.33,414,2389633911
CUST006437,Daniel Taylor,customer6437@mail.com,+1-444-671-5139,Dallas,USA,11397.13,687,2579586298
CUST006438,Emma Johnson,customer6438@mail.com,+1-444-902-4130,Dallas,USA,41997.76,614,3376512074
CUST006439,Ava Brown,customer6439@mail.com,+1-444-864-2027,New York,USA,21350.35,579,8281666763
CUST006440,David Smith,customer6440@mail.com,+1-444-226-3810,Dallas,USA,12307.45,555,3156119324
CUST006441,David Brown,customer6441@mail.com,+1-444-547-4219,Chicago,USA,46157.39,840,7715637536
CUST006442,David Johnson,customer6442@mail.com,+1-444-198-9330,New York,USA,26083.12,714,1151986470
CUST006443,Sarah Taylor,customer6443@mail.com,+1-444-513-9438,Chicago,USA,2640.87,430,2517087860
CUST006444,James Clark,customer6444@mail.com,+1-444-957-4614,Phoenix,USA,46268.96,563,9082580734
CUST006445,Emma Brown,customer6445@mail.com,+1-444-460-8301,Dallas,USA,1657.41,445,8875225545
CUST006446,Michael Walker,customer6446@mail.com,+1-444-953-5679,Phoenix,USA,33106.87,725,6264453992
CUST006447,John Davis,customer6447@mail.com,+1-444-371-3838,Chicago,USA,47363.29,598,4343325730
CUST006448,David Lewis,customer6448@mail.com,+1-444-609-1241,Chicago,USA,21229.93,552,8031697354
CUST006449,Emma Johnson,customer6449@mail.com,+1-444-798-9694,Chicago,USA,6189.05,641,9953619925
CUST006450,Sarah Brown,customer6450@mail.com,+1-444-971-3733,New York,USA,1276.59,425,9342408837
CUST006451,Emma Hall,customer6451@mail.com,+1-444-343-3534,Chicago,USA,334.14,326,8129837311
CUST006452,Emma Hall,customer6452@mail.com,+1-444-209-1062,Phoenix,USA,9505.67,607,3526868930
CUST006453,Sophia Smith,customer6453@mail.com,+1-444-116-1049,New York,USA,27887.53,766,3820589164
CUST006454,Michael Clark,customer6454@mail.com,+1-444-748-5633,Chicago,USA,15523.01,523,8909426498
CUST006455,Sophia Wilson,customer6455@mail.com,+1-444-490-1061,Phoenix,USA,34467.91,764,7159530359
CUST006456,Sophia Johnson,customer6456@mail.com,+1-444-694-2209,Phoenix,USA,16529.51,584,9770121459
CUST006457,Daniel Hall,customer6457@mail.com,+1-444-985-4929,New York,USA,37502.89,763,1583228578
CUST006458,Michael Lewis,customer6458@mail.com,+1-444-216-6302,Dallas,USA,6680.97,543,5390993112
CUST006459,Sophia Brown,customer6459@mail.com,+1-444-730-9483,Chicago,USA,18186.13,520,6953382823
CUST006460,David Hall,customer6460@mail.com,+1-444-697-6228,Chicago,USA,39814.9,741,2333887322
CUST006461,David Lewis,customer6461@mail.com,+1-444-730-7185,New York,USA,21582.18,635,3324895515
CUST006462,Michael Lewis,customer6462@mail.com,+1-444-522-9927,Phoenix,USA,11334.44,837,4334214617
CUST006463,Emma Clark,customer6463@mail.com,+1-444-301-2454,New York,USA,2177.68,596,4102088072
CUST006464,Sophia Hall,customer6464@mail.com,+1-444-147-7037,Phoenix,USA,6646.7,631,2117807670
CUST006465,Sophia Hall,customer6465@mail.com,+1-444-164-7630,Dallas,USA,19903.81,474,9539456731
CUST006466,David Johnson,customer6466@mail.com,+1-444-846-7039,Chicago,USA,23919.68,651,2773719856
CUST006467,John Smith,customer6467@mail.com,+1-444-866-8995,Dallas,USA,29488.44,833,1190085505
CUST006468,Michael Walker,customer6468@mail.com,+1-444-863-4671,Phoenix,USA,5400.41,511,4053778568
CUST006469,Daniel Clark,customer6469@mail.com,+1-444-919-1857,Chicago,USA,3338.69,568,5553996487
CUST006470,Daniel Walker,customer6470@mail.com,+1-444-784-2722,Dallas,USA,34954.14,397,2640147535
CUST006471,John Smith,customer6471@mail.com,+1-444-156-3761,Phoenix,USA,30125.38,785,3714792858
CUST006472,Emma Johnson,customer6472@mail.com,+1-444-783-6842,Dallas,USA,25500.94,340,7844533232
CUST006473,Ava Walker,customer6473@mail.com,+1-444-560-8803,New York,USA,46996.47,780,1263929496
CUST006474,Daniel Johnson,customer6474@mail.com,+1-444-150-6287,Dallas,USA,35346.21,762,7982207165
CUST006475,John Smith,customer6475@mail.com,+1-444-663-9635,New York,USA,3225.19,591,4560798902
CUST006476,Sarah Brown,customer6476@mail.com,+1-444-999-9357,New York,USA,7391.43,318,5820081764
CUST006477,David Smith,customer6477@mail.com,+1-444-412-5727,Phoenix,USA,549.52,470,5770291027
CUST006478,John Taylor,customer6478@mail.com,+1-444-842-4977,Dallas,USA,45609.2,830,6228288775
CUST006479,Sophia Lewis,customer6479@mail.com,+1-444-620-1601,Chicago,USA,41013.88,533,5240393465
CUST006480,Emma Davis,customer6480@mail.com,+1-444-635-7764,Phoenix,USA,29961.67,847,5933706555
CUST006481,Sophia Davis,customer6481@mail.com,+1-444-772-4198,Dallas,USA,32839.33,461,1066492855
CUST006482,Olivia Wilson,customer6482@mail.com,+1-444-308-6595,New York,USA,39387.36,417,5601630979
CUST006483,Michael Lewis,customer6483@mail.com,+1-444-914-8766,Chicago,USA,39806.78,788,1688136453
CUST006484,John Clark,customer6484@mail.com,+1-444-345-7523,Dallas,USA,40817.53,356,3720735356
CUST006485,Sophia Smith,customer6485@mail.com,+1-444-631-1784,Dallas,USA,46137.93,475,1519873509
CUST006486,Sarah Clark,customer6486@mail.com,+1-444-853-2345,Dallas,USA,19918.31,664,9840952640
CUST006487,John Lewis,customer6487@mail.com,+1-444-661-6139,Phoenix,USA,29686.5,378,3979634025
CUST006488,David Johnson,customer6488@mail.com,+1-444-156-5751,Chicago,USA,11101.98,613,5683457610
CUST006489,Emma Walker,customer6489@mail.com,+1-444-172-6343,Phoenix,USA,28926.08,480,9944582483
CUST006490,Sarah Johnson,customer6490@mail.com,+1-444-536-5838,New York,USA,36017.27,587,8517559930
CUST006491,David Lewis,customer6491@mail.com,+1-444-763-3250,Phoenix,USA,16316.94,620,2199797184
CUST006492,Daniel Walker,customer6492@mail.com,+1-444-936-3270,New York,USA,30409.4,481,6042020925
CUST006493,Michael Taylor,customer6493@mail.com,+1-444-796-4197,Dallas,USA,5349.64,472,6694310102
CUST006494,Sophia Smith,customer6494@mail.com,+1-444-946-5743,Phoenix,USA,49026.44,615,9552883858
CUST006495,Sarah Clark,customer6495@mail.com,+1-444-437-4191,Chicago,USA,9081.09,816,6246116683
CUST006496,Emma Hall,customer6496@mail.com,+1-444-540-8613,New York,USA,33637.2,306,7218929935
CUST006497,Emma Taylor,customer6497@mail.com,+1-444-406-8178,Dallas,USA,44770.18,315,5833030795
CUST006498,Sophia Brown,customer6498@mail.com,+1-444-270-6175,New York,USA,42930.03,511,2017638663
CUST006499,David Hall,customer6499@mail.com,+1-444-425-7744,Chicago,USA,5796.94,491,5323480883
CUST006500,Michael Taylor,customer6500@mail.com,+1-444-848-9191,Chicago,USA,5272.78,850,8050278678
CUST006501,Michael Brown,customer6501@mail.com,+1-444-707-4867,New York,USA,36433.31,454,9596451491
CUST006502,James Clark,customer6502@mail.com,+1-444-843-2979,Dallas,USA,46072.9,550,8104103532
CUST006503,John Lewis,customer6503@mail.com,+1-444-544-5702,Chicago,USA,41074.23,736,3944561452
CUST006504,James Hall,customer6504@mail.com,+1-444-183-4524,New York,USA,47230.56,696,1111377301
CUST006505,John Clark,customer6505@mail.com,+1-444-927-1612,New York,USA,46239.44,630,8330894531
CUST006506,Daniel Johnson,customer6506@mail.com,+1-444-624-4092,Chicago,USA,177.47,519,1423058516
CUST006507,David Lewis,customer6507@mail.com,+1-444-270-8273,Chicago,USA,26132.17,495,1372686037
CUST006508,James Walker,customer6508@mail.com,+1-444-880-1975,Phoenix,USA,23823.96,596,2164314380
CUST006509,Sarah Lewis,customer6509@mail.com,+1-444-926-1349,New York,USA,27219.0,527,9012643282
CUST006510,Michael Lewis,customer6510@mail.com,+1-444-901-4372,Chicago,USA,7881.63,485,8036115780
CUST006511,Michael Wilson,customer6511@mail.com,+1-444-130-6987,Chicago,USA,3747.91,465,5785465225
CUST006512,Olivia Walker,customer6512@mail.com,+1-444-848-8874,Phoenix,USA,17589.22,725,9009699342
CUST006513,John Wilson,customer6513@mail.com,+1-444-434-6817,Chicago,USA,40329.23,500,1284226348
CUST006514,David Clark,customer6514@mail.com,+1-444-624-3558,Dallas,USA,3883.07,378,1998603346
CUST006515,Ava Brown,customer6515@mail.com,+1-444-629-4149,New York,USA,20577.52,436,4005007925
CUST006516,David Walker,customer6516@mail.com,+1-444-633-4596,Chicago,USA,36786.47,499,2299953994
CUST006517,Daniel Johnson,customer6517@mail.com,+1-444-462-7168,Phoenix,USA,23024.67,741,6350600322
CUST006518,Ava Wilson,customer6518@mail.com,+1-444-591-4878,New York,USA,25669.82,514,9064272216
CUST006519,John Smith,customer6519@mail.com,+1-444-855-5899,Dallas,USA,39813.75,847,6421473441
CUST006520,Emma Johnson,customer6520@mail.com,+1-444-618-9170,New York,USA,9692.67,772,9417162506
CUST006521,Sophia Clark,customer6521@mail.com,+1-444-373-8487,Chicago,USA,11484.31,752,8681904983
CUST006522,Michael Davis,customer6522@mail.com,+1-444-166-6541,Dallas,USA,41450.09,645,7674017337
CUST006523,Sarah Brown,customer6523@mail.com,+1-444-535-3175,New York,USA,4686.58,580,4296679449
CUST006524,Olivia Clark,customer6524@mail.com,+1-444-548-4982,Phoenix,USA,24780.88,620,2142654583
CUST006525,James Clark,customer6525@mail.com,+1-444-385-5258,Dallas,USA,18773.98,412,3034877085
CUST006526,Sarah Smith,customer6526@mail.com,+1-444-206-9565,Dallas,USA,41820.75,702,8510098332
CUST006527,Daniel Hall,customer6527@mail.com,+1-444-812-9378,Phoenix,USA,34334.68,303,1951834522
CUST006528,James Hall,customer6528@mail.com,+1-444-180-3284,Dallas,USA,13799.58,513,7536952735
CUST006529,Daniel Walker,customer6529@mail.com,+1-444-187-1276,Chicago,USA,31721.48,676,9807105297
CUST006530,Michael Brown,customer6530@mail.com,+1-444-466-6876,Chicago,USA,43639.76,322,7689802851
CUST006531,John Brown,customer6531@mail.com,+1-444-810-7100,Phoenix,USA,45761.27,702,8764576777
CUST006532,Ava Walker,customer6532@mail.com,+1-444-333-2428,New York,USA,48971.06,492,5193556761
CUST006533,James Taylor,customer6533@mail.com,+1-444-524-5526,Dallas,USA,26602.41,683,2568138390
CUST006534,Michael Hall,customer6534@mail.com,+1-444-207-1881,Dallas,USA,20283.3,621,4204555996
CUST006535,John Brown,customer6535@mail.com,+1-444-278-2335,Dallas,USA,30124.98,624,3396347957
CUST006536,Olivia Johnson,customer6536@mail.com,+1-444-155-9678,New York,USA,4217.87,469,1035951184
CUST006537,Ava Hall,customer6537@mail.com,+1-444-455-6015,Dallas,USA,18111.19,553,6212237295
CUST006538,David Brown,customer6538@mail.com,+1-444-797-5548,New York,USA,29160.24,818,2250163215
CUST006539,Michael Davis,customer6539@mail.com,+1-444-481-4866,Phoenix,USA,23344.3,560,4216367683
CUST006540,Sophia Wilson,customer6540@mail.com,+1-444-754-2206,Dallas,USA,36001.99,792,8458341748
CUST006541,David Davis,customer6541@mail.com,+1-444-491-4115,Chicago,USA,27026.23,303,5836347560
CUST006542,Emma Taylor,customer6542@mail.com,+1-444-154-2056,Chicago,USA,18345.24,371,6149286799
CUST006543,John Johnson,customer6543@mail.com,+1-444-805-3984,Phoenix,USA,49460.42,810,3431706953
CUST006544,David Brown,customer6544@mail.com,+1-444-988-5600,New York,USA,2103.7,531,1278995043
CUST006545,James Brown,customer6545@mail.com,+1-444-216-5694,Phoenix,USA,8898.2,367,4312496848
CUST006546,Emma Johnson,customer6546@mail.com,+1-444-768-1547,Phoenix,USA,611.17,353,9775845847
CUST006547,John Taylor,customer6547@mail.com,+1-444-416-4408,Chicago,USA,36911.51,323,6680884944
CUST006548,John Hall,customer6548@mail.com,+1-444-786-8158,Phoenix,USA,41496.14,377,1881380407
CUST006549,Emma Hall,customer6549@mail.com,+1-444-639-3575,Phoenix,USA,31194.41,452,2832438022
CUST006550,James Taylor,customer6550@mail.com,+1-444-332-5469,New York,USA,8981.86,369,7678159366
CUST006551,Sophia Wilson,customer6551@mail.com,+1-444-645-8845,New York,USA,43475.25,326,2406949217
CUST006552,Olivia Clark,customer6552@mail.com,+1-444-934-6779,Dallas,USA,19050.24,624,4060177182
CUST006553,David Hall,customer6553@mail.com,+1-444-296-1074,New York,USA,47709.55,663,7854887292
CUST006554,Michael Lewis,customer6554@mail.com,+1-444-839-6969,Dallas,USA,36926.21,757,1381069457
CUST006555,Ava Walker,customer6555@mail.com,+1-444-160-8230,Dallas,USA,28521.1,443,4469680414
CUST006556,Michael Johnson,customer6556@mail.com,+1-444-817-9262,New York,USA,41388.39,597,4241409772
CUST006557,James Lewis,customer6557@mail.com,+1-444-408-3344,New York,USA,31452.36,484,4176191170
CUST006558,Sophia Taylor,customer6558@mail.com,+1-444-706-5090,Dallas,USA,29229.3,461,3657112464
CUST006559,Emma Hall,customer6559@mail.com,+1-444-886-2650,Dallas,USA,23817.02,669,1098198625
CUST006560,Sophia Clark,customer6560@mail.com,+1-444-213-1995,Dallas,USA,5472.04,443,6099019264
CUST006561,David Brown,customer6561@mail.com,+1-444-638-4524,New York,USA,18529.11,524,4776520640
CUST006562,John Davis,customer6562@mail.com,+1-444-898-2376,New York,USA,9299.78,544,4420100607
CUST006563,Olivia Lewis,customer6563@mail.com,+1-444-145-2794,Dallas,USA,8499.3,309,3762443830
CUST006564,Michael Davis,customer6564@mail.com,+1-444-483-5528,Dallas,USA,3539.53,553,6085643297
CUST006565,Sarah Hall,customer6565@mail.com,+1-444-806-2204,Phoenix,USA,2140.45,617,1797804969
CUST006566,Emma Wilson,customer6566@mail.com,+1-444-482-3992,Phoenix,USA,41065.21,740,3005147632
CUST006567,Michael Brown,customer6567@mail.com,+1-444-884-7234,Phoenix,USA,49459.26,681,2903527758
CUST006568,Daniel Brown,customer6568@mail.com,+1-444-460-5327,Dallas,USA,15755.87,518,7385347399
CUST006569,Emma Taylor,customer6569@mail.com,+1-444-678-3588,New York,USA,40368.49,668,4779490511
CUST006570,Sophia Brown,customer6570@mail.com,+1-444-358-1420,New York,USA,4261.2,468,5499526524
CUST006571,Sophia Brown,customer6571@mail.com,+1-444-564-8670,Phoenix,USA,17134.79,303,3443300970
CUST006572,Daniel Clark,customer6572@mail.com,+1-444-823-5899,Phoenix,USA,20336.86,415,7762950577
CUST006573,Sarah Davis,customer6573@mail.com,+1-444-258-8547,Dallas,USA,44995.46,466,4522409635
CUST006574,Ava Wilson,customer6574@mail.com,+1-444-498-4773,Dallas,USA,1559.44,781,6979077079
CUST006575,David Taylor,customer6575@mail.com,+1-444-401-1506,New York,USA,16994.64,455,5480111001
CUST006576,Ava Walker,customer6576@mail.com,+1-444-178-2007,Phoenix,USA,39302.97,826,7526281614
CUST006577,Olivia Taylor,customer6577@mail.com,+1-444-783-6074,Dallas,USA,12233.0,632,2244513764
CUST006578,Ava Walker,customer6578@mail.com,+1-444-113-8202,New York,USA,45355.28,593,7167801873
CUST006579,Michael Davis,customer6579@mail.com,+1-444-583-4216,Dallas,USA,28037.12,842,2284916051
CUST006580,Olivia Wilson,customer6580@mail.com,+1-444-806-7055,Phoenix,USA,570.41,484,6136834400
CUST006581,Olivia Brown,customer6581@mail.com,+1-444-921-8603,New York,USA,42722.79,630,3050716407
CUST006582,James Wilson,customer6582@mail.com,+1-444-452-9594,Dallas,USA,17987.58,529,9492266640
CUST006583,Michael Brown,customer6583@mail.com,+1-444-748-7272,Phoenix,USA,12717.48,394,8523307972
CUST006584,Sarah Walker,customer6584@mail.com,+1-444-612-7960,Chicago,USA,12900.56,437,8953844661
CUST006585,John Hall,customer6585@mail.com,+1-444-634-3765,New York,USA,3812.14,349,2642200876
CUST006586,Emma Davis,customer6586@mail.com,+1-444-691-1201,New York,USA,27859.53,598,1001221929
CUST006587,David Clark,customer6587@mail.com,+1-444-523-7391,New York,USA,27945.14,742,2755970212
CUST006588,Emma Lewis,customer6588@mail.com,+1-444-168-3362,Chicago,USA,29502.47,634,6825173779
CUST006589,Emma Walker,customer6589@mail.com,+1-444-432-1987,Phoenix,USA,25370.15,653,7807170884
CUST006590,Ava Lewis,customer6590@mail.com,+1-444-516-5300,Phoenix,USA,44138.83,327,3321232563
CUST006591,Sarah Taylor,customer6591@mail.com,+1-444-781-8146,Chicago,USA,41008.63,637,2860064831
CUST006592,Michael Clark,customer6592@mail.com,+1-444-259-3127,New York,USA,47549.43,751,7657546948
CUST006593,Michael Hall,customer6593@mail.com,+1-444-283-4105,New York,USA,22848.95,629,1673460963
CUST006594,James Davis,customer6594@mail.com,+1-444-654-8239,Dallas,USA,44662.8,768,5630216731
CUST006595,John Taylor,customer6595@mail.com,+1-444-112-1361,New York,USA,31857.59,332,5880292129
CUST006596,James Davis,customer6596@mail.com,+1-444-558-8710,Dallas,USA,4518.6,659,4058509024
CUST006597,James Smith,customer6597@mail.com,+1-444-545-7604,Dallas,USA,9030.02,382,5385182478
CUST006598,Daniel Johnson,customer6598@mail.com,+1-444-455-3966,New York,USA,32687.96,737,1980749786
CUST006599,Ava Wilson,customer6599@mail.com,+1-444-118-3632,New York,USA,43151.08,541,8286287386
CUST006600,James Walker,customer6600@mail.com,+1-444-187-2218,Chicago,USA,17496.62,345,6087335508
CUST006601,Sophia Taylor,customer6601@mail.com,+1-444-961-6208,Chicago,USA,46480.28,391,8478304360
CUST006602,James Johnson,customer6602@mail.com,+1-444-415-6489,Chicago,USA,41316.82,614,5203500352
CUST006603,James Smith,customer6603@mail.com,+1-444-979-8799,Phoenix,USA,19547.88,813,7573559286
CUST006604,Ava Johnson,customer6604@mail.com,+1-444-864-2322,New York,USA,33850.83,774,4298089846
CUST006605,Michael Taylor,customer6605@mail.com,+1-444-914-9315,Dallas,USA,24234.52,674,6794161123
CUST006606,John Davis,customer6606@mail.com,+1-444-278-1613,New York,USA,36329.69,674,6387201131
CUST006607,John Lewis,customer6607@mail.com,+1-444-923-1884,Phoenix,USA,31107.01,344,7490970586
CUST006608,John Johnson,customer6608@mail.com,+1-444-320-9833,New York,USA,2172.39,642,5769414416
CUST006609,Michael Taylor,customer6609@mail.com,+1-444-548-3840,New York,USA,44812.6,448,5966024402
CUST006610,Sarah Hall,customer6610@mail.com,+1-444-552-1900,Chicago,USA,7887.43,430,1551158563
CUST006611,Sophia Smith,customer6611@mail.com,+1-444-740-3747,Phoenix,USA,42202.07,454,3662918198
CUST006612,Sophia Taylor,customer6612@mail.com,+1-444-526-3630,Phoenix,USA,15083.25,307,5867235991
CUST006613,John Clark,customer6613@mail.com,+1-444-871-5057,Chicago,USA,28597.52,378,5458828716
CUST006614,Ava Clark,customer6614@mail.com,+1-444-365-2222,Dallas,USA,27998.41,697,7771836648
CUST006615,Emma Clark,customer6615@mail.com,+1-444-926-8215,Chicago,USA,21386.78,719,2250218888
CUST006616,David Johnson,customer6616@mail.com,+1-444-267-4909,New York,USA,17233.98,455,7503582564
CUST006617,James Walker,customer6617@mail.com,+1-444-859-9880,Dallas,USA,14515.71,657,5068183446
CUST006618,Sophia Smith,customer6618@mail.com,+1-444-919-8449,New York,USA,42229.31,516,9800110790
CUST006619,Ava Brown,customer6619@mail.com,+1-444-200-4949,Dallas,USA,22254.55,647,7866575278
CUST006620,David Brown,customer6620@mail.com,+1-444-893-7759,Phoenix,USA,9508.23,544,7290767144
CUST006621,David Hall,customer6621@mail.com,+1-444-125-3742,Chicago,USA,22048.35,454,4573863786
CUST006622,Michael Brown,customer6622@mail.com,+1-444-908-1230,Phoenix,USA,22752.2,634,1337234681
CUST006623,John Hall,customer6623@mail.com,+1-444-298-9409,New York,USA,5448.84,843,3482094870
CUST006624,Emma Clark,customer6624@mail.com,+1-444-890-8195,Dallas,USA,7968.97,479,8628897185
CUST006625,Sarah Davis,customer6625@mail.com,+1-444-976-6758,Chicago,USA,9538.23,665,2712918992
CUST006626,James Brown,customer6626@mail.com,+1-444-383-9918,New York,USA,8981.25,368,4023587810
CUST006627,Daniel Walker,customer6627@mail.com,+1-444-131-3724,Phoenix,USA,39823.33,533,8697886234
CUST006628,Sophia Wilson,customer6628@mail.com,+1-444-119-3827,Dallas,USA,3111.91,610,1132093149
CUST006629,Michael Clark,customer6629@mail.com,+1-444-738-5238,Dallas,USA,19133.06,554,4358317196
CUST006630,Ava Walker,customer6630@mail.com,+1-444-509-4830,New York,USA,28655.5,332,3157181245
CUST006631,David Lewis,customer6631@mail.com,+1-444-111-9636,Chicago,USA,48369.16,591,7934100397
CUST006632,Sarah Johnson,customer6632@mail.com,+1-444-882-1317,Dallas,USA,29539.84,572,2912851472
CUST006633,Daniel Taylor,customer6633@mail.com,+1-444-649-4631,Chicago,USA,7039.08,681,2459067341
CUST006634,David Hall,customer6634@mail.com,+1-444-258-7548,New York,USA,5154.69,840,1443833903
CUST006635,Ava Hall,customer6635@mail.com,+1-444-203-7867,Dallas,USA,7401.94,357,3347946880
CUST006636,John Davis,customer6636@mail.com,+1-444-350-1285,New York,USA,11393.56,328,1583658486
CUST006637,Daniel Walker,customer6637@mail.com,+1-444-485-9016,New York,USA,25816.94,584,2687006985
CUST006638,Michael Brown,customer6638@mail.com,+1-444-401-1237,Chicago,USA,34233.86,711,8046004120
CUST006639,James Davis,customer6639@mail.com,+1-444-805-7076,Phoenix,USA,39250.65,332,7299473969
CUST006640,Ava Davis,customer6640@mail.com,+1-444-903-2842,Dallas,USA,17293.45,697,4427960082
CUST006641,Daniel Wilson,customer6641@mail.com,+1-444-689-5267,Phoenix,USA,39961.29,826,8192511634
CUST006642,John Hall,customer6642@mail.com,+1-444-377-5386,New York,USA,29381.99,302,9738615085
CUST006643,Emma Brown,customer6643@mail.com,+1-444-968-7524,Dallas,USA,29865.59,578,7683922965
CUST006644,Sophia Davis,customer6644@mail.com,+1-444-877-3601,Chicago,USA,10396.61,687,5330547311
CUST006645,James Walker,customer6645@mail.com,+1-444-279-6309,New York,USA,37737.64,573,4793460725
CUST006646,James Wilson,customer6646@mail.com,+1-444-414-6255,Phoenix,USA,27797.83,665,5729443838
CUST006647,Emma Taylor,customer6647@mail.com,+1-444-117-5443,Phoenix,USA,7375.93,566,7890422693
CUST006648,Michael Brown,customer6648@mail.com,+1-444-772-6866,Dallas,USA,20821.38,460,4158357560
CUST006649,James Johnson,customer6649@mail.com,+1-444-452-6405,Dallas,USA,40060.48,578,5645142667
CUST006650,Sophia Hall,customer6650@mail.com,+1-444-952-7545,New York,USA,9510.63,500,9756022202
CUST006651,Daniel Davis,customer6651@mail.com,+1-444-796-1952,Phoenix,USA,2305.66,478,6706186999
CUST006652,Daniel Taylor,customer6652@mail.com,+1-444-930-3542,New York,USA,22237.11,350,5048759987
CUST006653,Michael Walker,customer6653@mail.com,+1-444-925-1069,Chicago,USA,21324.63,413,7576499828
CUST006654,Daniel Johnson,customer6654@mail.com,+1-444-734-5690,Chicago,USA,3479.21,577,2869523310
CUST006655,James Wilson,customer6655@mail.com,+1-444-529-9644,New York,USA,40173.36,704,8568600420
CUST006656,John Lewis,customer6656@mail.com,+1-444-878-5532,New York,USA,9803.31,800,8396427187
CUST006657,John Lewis,customer6657@mail.com,+1-444-799-5347,Phoenix,USA,24838.24,402,1170846808
CUST006658,David Hall,customer6658@mail.com,+1-444-104-3469,Chicago,USA,42650.2,716,5173332800
CUST006659,Ava Walker,customer6659@mail.com,+1-444-299-7281,Dallas,USA,23756.91,437,7519524642
CUST006660,Sarah Davis,customer6660@mail.com,+1-444-397-2567,Chicago,USA,27893.01,375,7277157671
CUST006661,Emma Lewis,customer6661@mail.com,+1-444-291-1736,New York,USA,11460.7,409,2976720484
CUST006662,Emma Taylor,customer6662@mail.com,+1-444-795-3888,Chicago,USA,6752.61,654,1630532385
CUST006663,Emma Clark,customer6663@mail.com,+1-444-421-7811,Phoenix,USA,7890.59,839,2667993495
CUST006664,Sarah Hall,customer6664@mail.com,+1-444-681-6369,New York,USA,10304.88,408,9888517207
CUST006665,Michael Hall,customer6665@mail.com,+1-444-630-5676,New York,USA,12303.27,475,4840389851
CUST006666,John Davis,customer6666@mail.com,+1-444-959-9463,New York,USA,30715.23,736,7049136295
CUST006667,Olivia Davis,customer6667@mail.com,+1-444-363-7077,Phoenix,USA,49621.43,751,8827832819
CUST006668,Michael Hall,customer6668@mail.com,+1-444-148-9064,Chicago,USA,10769.12,701,5857523576
CUST006669,Olivia Davis,customer6669@mail.com,+1-444-478-3568,Phoenix,USA,30934.67,327,3930136365
CUST006670,Ava Davis,customer6670@mail.com,+1-444-320-1823,Dallas,USA,16332.96,670,1630752079
CUST006671,Daniel Brown,customer6671@mail.com,+1-444-916-2284,Chicago,USA,37657.76,363,5861685461
CUST006672,Olivia Davis,customer6672@mail.com,+1-444-282-6117,Dallas,USA,44242.09,850,6898544721
CUST006673,Sophia Walker,customer6673@mail.com,+1-444-225-6927,Chicago,USA,1549.01,468,3487662836
CUST006674,Emma Johnson,customer6674@mail.com,+1-444-553-1697,Phoenix,USA,23439.72,809,1011083183
CUST006675,Ava Hall,customer6675@mail.com,+1-444-607-5644,New York,USA,21420.6,312,6216301193
CUST006676,Sophia Davis,customer6676@mail.com,+1-444-650-9163,Dallas,USA,42764.62,375,7345637483
CUST006677,Ava Brown,customer6677@mail.com,+1-444-562-6358,Chicago,USA,22445.25,660,2177180542
CUST006678,Sarah Wilson,customer6678@mail.com,+1-444-450-8150,Dallas,USA,12173.39,393,4670379026
CUST006679,John Taylor,customer6679@mail.com,+1-444-216-1707,Chicago,USA,25176.0,772,8640114674
CUST006680,Michael Hall,customer6680@mail.com,+1-444-467-1243,Dallas,USA,30633.41,683,5290480327
CUST006681,Michael Lewis,customer6681@mail.com,+1-444-649-9836,Chicago,USA,28249.99,449,3472274693
CUST006682,James Smith,customer6682@mail.com,+1-444-523-6141,Phoenix,USA,49352.71,776,5885576651
CUST006683,Michael Hall,customer6683@mail.com,+1-444-883-7005,New York,USA,35505.98,373,1373507020
CUST006684,Ava Clark,customer6684@mail.com,+1-444-122-9518,Dallas,USA,22287.28,314,8223168299
CUST006685,Ava Clark,customer6685@mail.com,+1-444-975-5235,New York,USA,20844.57,784,1107527366
CUST006686,John Walker,customer6686@mail.com,+1-444-592-2092,New York,USA,29514.19,425,9145707997
CUST006687,Sophia Taylor,customer6687@mail.com,+1-444-690-6833,Chicago,USA,22661.04,426,3165260889
CUST006688,Michael Clark,customer6688@mail.com,+1-444-619-8950,Chicago,USA,7674.72,758,4755740803
CUST006689,David Davis,customer6689@mail.com,+1-444-815-6626,Dallas,USA,22003.33,484,8095513123
CUST006690,Sophia Wilson,customer6690@mail.com,+1-444-521-3155,Phoenix,USA,20688.7,531,7699005263
CUST006691,Ava Hall,customer6691@mail.com,+1-444-691-6897,Phoenix,USA,10397.32,562,5323449094
CUST006692,David Davis,customer6692@mail.com,+1-444-410-3037,Dallas,USA,8186.05,555,3131529755
CUST006693,Ava Hall,customer6693@mail.com,+1-444-923-4945,Phoenix,USA,16819.65,789,5968642740
CUST006694,David Hall,customer6694@mail.com,+1-444-702-7465,Dallas,USA,15814.91,658,9817268771
CUST006695,Sophia Walker,customer6695@mail.com,+1-444-399-8481,Dallas,USA,21057.36,423,1378270322
CUST006696,Michael Smith,customer6696@mail.com,+1-444-957-6071,Phoenix,USA,1982.67,702,1810159043
CUST006697,Ava Taylor,customer6697@mail.com,+1-444-730-5156,Chicago,USA,22042.79,402,6759965828
CUST006698,Ava Hall,customer6698@mail.com,+1-444-455-8724,Dallas,USA,8168.86,313,7772337556
CUST006699,Daniel Wilson,customer6699@mail.com,+1-444-643-5902,Dallas,USA,27802.9,392,1876126204
CUST006700,Olivia Lewis,customer6700@mail.com,+1-444-924-4089,New York,USA,6919.83,795,5918203685
CUST006701,Michael Taylor,customer6701@mail.com,+1-444-192-6526,New York,USA,10745.15,635,2514139996
CUST006702,Sarah Walker,customer6702@mail.com,+1-444-599-3908,Phoenix,USA,35155.31,528,8978273555
CUST006703,Olivia Johnson,customer6703@mail.com,+1-444-218-5652,Phoenix,USA,43723.32,751,9680794642
CUST006704,David Hall,customer6704@mail.com,+1-444-721-9857,Phoenix,USA,25187.93,676,8262767310
CUST006705,James Walker,customer6705@mail.com,+1-444-609-4742,New York,USA,23540.13,382,8456313677
CUST006706,James Brown,customer6706@mail.com,+1-444-449-8433,Phoenix,USA,42139.95,498,6411917654
CUST006707,Olivia Wilson,customer6707@mail.com,+1-444-785-3061,New York,USA,20022.75,781,8403926147
CUST006708,James Davis,customer6708@mail.com,+1-444-437-8364,Phoenix,USA,19198.5,728,8432148191
CUST006709,Emma Davis,customer6709@mail.com,+1-444-738-2161,Phoenix,USA,48262.8,621,2642119730
CUST006710,James Smith,customer6710@mail.com,+1-444-218-7211,Chicago,USA,45079.25,779,7985779192
CUST006711,Olivia Johnson,customer6711@mail.com,+1-444-376-2770,Chicago,USA,34981.86,362,7386593458
CUST006712,Sophia Davis,customer6712@mail.com,+1-444-349-7953,Chicago,USA,40992.34,442,9245124988
CUST006713,David Wilson,customer6713@mail.com,+1-444-738-1379,Phoenix,USA,13306.99,502,4647847398
CUST006714,Sarah Clark,customer6714@mail.com,+1-444-157-1157,Dallas,USA,46601.46,698,5878883518
CUST006715,John Wilson,customer6715@mail.com,+1-444-974-3341,Chicago,USA,33073.53,621,6484322683
CUST006716,Ava Smith,customer6716@mail.com,+1-444-650-5941,Dallas,USA,32791.0,818,3455875274
CUST006717,Daniel Johnson,customer6717@mail.com,+1-444-108-5022,Phoenix,USA,10642.67,621,6922428061
CUST006718,Olivia Clark,customer6718@mail.com,+1-444-501-5674,Chicago,USA,33358.84,753,7487114744
CUST006719,Michael Brown,customer6719@mail.com,+1-444-767-6090,Phoenix,USA,3554.84,559,8790757633
CUST006720,David Wilson,customer6720@mail.com,+1-444-386-2562,Dallas,USA,13598.79,569,6209754812
CUST006721,Olivia Johnson,customer6721@mail.com,+1-444-198-5357,Dallas,USA,1363.57,527,3823051060
CUST006722,Ava Brown,customer6722@mail.com,+1-444-250-6030,New York,USA,37721.4,467,5257374425
CUST006723,Olivia Clark,customer6723@mail.com,+1-444-203-4833,Chicago,USA,47942.42,373,3981377458
CUST006724,Daniel Davis,customer6724@mail.com,+1-444-827-9316,Phoenix,USA,18075.8,662,3470983691
CUST006725,Sophia Smith,customer6725@mail.com,+1-444-304-9560,Chicago,USA,33175.54,745,2877808082
CUST006726,James Walker,customer6726@mail.com,+1-444-753-1851,Phoenix,USA,40531.06,563,6938782404
CUST006727,Sarah Davis,customer6727@mail.com,+1-444-668-5456,Dallas,USA,19258.92,785,6847408084
CUST006728,Sarah Johnson,customer6728@mail.com,+1-444-369-5336,New York,USA,28708.78,637,6575486724
CUST006729,David Smith,customer6729@mail.com,+1-444-276-8841,New York,USA,11137.64,574,6733583390
CUST006730,David Davis,customer6730@mail.com,+1-444-335-5039,New York,USA,48670.82,408,1489042547
CUST006731,Olivia Taylor,customer6731@mail.com,+1-444-744-1959,Phoenix,USA,35194.79,556,1560118979
CUST006732,David Lewis,customer6732@mail.com,+1-444-802-2831,New York,USA,13458.75,808,4580444281
CUST006733,James Johnson,customer6733@mail.com,+1-444-783-4763,New York,USA,45239.19,720,2939076244
CUST006734,Daniel Clark,customer6734@mail.com,+1-444-633-8309,Chicago,USA,3962.28,622,5659476855
CUST006735,Daniel Hall,customer6735@mail.com,+1-444-332-5625,Dallas,USA,8760.25,387,9580335257
CUST006736,John Walker,customer6736@mail.com,+1-444-561-7715,Chicago,USA,5234.31,539,8563341203
CUST006737,Daniel Johnson,customer6737@mail.com,+1-444-400-4057,Phoenix,USA,16566.54,466,9195396479
CUST006738,James Wilson,customer6738@mail.com,+1-444-449-4971,Chicago,USA,2154.06,426,9711063844
CUST006739,David Clark,customer6739@mail.com,+1-444-118-1437,Phoenix,USA,15753.6,804,6069751928
CUST006740,John Clark,customer6740@mail.com,+1-444-349-1083,Dallas,USA,38354.93,614,1216331476
CUST006741,David Smith,customer6741@mail.com,+1-444-674-2288,Phoenix,USA,16061.09,320,1509164523
CUST006742,Daniel Lewis,customer6742@mail.com,+1-444-857-1399,Phoenix,USA,8668.66,580,9236469762
CUST006743,John Walker,customer6743@mail.com,+1-444-285-9415,Phoenix,USA,32449.0,360,1302168763
CUST006744,Ava Lewis,customer6744@mail.com,+1-444-633-6236,Phoenix,USA,3367.67,596,2193522175
CUST006745,Olivia Johnson,customer6745@mail.com,+1-444-478-9560,Phoenix,USA,327.96,429,4849673291
CUST006746,Sophia Clark,customer6746@mail.com,+1-444-833-6468,Dallas,USA,48624.26,834,2134885499
CUST006747,Sophia Davis,customer6747@mail.com,+1-444-657-1372,Chicago,USA,20187.93,778,2014371526
CUST006748,John Lewis,customer6748@mail.com,+1-444-612-1749,New York,USA,37280.36,693,7347780973
CUST006749,Sarah Clark,customer6749@mail.com,+1-444-241-8382,New York,USA,44364.42,600,1942930183
CUST006750,Daniel Wilson,customer6750@mail.com,+1-444-500-6854,Dallas,USA,25236.4,689,8950802967
CUST006751,Michael Walker,customer6751@mail.com,+1-444-203-4094,New York,USA,30851.61,566,1242238356
CUST006752,Michael Johnson,customer6752@mail.com,+1-444-285-4596,Dallas,USA,29614.76,520,9130806128
CUST006753,Michael Johnson,customer6753@mail.com,+1-444-285-6537,Chicago,USA,26189.83,392,6004654946
CUST006754,David Smith,customer6754@mail.com,+1-444-297-1207,Phoenix,USA,22722.8,652,4774491886
CUST006755,Michael Clark,customer6755@mail.com,+1-444-395-2730,Chicago,USA,9486.59,462,3457658794
CUST006756,Daniel Wilson,customer6756@mail.com,+1-444-735-3658,Chicago,USA,12287.05,707,6427626695
CUST006757,Ava Walker,customer6757@mail.com,+1-444-614-2906,Chicago,USA,39494.57,521,9706950855
CUST006758,Olivia Brown,customer6758@mail.com,+1-444-717-4567,New York,USA,26096.87,783,4094012877
CUST006759,Olivia Taylor,customer6759@mail.com,+1-444-991-8914,Phoenix,USA,14070.87,540,5091909669
CUST006760,Ava Hall,customer6760@mail.com,+1-444-165-5616,Chicago,USA,10461.47,822,7091400049
CUST006761,David Smith,customer6761@mail.com,+1-444-639-2508,Phoenix,USA,36263.98,805,8879742849
CUST006762,David Lewis,customer6762@mail.com,+1-444-464-7627,Phoenix,USA,14916.54,678,1675926596
CUST006763,Ava Lewis,customer6763@mail.com,+1-444-551-5676,Chicago,USA,41538.28,493,7373837921
CUST006764,David Wilson,customer6764@mail.com,+1-444-567-8995,Chicago,USA,47409.77,352,1901063638
CUST006765,David Smith,customer6765@mail.com,+1-444-764-7524,Dallas,USA,38533.17,306,5564400189
CUST006766,Emma Clark,customer6766@mail.com,+1-444-850-4002,Chicago,USA,30024.92,473,6110371795
CUST006767,Emma Smith,customer6767@mail.com,+1-444-393-3076,New York,USA,18708.36,411,1516269316
CUST006768,David Johnson,customer6768@mail.com,+1-444-247-6276,Phoenix,USA,37628.7,849,6285988205
CUST006769,John Wilson,customer6769@mail.com,+1-444-780-8611,Phoenix,USA,47764.09,674,1371196628
CUST006770,Daniel Hall,customer6770@mail.com,+1-444-817-7985,New York,USA,15989.88,353,6319040622
CUST006771,Emma Brown,customer6771@mail.com,+1-444-781-5603,New York,USA,6916.32,787,1313081925
CUST006772,Olivia Walker,customer6772@mail.com,+1-444-366-8651,Chicago,USA,45926.17,721,8480231752
CUST006773,Olivia Walker,customer6773@mail.com,+1-444-824-9214,Chicago,USA,21199.29,609,8615830662
CUST006774,John Johnson,customer6774@mail.com,+1-444-177-2356,Dallas,USA,33402.01,742,1356455402
CUST006775,John Wilson,customer6775@mail.com,+1-444-887-7139,Chicago,USA,9069.42,335,7974499519
CUST006776,John Smith,customer6776@mail.com,+1-444-192-4533,Dallas,USA,39282.77,740,8691791157
CUST006777,Sarah Davis,customer6777@mail.com,+1-444-992-7604,New York,USA,14376.18,665,6844087483
CUST006778,Sarah Brown,customer6778@mail.com,+1-444-333-9956,New York,USA,22013.75,426,6956446747
CUST006779,Emma Wilson,customer6779@mail.com,+1-444-595-1593,Dallas,USA,7070.95,403,1587214142
CUST006780,Daniel Wilson,customer6780@mail.com,+1-444-474-9690,New York,USA,4167.6,421,8079203168
CUST006781,James Johnson,customer6781@mail.com,+1-444-654-8377,Chicago,USA,41612.44,398,4122532276
CUST006782,Olivia Walker,customer6782@mail.com,+1-444-488-2067,New York,USA,37837.41,829,4140855469
CUST006783,Sophia Hall,customer6783@mail.com,+1-444-585-1812,Chicago,USA,8414.98,355,9820676690
CUST006784,James Hall,customer6784@mail.com,+1-444-373-6197,Chicago,USA,23511.28,365,4829063728
CUST006785,Sarah Walker,customer6785@mail.com,+1-444-591-3754,Phoenix,USA,16713.41,805,5597207468
CUST006786,Michael Johnson,customer6786@mail.com,+1-444-173-4585,Phoenix,USA,15136.54,594,3008906124
CUST006787,Ava Wilson,customer6787@mail.com,+1-444-785-5181,Dallas,USA,47453.68,305,2746737356
CUST006788,Olivia Clark,customer6788@mail.com,+1-444-890-7583,New York,USA,2880.61,453,5799441858
CUST006789,Emma Johnson,customer6789@mail.com,+1-444-559-5602,New York,USA,36452.04,649,7654777215
CUST006790,James Lewis,customer6790@mail.com,+1-444-552-5882,Chicago,USA,24360.84,599,9220700320
CUST006791,David Wilson,customer6791@mail.com,+1-444-117-7854,New York,USA,20888.86,726,9287463235
CUST006792,David Johnson,customer6792@mail.com,+1-444-624-2982,Phoenix,USA,2010.03,655,6258339980
CUST006793,David Walker,customer6793@mail.com,+1-444-879-4073,New York,USA,21174.02,609,7295039958
CUST006794,Olivia Smith,customer6794@mail.com,+1-444-671-1156,Phoenix,USA,31372.39,482,7796310026
CUST006795,James Walker,customer6795@mail.com,+1-444-805-6306,New York,USA,44063.55,322,7997280692
CUST006796,Olivia Taylor,customer6796@mail.com,+1-444-323-2867,Chicago,USA,16531.31,519,6985181625
CUST006797,Emma Smith,customer6797@mail.com,+1-444-203-9839,New York,USA,20716.42,390,6474016749
CUST006798,James Johnson,customer6798@mail.com,+1-444-937-6158,Chicago,USA,4428.75,826,7428371864
CUST006799,Sarah Lewis,customer6799@mail.com,+1-444-439-3758,Phoenix,USA,11610.09,411,5003608109
CUST006800,Sarah Davis,customer6800@mail.com,+1-444-578-8670,Chicago,USA,29976.51,391,2812365149
CUST006801,John Walker,customer6801@mail.com,+1-444-307-3243,New York,USA,48186.72,493,7952051485
CUST006802,Olivia Davis,customer6802@mail.com,+1-444-173-3744,Dallas,USA,48961.31,695,5826768780
CUST006803,Ava Johnson,customer6803@mail.com,+1-444-212-5526,Phoenix,USA,29861.58,604,4649985740
CUST006804,Michael Davis,customer6804@mail.com,+1-444-508-5134,Dallas,USA,33941.95,702,8893537623
CUST006805,Daniel Taylor,customer6805@mail.com,+1-444-171-3475,Chicago,USA,8510.62,772,6534123660
CUST006806,Emma Smith,customer6806@mail.com,+1-444-883-2157,Phoenix,USA,19711.23,527,2652606490
CUST006807,Ava Lewis,customer6807@mail.com,+1-444-809-5873,Phoenix,USA,10741.58,715,1543904179
CUST006808,Sarah Johnson,customer6808@mail.com,+1-444-816-5385,New York,USA,23566.47,326,7934171190
CUST006809,Emma Taylor,customer6809@mail.com,+1-444-710-8330,New York,USA,33359.4,352,1055890954
CUST006810,David Davis,customer6810@mail.com,+1-444-950-1743,Phoenix,USA,19987.87,664,5038210695
CUST006811,David Clark,customer6811@mail.com,+1-444-504-3099,New York,USA,42629.65,402,4883643406
CUST006812,James Brown,customer6812@mail.com,+1-444-515-3838,Chicago,USA,44688.11,578,6551628980
CUST006813,David Clark,customer6813@mail.com,+1-444-478-9139,Chicago,USA,13132.29,546,5881814033
CUST006814,Sophia Taylor,customer6814@mail.com,+1-444-792-7383,Phoenix,USA,28411.2,349,4536129903
CUST006815,James Taylor,customer6815@mail.com,+1-444-862-7994,Dallas,USA,15876.56,665,8934328886
CUST006816,Sophia Johnson,customer6816@mail.com,+1-444-541-7439,Phoenix,USA,17539.8,736,3552133432
CUST006817,James Wilson,customer6817@mail.com,+1-444-102-2953,Phoenix,USA,34811.41,790,4864017881
CUST006818,Sarah Wilson,customer6818@mail.com,+1-444-463-8975,Chicago,USA,43199.5,834,8229102796
CUST006819,Olivia Brown,customer6819@mail.com,+1-444-582-6936,Dallas,USA,3735.69,817,1713515870
CUST006820,Sarah Johnson,customer6820@mail.com,+1-444-305-2167,Chicago,USA,3998.78,518,1436745396
CUST006821,Emma Johnson,customer6821@mail.com,+1-444-294-7799,Phoenix,USA,28391.64,434,3489852078
CUST006822,James Johnson,customer6822@mail.com,+1-444-329-5270,Dallas,USA,46233.66,367,7098475637
CUST006823,Daniel Smith,customer6823@mail.com,+1-444-245-7216,Chicago,USA,21845.04,351,2044746608
CUST006824,Daniel Brown,customer6824@mail.com,+1-444-567-2107,Dallas,USA,9902.77,690,9657606933
CUST006825,Sarah Davis,customer6825@mail.com,+1-444-143-2114,Chicago,USA,42772.73,742,6336077448
CUST006826,Daniel Wilson,customer6826@mail.com,+1-444-153-6919,Chicago,USA,28752.23,483,2235926303
CUST006827,John Clark,customer6827@mail.com,+1-444-738-1758,New York,USA,27976.64,396,4345799632
CUST006828,David Davis,customer6828@mail.com,+1-444-385-3712,Chicago,USA,30006.16,592,7139788435
CUST006829,David Clark,customer6829@mail.com,+1-444-714-6266,Phoenix,USA,37728.98,437,2525027838
CUST006830,Olivia Johnson,customer6830@mail.com,+1-444-445-5816,Dallas,USA,10786.68,475,4115751802
CUST006831,David Clark,customer6831@mail.com,+1-444-835-3003,Dallas,USA,23758.59,444,1375801966
CUST006832,James Brown,customer6832@mail.com,+1-444-271-1151,Dallas,USA,32193.36,849,8168785057
CUST006833,Sarah Hall,customer6833@mail.com,+1-444-801-5382,Dallas,USA,29766.33,542,9276880034
CUST006834,Sarah Walker,customer6834@mail.com,+1-444-472-9768,Chicago,USA,13562.62,376,4836240816
CUST006835,Ava Wilson,customer6835@mail.com,+1-444-515-9216,Chicago,USA,47179.09,718,2238822438
CUST006836,Sarah Davis,customer6836@mail.com,+1-444-350-4875,Chicago,USA,8270.59,495,3760716641
CUST006837,Michael Brown,customer6837@mail.com,+1-444-409-1453,Dallas,USA,2630.56,850,3636755901
CUST006838,Olivia Wilson,customer6838@mail.com,+1-444-236-5929,Phoenix,USA,14139.28,388,8580479806
CUST006839,John Brown,customer6839@mail.com,+1-444-461-7196,New York,USA,27112.45,501,4792766088
CUST006840,John Brown,customer6840@mail.com,+1-444-150-6732,New York,USA,49556.49,576,7241076170
CUST006841,Sophia Walker,customer6841@mail.com,+1-444-806-8537,New York,USA,19396.82,680,9662002813
CUST006842,Olivia Walker,customer6842@mail.com,+1-444-588-7243,Chicago,USA,33568.6,752,7008127323
CUST006843,Daniel Davis,customer6843@mail.com,+1-444-581-7869,Chicago,USA,41905.0,726,2109070812
CUST006844,John Brown,customer6844@mail.com,+1-444-844-5565,Phoenix,USA,41496.61,558,5309050849
CUST006845,Michael Taylor,customer6845@mail.com,+1-444-858-3301,Dallas,USA,31902.06,771,5960547594
CUST006846,James Davis,customer6846@mail.com,+1-444-873-2860,Phoenix,USA,38409.07,446,8566277509
CUST006847,John Lewis,customer6847@mail.com,+1-444-684-1400,Dallas,USA,33000.32,530,5385693940
CUST006848,James Wilson,customer6848@mail.com,+1-444-802-8956,Chicago,USA,27838.58,578,8761667239
CUST006849,Olivia Smith,customer6849@mail.com,+1-444-839-5562,Chicago,USA,6461.52,469,2493139746
CUST006850,Ava Walker,customer6850@mail.com,+1-444-349-1786,Chicago,USA,48688.07,674,6125660812
CUST006851,Sophia Clark,customer6851@mail.com,+1-444-711-4485,New York,USA,23181.92,310,6825457393
CUST006852,Olivia Davis,customer6852@mail.com,+1-444-808-9721,New York,USA,47497.09,819,9641317537
CUST006853,David Clark,customer6853@mail.com,+1-444-199-9615,Chicago,USA,6748.85,570,2138162484
CUST006854,Ava Clark,customer6854@mail.com,+1-444-963-8979,New York,USA,4710.86,487,7763470498
CUST006855,John Taylor,customer6855@mail.com,+1-444-260-2799,New York,USA,48580.18,347,2509283455
CUST006856,Sophia Wilson,customer6856@mail.com,+1-444-196-6097,Phoenix,USA,49128.96,747,7413666759
CUST006857,David Johnson,customer6857@mail.com,+1-444-940-3272,Chicago,USA,22965.31,371,4179889600
CUST006858,Emma Brown,customer6858@mail.com,+1-444-349-8173,Dallas,USA,2934.67,517,8560187414
CUST006859,Daniel Wilson,customer6859@mail.com,+1-444-179-5083,Phoenix,USA,9951.16,340,3095277515
CUST006860,Sophia Johnson,customer6860@mail.com,+1-444-636-9940,Phoenix,USA,14854.06,451,2088899231
CUST006861,Sarah Wilson,customer6861@mail.com,+1-444-508-7685,Dallas,USA,1744.72,725,7329054625
CUST006862,David Wilson,customer6862@mail.com,+1-444-462-4493,New York,USA,37120.51,420,9807256068
CUST006863,Ava Smith,customer6863@mail.com,+1-444-851-4211,Chicago,USA,48579.97,519,8817767649
CUST006864,Emma Clark,customer6864@mail.com,+1-444-428-3535,Phoenix,USA,7738.72,484,7828362342
CUST006865,David Walker,customer6865@mail.com,+1-444-948-6011,New York,USA,45508.02,401,6134397032
CUST006866,James Wilson,customer6866@mail.com,+1-444-271-5267,Chicago,USA,11798.56,389,7667924313
CUST006867,James Smith,customer6867@mail.com,+1-444-475-9693,New York,USA,2503.71,420,6560361349
CUST006868,Sophia Wilson,customer6868@mail.com,+1-444-708-8031,Chicago,USA,7725.85,576,3756194869
CUST006869,John Davis,customer6869@mail.com,+1-444-262-8684,Dallas,USA,28350.64,424,7885253925
CUST006870,Emma Brown,customer6870@mail.com,+1-444-306-7913,Phoenix,USA,42771.77,563,1746264556
CUST006871,Olivia Hall,customer6871@mail.com,+1-444-433-9305,Phoenix,USA,44424.34,478,7829214046
CUST006872,Michael Brown,customer6872@mail.com,+1-444-345-9365,Chicago,USA,36983.19,641,9629356971
CUST006873,Daniel Davis,customer6873@mail.com,+1-444-110-6360,Dallas,USA,40754.03,350,5124205987
CUST006874,John Hall,customer6874@mail.com,+1-444-514-1584,Chicago,USA,32771.81,410,4891971567
CUST006875,Daniel Hall,customer6875@mail.com,+1-444-168-7370,New York,USA,35657.48,435,7968564415
CUST006876,Emma Hall,customer6876@mail.com,+1-444-844-6576,Chicago,USA,11197.51,848,1251200784
CUST006877,James Hall,customer6877@mail.com,+1-444-923-4043,Dallas,USA,32312.3,561,7879763984
CUST006878,Ava Johnson,customer6878@mail.com,+1-444-769-1147,Phoenix,USA,27753.97,686,4678813588
CUST006879,Michael Clark,customer6879@mail.com,+1-444-258-8463,Chicago,USA,4154.56,430,6196901775
CUST006880,Ava Johnson,customer6880@mail.com,+1-444-611-7197,Dallas,USA,25806.31,834,6321747767
CUST006881,Sarah Clark,customer6881@mail.com,+1-444-696-1698,Chicago,USA,16003.74,423,4903634077
CUST006882,Olivia Walker,customer6882@mail.com,+1-444-505-7909,Phoenix,USA,37302.96,663,2943832394
CUST006883,John Hall,customer6883@mail.com,+1-444-517-7621,Chicago,USA,45095.91,445,8858709102
CUST006884,Olivia Davis,customer6884@mail.com,+1-444-996-1857,Dallas,USA,18885.17,448,1721853144
CUST006885,David Clark,customer6885@mail.com,+1-444-196-5911,Chicago,USA,40946.93,756,4753269657
CUST006886,Sarah Taylor,customer6886@mail.com,+1-444-799-2400,Dallas,USA,18610.29,760,5434756918
CUST006887,Emma Johnson,customer6887@mail.com,+1-444-981-5009,Chicago,USA,4029.35,690,3603932707
CUST006888,Sophia Smith,customer6888@mail.com,+1-444-267-4194,Phoenix,USA,2365.37,525,7163037682
CUST006889,Michael Johnson,customer6889@mail.com,+1-444-489-2640,Dallas,USA,45678.05,437,9888373319
CUST006890,Sophia Taylor,customer6890@mail.com,+1-444-682-8771,Chicago,USA,38820.87,635,8590209116
CUST006891,Sarah Walker,customer6891@mail.com,+1-444-338-5850,Chicago,USA,13298.54,640,3924478098
CUST006892,Daniel Brown,customer6892@mail.com,+1-444-274-9885,Phoenix,USA,5833.26,466,9546174956
CUST006893,Sarah Davis,customer6893@mail.com,+1-444-600-4761,Dallas,USA,25693.77,355,3843861687
CUST006894,Sarah Hall,customer6894@mail.com,+1-444-542-4833,New York,USA,10058.42,526,1702480111
CUST006895,Ava Johnson,customer6895@mail.com,+1-444-176-9173,New York,USA,11385.13,325,9322458708
CUST006896,Michael Hall,customer6896@mail.com,+1-444-984-5528,Phoenix,USA,25596.89,637,9944852730
CUST006897,Daniel Lewis,customer6897@mail.com,+1-444-762-4420,Dallas,USA,21723.25,575,2191958723
CUST006898,Michael Lewis,customer6898@mail.com,+1-444-435-9191,Phoenix,USA,27936.46,665,4495826702
CUST006899,Sarah Hall,customer6899@mail.com,+1-444-121-6929,Chicago,USA,48359.33,416,6317618832
CUST006900,Ava Davis,customer6900@mail.com,+1-444-388-1584,Phoenix,USA,9814.63,587,5885947356
CUST006901,Ava Clark,customer6901@mail.com,+1-444-433-1377,Dallas,USA,22133.69,835,4517538190
CUST006902,John Lewis,customer6902@mail.com,+1-444-956-5643,New York,USA,37506.62,331,2878319655
CUST006903,Sarah Lewis,customer6903@mail.com,+1-444-936-6144,Phoenix,USA,7219.38,450,8310032002
CUST006904,Sophia Lewis,customer6904@mail.com,+1-444-427-3416,Dallas,USA,27659.75,644,9338600924
CUST006905,David Clark,customer6905@mail.com,+1-444-585-6989,Phoenix,USA,2641.75,707,3825409978
CUST006906,Ava Davis,customer6906@mail.com,+1-444-709-4550,Phoenix,USA,32514.17,319,7920404197
CUST006907,Emma Taylor,customer6907@mail.com,+1-444-220-6335,Phoenix,USA,43355.13,672,1091082589
CUST006908,Emma Brown,customer6908@mail.com,+1-444-653-7273,New York,USA,25401.45,819,8901923161
CUST006909,Emma Johnson,customer6909@mail.com,+1-444-464-8287,Phoenix,USA,29415.78,449,6133682402
CUST006910,Ava Lewis,customer6910@mail.com,+1-444-667-8547,Chicago,USA,22370.99,577,2248159613
CUST006911,Michael Lewis,customer6911@mail.com,+1-444-543-4247,Chicago,USA,46476.84,843,9985118007
CUST006912,Emma Walker,customer6912@mail.com,+1-444-953-6337,Phoenix,USA,23273.49,485,5905648805
CUST006913,James Walker,customer6913@mail.com,+1-444-491-4097,Dallas,USA,26097.69,339,8949530773
CUST006914,James Brown,customer6914@mail.com,+1-444-866-8063,Chicago,USA,7005.12,467,4365053941
CUST006915,James Taylor,customer6915@mail.com,+1-444-929-3383,New York,USA,15175.09,357,1753220118
CUST006916,John Clark,customer6916@mail.com,+1-444-114-3066,Dallas,USA,47671.25,473,4973694501
CUST006917,Sophia Lewis,customer6917@mail.com,+1-444-189-6055,Chicago,USA,21607.14,836,2271685491
CUST006918,John Brown,customer6918@mail.com,+1-444-361-6730,Dallas,USA,45384.25,432,1963123081
CUST006919,Ava Brown,customer6919@mail.com,+1-444-569-9881,Dallas,USA,29247.13,308,1994933892
CUST006920,Emma Lewis,customer6920@mail.com,+1-444-378-9819,Phoenix,USA,11352.81,614,8869178498
CUST006921,James Hall,customer6921@mail.com,+1-444-720-4531,Dallas,USA,29966.68,391,9321923236
CUST006922,David Smith,customer6922@mail.com,+1-444-940-9685,Dallas,USA,47220.26,788,1016143057
CUST006923,David Hall,customer6923@mail.com,+1-444-371-9852,Dallas,USA,7283.07,570,3801971592
CUST006924,Daniel Wilson,customer6924@mail.com,+1-444-793-9587,Dallas,USA,34242.19,731,4248831530
CUST006925,James Lewis,customer6925@mail.com,+1-444-177-9944,Dallas,USA,30178.38,316,8948190744
CUST006926,Michael Johnson,customer6926@mail.com,+1-444-925-7017,Chicago,USA,9766.17,823,5881924625
CUST006927,Daniel Lewis,customer6927@mail.com,+1-444-827-8091,Chicago,USA,36464.0,346,1177582837
CUST006928,David Wilson,customer6928@mail.com,+1-444-740-1668,Phoenix,USA,5326.04,395,1637657187
CUST006929,John Davis,customer6929@mail.com,+1-444-781-6065,Phoenix,USA,44078.81,570,2208145333
CUST006930,Daniel Davis,customer6930@mail.com,+1-444-559-2458,Phoenix,USA,6680.99,686,2363249217
CUST006931,Olivia Lewis,customer6931@mail.com,+1-444-987-6138,New York,USA,33978.99,777,3903764514
CUST006932,Olivia Johnson,customer6932@mail.com,+1-444-566-9570,Chicago,USA,20750.14,354,1152769008
CUST006933,Ava Wilson,customer6933@mail.com,+1-444-424-6834,Chicago,USA,9731.45,347,5629846216
CUST006934,James Clark,customer6934@mail.com,+1-444-903-4128,Chicago,USA,15254.67,375,1751019448
CUST006935,Emma Wilson,customer6935@mail.com,+1-444-889-4761,Dallas,USA,35327.44,375,6616116020
CUST006936,Sarah Davis,customer6936@mail.com,+1-444-320-9800,Dallas,USA,7199.53,471,9149904383
CUST006937,Daniel Johnson,customer6937@mail.com,+1-444-345-9172,New York,USA,34358.78,408,2281002911
CUST006938,Emma Walker,customer6938@mail.com,+1-444-664-3919,Phoenix,USA,18777.39,422,4055500974
CUST006939,Ava Johnson,customer6939@mail.com,+1-444-438-3470,Phoenix,USA,23807.26,621,8697281106
CUST006940,Ava Clark,customer6940@mail.com,+1-444-828-9264,Chicago,USA,48859.89,550,8689682193
CUST006941,Olivia Wilson,customer6941@mail.com,+1-444-910-9670,Chicago,USA,40121.42,629,1469387632
CUST006942,John Clark,customer6942@mail.com,+1-444-868-5593,Phoenix,USA,19850.46,344,5827049254
CUST006943,Daniel Lewis,customer6943@mail.com,+1-444-246-9335,Phoenix,USA,5061.39,715,4946473532
CUST006944,James Clark,customer6944@mail.com,+1-444-526-7345,Phoenix,USA,26509.57,571,9550299689
CUST006945,Sophia Brown,customer6945@mail.com,+1-444-724-1275,New York,USA,26761.58,350,3788595412
CUST006946,John Hall,customer6946@mail.com,+1-444-219-8297,Chicago,USA,39885.55,790,1008367298
CUST006947,Sophia Clark,customer6947@mail.com,+1-444-481-2971,New York,USA,42984.62,551,9018022600
CUST006948,Emma Wilson,customer6948@mail.com,+1-444-618-5233,Phoenix,USA,18128.98,750,4613474777
CUST006949,John Brown,customer6949@mail.com,+1-444-805-8316,New York,USA,27578.43,464,3749388737
CUST006950,Ava Taylor,customer6950@mail.com,+1-444-748-3716,Dallas,USA,33396.02,444,7386230281
CUST006951,Sophia Brown,customer6951@mail.com,+1-444-958-2247,Dallas,USA,1473.14,337,8756677916
CUST006952,Sarah Lewis,customer6952@mail.com,+1-444-679-8253,Dallas,USA,48116.81,677,4393678088
CUST006953,Daniel Taylor,customer6953@mail.com,+1-444-190-2043,Phoenix,USA,12114.41,438,6717886263
CUST006954,Michael Taylor,customer6954@mail.com,+1-444-462-9473,Dallas,USA,9472.51,625,2465167704
CUST006955,David Taylor,customer6955@mail.com,+1-444-804-3936,New York,USA,11088.76,500,5779726937
CUST006956,Daniel Hall,customer6956@mail.com,+1-444-509-6957,Chicago,USA,20471.87,785,9425910366
CUST006957,Emma Davis,customer6957@mail.com,+1-444-360-2468,New York,USA,35204.63,499,1838880188
CUST006958,Emma Hall,customer6958@mail.com,+1-444-733-6073,New York,USA,12442.78,513,4957662483
CUST006959,Ava Brown,customer6959@mail.com,+1-444-247-5422,Phoenix,USA,36888.33,516,1703086573
CUST006960,Olivia Walker,customer6960@mail.com,+1-444-679-4751,Dallas,USA,12219.77,655,7345671794
CUST006961,Olivia Lewis,customer6961@mail.com,+1-444-587-2311,New York,USA,41827.2,549,4092343493
CUST006962,Emma Taylor,customer6962@mail.com,+1-444-527-1129,Chicago,USA,30726.95,719,9356295625
CUST006963,John Lewis,customer6963@mail.com,+1-444-203-4719,Phoenix,USA,15913.55,369,2555872458
CUST006964,Daniel Taylor,customer6964@mail.com,+1-444-985-5732,Chicago,USA,28369.34,473,1310209195
CUST006965,Ava Taylor,customer6965@mail.com,+1-444-737-5225,Chicago,USA,30204.08,843,1537393176
CUST006966,Emma Walker,customer6966@mail.com,+1-444-872-6128,Dallas,USA,31757.46,615,1467909177
CUST006967,Sarah Taylor,customer6967@mail.com,+1-444-246-6502,Phoenix,USA,19091.68,301,4371484175
CUST006968,Olivia Taylor,customer6968@mail.com,+1-444-288-4873,Dallas,USA,32067.87,325,2794307344
CUST006969,Emma Lewis,customer6969@mail.com,+1-444-155-8841,Chicago,USA,47530.38,847,3390053344
CUST006970,John Clark,customer6970@mail.com,+1-444-122-5279,New York,USA,4014.78,635,5679241040
CUST006971,David Smith,customer6971@mail.com,+1-444-397-8209,Dallas,USA,318.96,570,6813093963
CUST006972,Daniel Johnson,customer6972@mail.com,+1-444-529-7150,Dallas,USA,43880.12,597,1812413111
CUST006973,Daniel Hall,customer6973@mail.com,+1-444-819-3471,New York,USA,5138.91,505,3235135845
CUST006974,Emma Hall,customer6974@mail.com,+1-444-687-6484,New York,USA,23463.51,406,2807114222
CUST006975,James Wilson,customer6975@mail.com,+1-444-980-2434,New York,USA,41829.35,761,5500104874
CUST006976,Sophia Johnson,customer6976@mail.com,+1-444-466-5628,New York,USA,49687.74,671,9894287506
CUST006977,Ava Clark,customer6977@mail.com,+1-444-774-1707,Dallas,USA,14575.97,432,8242825833
CUST006978,Ava Johnson,customer6978@mail.com,+1-444-932-2682,Phoenix,USA,11506.13,322,5948012647
CUST006979,Daniel Taylor,customer6979@mail.com,+1-444-531-4355,New York,USA,20115.66,456,3288511917
CUST006980,Olivia Smith,customer6980@mail.com,+1-444-951-9113,Chicago,USA,21159.55,470,9705115280
CUST006981,Ava Johnson,customer6981@mail.com,+1-444-630-5720,New York,USA,19716.36,449,7768856300
CUST006982,David Walker,customer6982@mail.com,+1-444-377-6614,Dallas,USA,30378.66,467,5464049665
CUST006983,David Brown,customer6983@mail.com,+1-444-780-8034,New York,USA,8344.21,347,7375039749
CUST006984,Sophia Brown,customer6984@mail.com,+1-444-498-9784,New York,USA,16116.44,355,5465622715
CUST006985,Sarah Taylor,customer6985@mail.com,+1-444-892-2542,Phoenix,USA,4949.68,329,3932119982
CUST006986,Daniel Johnson,customer6986@mail.com,+1-444-463-3848,Chicago,USA,35312.21,416,2367566446
CUST006987,Sarah Brown,customer6987@mail.com,+1-444-672-5368,Chicago,USA,40826.75,399,4787415035
CUST006988,John Brown,customer6988@mail.com,+1-444-285-8947,New York,USA,29568.56,517,7490907784
CUST006989,Daniel Walker,customer6989@mail.com,+1-444-628-7230,New York,USA,36743.52,609,1510878695
CUST006990,Daniel Wilson,customer6990@mail.com,+1-444-983-9893,Phoenix,USA,4149.89,831,2231050151
CUST006991,Michael Johnson,customer6991@mail.com,+1-444-958-4701,Dallas,USA,27123.45,766,4586752441
CUST006992,Sophia Lewis,customer6992@mail.com,+1-444-177-8010,Chicago,USA,4243.78,620,8426593233
CUST006993,John Johnson,customer6993@mail.com,+1-444-978-7156,Dallas,USA,19777.1,408,3070467951
CUST006994,John Smith,customer6994@mail.com,+1-444-214-3665,Chicago,USA,46024.65,619,6224691885
CUST006995,James Johnson,customer6995@mail.com,+1-444-498-1033,Dallas,USA,8516.04,646,9104710982
CUST006996,Sarah Hall,customer6996@mail.com,+1-444-853-8006,New York,USA,36423.16,437,4341079494
CUST006997,Olivia Clark,customer6997@mail.com,+1-444-321-7025,New York,USA,47279.46,479,7408921692
CUST006998,Olivia Walker,customer6998@mail.com,+1-444-430-9616,Phoenix,USA,40520.6,484,5221688141
CUST006999,Ava Brown,customer6999@mail.com,+1-444-695-4643,Chicago,USA,10442.4,433,2883260320
CUST007000,Sophia Davis,customer7000@mail.com,+1-444-243-3248,Chicago,USA,36063.49,409,3393517426
CUST007001,James Johnson,customer7001@mail.com,+1-444-616-5218,Dallas,USA,6435.58,659,7013107757
CUST007002,Sarah Davis,customer7002@mail.com,+1-444-693-8325,New York,USA,13473.54,580,2908320693
CUST007003,John Taylor,customer7003@mail.com,+1-444-126-2961,Chicago,USA,34438.1,774,2683655213
CUST007004,Olivia Brown,customer7004@mail.com,+1-444-319-5545,Chicago,USA,18044.49,454,6296775193
CUST007005,Sarah Johnson,customer7005@mail.com,+1-444-443-9798,Chicago,USA,39043.84,692,8334214368
CUST007006,John Brown,customer7006@mail.com,+1-444-839-2370,Dallas,USA,13002.46,771,7216282849
CUST007007,James Davis,customer7007@mail.com,+1-444-376-2861,New York,USA,5264.36,809,4998607609
CUST007008,Daniel Hall,customer7008@mail.com,+1-444-129-9755,Chicago,USA,18452.63,734,4591324016
CUST007009,John Brown,customer7009@mail.com,+1-444-892-8045,Phoenix,USA,37957.61,819,2722280494
CUST007010,David Clark,customer7010@mail.com,+1-444-579-3403,Dallas,USA,10079.16,565,7397804345
CUST007011,Michael Wilson,customer7011@mail.com,+1-444-575-9435,Dallas,USA,15683.6,650,6072930328
CUST007012,Olivia Johnson,customer7012@mail.com,+1-444-573-7787,Chicago,USA,49342.8,770,9391398652
CUST007013,Michael Smith,customer7013@mail.com,+1-444-993-1641,New York,USA,11590.82,636,9599723331
CUST007014,Emma Davis,customer7014@mail.com,+1-444-589-9310,New York,USA,91.41,480,5682792111
CUST007015,Michael Smith,customer7015@mail.com,+1-444-448-3289,Chicago,USA,8829.07,573,2677891001
CUST007016,Michael Wilson,customer7016@mail.com,+1-444-942-7375,Chicago,USA,31465.23,479,5971845327
CUST007017,Michael Clark,customer7017@mail.com,+1-444-994-7427,Chicago,USA,33647.83,308,1238264952
CUST007018,Sarah Walker,customer7018@mail.com,+1-444-768-2748,Chicago,USA,13421.18,638,9593284099
CUST007019,Emma Johnson,customer7019@mail.com,+1-444-437-9909,Chicago,USA,7554.58,661,8602674767
CUST007020,Daniel Clark,customer7020@mail.com,+1-444-324-5592,New York,USA,9879.17,702,9941807655
CUST007021,David Clark,customer7021@mail.com,+1-444-414-8930,New York,USA,46909.48,779,4793667876
CUST007022,Sophia Walker,customer7022@mail.com,+1-444-840-4727,New York,USA,38835.44,364,1875108702
CUST007023,Sophia Clark,customer7023@mail.com,+1-444-848-2298,Phoenix,USA,21879.54,724,3629799932
CUST007024,Michael Smith,customer7024@mail.com,+1-444-611-3664,Phoenix,USA,11309.97,376,9821665157
CUST007025,Olivia Brown,customer7025@mail.com,+1-444-929-5949,New York,USA,13746.51,421,3929184725
CUST007026,James Davis,customer7026@mail.com,+1-444-184-8325,Chicago,USA,40983.05,456,8576993179
CUST007027,John Walker,customer7027@mail.com,+1-444-195-6529,New York,USA,46272.2,578,5443566134
CUST007028,Emma Walker,customer7028@mail.com,+1-444-964-6918,Chicago,USA,24704.62,342,1967891580
CUST007029,Sophia Wilson,customer7029@mail.com,+1-444-424-3232,Dallas,USA,5456.32,457,6561033770
CUST007030,John Walker,customer7030@mail.com,+1-444-814-6165,New York,USA,23654.45,778,2109935251
CUST007031,Ava Wilson,customer7031@mail.com,+1-444-822-9932,Chicago,USA,45654.28,425,9538004338
CUST007032,James Lewis,customer7032@mail.com,+1-444-832-5734,Phoenix,USA,30196.63,304,8930074730
CUST007033,Olivia Smith,customer7033@mail.com,+1-444-619-1631,New York,USA,12946.58,730,1233341861
CUST007034,Emma Johnson,customer7034@mail.com,+1-444-462-6784,New York,USA,3784.6,379,5843472257
CUST007035,Emma Smith,customer7035@mail.com,+1-444-932-4760,Phoenix,USA,47528.33,436,4783566539
CUST007036,David Walker,customer7036@mail.com,+1-444-625-3869,Chicago,USA,21140.38,325,2722755890
CUST007037,Sarah Clark,customer7037@mail.com,+1-444-523-8477,Phoenix,USA,1788.4,359,7200368726
CUST007038,Olivia Johnson,customer7038@mail.com,+1-444-956-5836,Dallas,USA,40534.62,796,8888818074
CUST007039,Olivia Davis,customer7039@mail.com,+1-444-615-9726,Chicago,USA,29344.67,419,4505154391
CUST007040,Michael Davis,customer7040@mail.com,+1-444-738-2357,New York,USA,17434.31,721,3552223034
CUST007041,James Smith,customer7041@mail.com,+1-444-318-9408,New York,USA,48773.46,414,6210803386
CUST007042,James Taylor,customer7042@mail.com,+1-444-906-5042,New York,USA,27427.77,806,5406464778
CUST007043,Emma Smith,customer7043@mail.com,+1-444-535-3689,Phoenix,USA,27722.04,768,1169353801
CUST007044,Daniel Lewis,customer7044@mail.com,+1-444-340-1030,Phoenix,USA,21022.81,302,3246241800
CUST007045,Michael Clark,customer7045@mail.com,+1-444-268-6601,Phoenix,USA,33456.63,808,2678245453
CUST007046,Emma Hall,customer7046@mail.com,+1-444-550-7522,Phoenix,USA,31995.47,489,6862968692
CUST007047,Sarah Walker,customer7047@mail.com,+1-444-164-6050,Phoenix,USA,47963.03,484,6995187297
CUST007048,Ava Davis,customer7048@mail.com,+1-444-216-7486,Dallas,USA,45957.58,474,1841334063
CUST007049,Emma Davis,customer7049@mail.com,+1-444-529-5342,New York,USA,9108.32,315,9634392977
CUST007050,Michael Walker,customer7050@mail.com,+1-444-373-7501,Chicago,USA,2727.46,472,7364687080
CUST007051,Sarah Johnson,customer7051@mail.com,+1-444-801-8109,Dallas,USA,30472.72,531,8485697556
CUST007052,Emma Walker,customer7052@mail.com,+1-444-607-3509,Chicago,USA,24393.03,814,8366512013
CUST007053,Emma Taylor,customer7053@mail.com,+1-444-193-5834,Dallas,USA,13663.61,637,8840894427
CUST007054,John Hall,customer7054@mail.com,+1-444-434-4081,Dallas,USA,37385.83,590,9010969537
CUST007055,Sarah Johnson,customer7055@mail.com,+1-444-497-6639,New York,USA,21960.76,451,6264688676
CUST007056,Ava Johnson,customer7056@mail.com,+1-444-761-5799,Phoenix,USA,15822.5,371,4812007954
CUST007057,Ava Lewis,customer7057@mail.com,+1-444-966-5312,New York,USA,11710.61,499,4682385388
CUST007058,David Hall,customer7058@mail.com,+1-444-629-7085,Phoenix,USA,28112.27,557,4723455458
CUST007059,David Taylor,customer7059@mail.com,+1-444-812-6035,Dallas,USA,8506.42,679,4057146617
CUST007060,Emma Lewis,customer7060@mail.com,+1-444-237-2946,New York,USA,44432.15,638,3685104175
CUST007061,Sophia Clark,customer7061@mail.com,+1-444-608-3929,New York,USA,39853.56,455,3337738708
CUST007062,Sarah Davis,customer7062@mail.com,+1-444-474-4882,Dallas,USA,41402.05,344,7691781760
CUST007063,Ava Taylor,customer7063@mail.com,+1-444-885-4221,Dallas,USA,11336.75,387,8693439129
CUST007064,John Brown,customer7064@mail.com,+1-444-812-1533,New York,USA,28086.16,827,1970643176
CUST007065,Daniel Wilson,customer7065@mail.com,+1-444-169-5955,New York,USA,34717.67,771,3761158853
CUST007066,Ava Taylor,customer7066@mail.com,+1-444-625-8708,Phoenix,USA,16639.78,648,8027733388
CUST007067,Sarah Hall,customer7067@mail.com,+1-444-737-5503,New York,USA,22906.92,475,1142149606
CUST007068,John Hall,customer7068@mail.com,+1-444-846-4331,Phoenix,USA,16026.15,641,4214757654
CUST007069,John Davis,customer7069@mail.com,+1-444-561-8756,Dallas,USA,5896.32,319,1092025108
CUST007070,Emma Walker,customer7070@mail.com,+1-444-840-4474,Chicago,USA,33312.12,411,8681889916
CUST007071,John Brown,customer7071@mail.com,+1-444-851-7973,Chicago,USA,3279.01,414,3013267090
CUST007072,John Clark,customer7072@mail.com,+1-444-980-7413,Dallas,USA,41041.72,326,2026764815
CUST007073,David Brown,customer7073@mail.com,+1-444-762-9392,New York,USA,485.86,438,8315713258
CUST007074,Olivia Clark,customer7074@mail.com,+1-444-685-2703,Chicago,USA,47914.37,441,5359362250
CUST007075,Ava Johnson,customer7075@mail.com,+1-444-799-2354,Phoenix,USA,18363.75,508,8889903038
CUST007076,Emma Hall,customer7076@mail.com,+1-444-191-2572,New York,USA,30468.86,309,4113191529
CUST007077,Daniel Clark,customer7077@mail.com,+1-444-491-8489,Phoenix,USA,49563.79,828,5047590945
CUST007078,Sarah Hall,customer7078@mail.com,+1-444-445-7554,Chicago,USA,42782.15,848,7621401954
CUST007079,Michael Walker,customer7079@mail.com,+1-444-906-2208,Dallas,USA,44617.72,572,5878678424
CUST007080,David Davis,customer7080@mail.com,+1-444-607-5255,Chicago,USA,3365.04,754,5327327709
CUST007081,Daniel Wilson,customer7081@mail.com,+1-444-764-4611,Chicago,USA,5502.86,330,7107547667
CUST007082,Olivia Smith,customer7082@mail.com,+1-444-582-5538,Dallas,USA,8294.15,828,2957471102
CUST007083,Olivia Taylor,customer7083@mail.com,+1-444-543-7575,Chicago,USA,18396.76,752,3953616863
CUST007084,Emma Johnson,customer7084@mail.com,+1-444-532-4477,Chicago,USA,46839.53,419,2383159507
CUST007085,Sarah Lewis,customer7085@mail.com,+1-444-893-9190,Phoenix,USA,11734.62,724,1785507769
CUST007086,Olivia Wilson,customer7086@mail.com,+1-444-312-6120,Chicago,USA,28656.75,797,5779094072
CUST007087,Michael Walker,customer7087@mail.com,+1-444-371-1959,Phoenix,USA,22442.05,538,4586920467
CUST007088,John Taylor,customer7088@mail.com,+1-444-440-5061,Dallas,USA,29274.15,395,1445944488
CUST007089,John Brown,customer7089@mail.com,+1-444-544-8247,New York,USA,40015.21,443,1317215819
CUST007090,James Smith,customer7090@mail.com,+1-444-289-2024,New York,USA,23093.56,635,6660240776
CUST007091,Ava Lewis,customer7091@mail.com,+1-444-538-5247,Dallas,USA,8365.44,850,3368948882
CUST007092,Michael Smith,customer7092@mail.com,+1-444-328-6222,Chicago,USA,39355.67,813,7726431962
CUST007093,Daniel Lewis,customer7093@mail.com,+1-444-991-6530,Phoenix,USA,44194.1,749,4206052709
CUST007094,Emma Taylor,customer7094@mail.com,+1-444-592-7064,New York,USA,2040.49,683,2036559775
CUST007095,James Brown,customer7095@mail.com,+1-444-120-4004,Chicago,USA,23962.45,549,3104625346
CUST007096,David Lewis,customer7096@mail.com,+1-444-492-9569,Phoenix,USA,7478.54,594,7292669818
CUST007097,Ava Smith,customer7097@mail.com,+1-444-895-3581,New York,USA,47460.79,449,4277298293
CUST007098,Sophia Hall,customer7098@mail.com,+1-444-262-6324,Phoenix,USA,41447.21,479,7575617109
CUST007099,John Taylor,customer7099@mail.com,+1-444-677-1344,New York,USA,45624.19,312,1152280638
CUST007100,David Clark,customer7100@mail.com,+1-444-757-2604,Dallas,USA,27283.45,325,6698344688
CUST007101,Michael Walker,customer7101@mail.com,+1-444-923-1347,Dallas,USA,26935.37,795,5932477024
CUST007102,James Johnson,customer7102@mail.com,+1-444-369-8814,Phoenix,USA,38577.6,511,1305102346
CUST007103,John Smith,customer7103@mail.com,+1-444-957-1589,Phoenix,USA,10577.3,516,1113825640
CUST007104,Sophia Brown,customer7104@mail.com,+1-444-619-8550,New York,USA,21418.35,609,9022878684
CUST007105,James Johnson,customer7105@mail.com,+1-444-878-4405,Chicago,USA,34239.98,835,6079850371
CUST007106,James Brown,customer7106@mail.com,+1-444-777-5497,Chicago,USA,25108.96,672,2475966956
CUST007107,James Davis,customer7107@mail.com,+1-444-559-8852,New York,USA,14371.33,451,1318668936
CUST007108,Ava Johnson,customer7108@mail.com,+1-444-777-5431,Phoenix,USA,44866.15,521,4213641309
CUST007109,Emma Walker,customer7109@mail.com,+1-444-914-6088,New York,USA,46831.96,711,6828867202
CUST007110,Olivia Hall,customer7110@mail.com,+1-444-828-5095,New York,USA,46311.08,384,4145745131
CUST007111,John Brown,customer7111@mail.com,+1-444-145-1213,Dallas,USA,37072.15,516,6599551074
CUST007112,John Lewis,customer7112@mail.com,+1-444-160-5036,Phoenix,USA,16126.17,506,5661344089
CUST007113,David Johnson,customer7113@mail.com,+1-444-407-9783,Chicago,USA,45628.73,676,8568184119
CUST007114,John Wilson,customer7114@mail.com,+1-444-333-3734,Dallas,USA,10819.86,568,4404705446
CUST007115,Ava Taylor,customer7115@mail.com,+1-444-712-1338,Dallas,USA,26045.81,788,2103939078
CUST007116,Ava Johnson,customer7116@mail.com,+1-444-223-4216,Dallas,USA,19625.0,616,2220623316
CUST007117,James Davis,customer7117@mail.com,+1-444-982-4785,Dallas,USA,40527.95,327,8560536186
CUST007118,Emma Smith,customer7118@mail.com,+1-444-787-2294,Phoenix,USA,19761.96,530,4303341564
CUST007119,Sarah Davis,customer7119@mail.com,+1-444-353-4374,New York,USA,20721.24,420,1586734983
CUST007120,Sophia Clark,customer7120@mail.com,+1-444-116-3268,Chicago,USA,16683.06,630,4563378463
CUST007121,James Davis,customer7121@mail.com,+1-444-145-4566,New York,USA,7402.38,490,3028373535
CUST007122,David Walker,customer7122@mail.com,+1-444-466-6989,Dallas,USA,38279.62,588,5071108804
CUST007123,Sophia Clark,customer7123@mail.com,+1-444-400-5227,Chicago,USA,43269.92,648,3750990027
CUST007124,David Lewis,customer7124@mail.com,+1-444-961-6991,Dallas,USA,17255.94,801,4902014872
CUST007125,Michael Clark,customer7125@mail.com,+1-444-369-6485,Dallas,USA,13808.42,657,7298242314
CUST007126,Olivia Clark,customer7126@mail.com,+1-444-253-1117,Chicago,USA,35354.4,333,2652616607
CUST007127,Ava Smith,customer7127@mail.com,+1-444-163-6413,Chicago,USA,47176.8,422,1744915559
CUST007128,Olivia Lewis,customer7128@mail.com,+1-444-207-9824,Dallas,USA,2739.91,653,1037689431
CUST007129,Daniel Taylor,customer7129@mail.com,+1-444-312-8179,Chicago,USA,9724.51,326,9775337193
CUST007130,John Walker,customer7130@mail.com,+1-444-526-2203,Chicago,USA,8703.61,447,3741623150
CUST007131,Sarah Brown,customer7131@mail.com,+1-444-230-4586,Chicago,USA,29818.98,391,5448284282
CUST007132,Michael Smith,customer7132@mail.com,+1-444-727-1945,New York,USA,21051.23,345,5938111313
CUST007133,Sarah Lewis,customer7133@mail.com,+1-444-133-2710,Chicago,USA,42385.87,427,5417740697
CUST007134,Ava Wilson,customer7134@mail.com,+1-444-511-5132,Dallas,USA,2770.44,360,9865061304
CUST007135,Olivia Davis,customer7135@mail.com,+1-444-579-6205,Dallas,USA,27961.02,452,7292486165
CUST007136,Ava Wilson,customer7136@mail.com,+1-444-664-2385,Dallas,USA,31651.91,607,8864705884
CUST007137,Daniel Brown,customer7137@mail.com,+1-444-104-7811,Phoenix,USA,6452.07,404,2305311443
CUST007138,Olivia Taylor,customer7138@mail.com,+1-444-313-2463,Phoenix,USA,887.14,358,5824051271
CUST007139,Ava Taylor,customer7139@mail.com,+1-444-333-6744,Dallas,USA,46898.59,630,5454257655
CUST007140,Sarah Hall,customer7140@mail.com,+1-444-231-1920,Dallas,USA,14432.53,604,9105920776
CUST007141,Ava Smith,customer7141@mail.com,+1-444-888-3729,Dallas,USA,38303.07,842,2808880414
CUST007142,John Brown,customer7142@mail.com,+1-444-462-6812,New York,USA,16159.07,336,1120577380
CUST007143,Olivia Davis,customer7143@mail.com,+1-444-323-2494,New York,USA,26983.97,604,4821091326
CUST007144,John Lewis,customer7144@mail.com,+1-444-436-3826,Phoenix,USA,43489.56,317,8595814767
CUST007145,Sarah Walker,customer7145@mail.com,+1-444-640-8733,Dallas,USA,15292.54,619,9317977582
CUST007146,Ava Wilson,customer7146@mail.com,+1-444-750-2891,Chicago,USA,14391.1,476,9059505393
CUST007147,James Taylor,customer7147@mail.com,+1-444-635-4608,New York,USA,37598.01,526,4338338279
CUST007148,John Brown,customer7148@mail.com,+1-444-171-4067,Phoenix,USA,20918.47,305,2568413674
CUST007149,Sarah Davis,customer7149@mail.com,+1-444-184-8446,New York,USA,19680.51,573,8049895075
CUST007150,Ava Brown,customer7150@mail.com,+1-444-686-9790,Chicago,USA,4317.31,816,3375918015
CUST007151,David Hall,customer7151@mail.com,+1-444-523-7350,New York,USA,28571.75,704,2177584815
CUST007152,John Lewis,customer7152@mail.com,+1-444-898-9409,Dallas,USA,277.67,770,4329281425
CUST007153,Sophia Walker,customer7153@mail.com,+1-444-707-2816,Chicago,USA,21315.46,513,9592048381
CUST007154,Daniel Lewis,customer7154@mail.com,+1-444-869-1174,Dallas,USA,18932.12,467,4783044105
CUST007155,Daniel Clark,customer7155@mail.com,+1-444-429-9855,Dallas,USA,13812.58,391,6434754432
CUST007156,Sophia Davis,customer7156@mail.com,+1-444-799-1705,Dallas,USA,23859.52,720,8355214349
CUST007157,Michael Hall,customer7157@mail.com,+1-444-546-6405,Dallas,USA,19785.84,618,8168529980
CUST007158,Daniel Walker,customer7158@mail.com,+1-444-377-5396,Dallas,USA,10549.22,629,3522687479
CUST007159,Emma Wilson,customer7159@mail.com,+1-444-342-4950,Chicago,USA,11270.59,656,1275864590
CUST007160,Sarah Lewis,customer7160@mail.com,+1-444-457-4890,Chicago,USA,35830.99,578,7448730457
CUST007161,David Davis,customer7161@mail.com,+1-444-430-9992,New York,USA,49332.71,818,8401044092
CUST007162,James Walker,customer7162@mail.com,+1-444-720-1392,Phoenix,USA,44973.33,456,1961341512
CUST007163,Michael Brown,customer7163@mail.com,+1-444-155-8153,Chicago,USA,41809.39,828,5697752075
CUST007164,Olivia Taylor,customer7164@mail.com,+1-444-607-6007,New York,USA,13718.23,810,7377582694
CUST007165,Emma Wilson,customer7165@mail.com,+1-444-959-9356,Phoenix,USA,24052.84,468,9498257936
CUST007166,Emma Smith,customer7166@mail.com,+1-444-229-2782,Dallas,USA,34058.32,740,2438167992
CUST007167,Olivia Hall,customer7167@mail.com,+1-444-315-8457,Chicago,USA,6241.27,352,2142158805
CUST007168,James Taylor,customer7168@mail.com,+1-444-275-8162,Chicago,USA,4139.98,604,7954646550
CUST007169,Michael Hall,customer7169@mail.com,+1-444-165-6636,Chicago,USA,45043.53,324,8966471856
CUST007170,Michael Johnson,customer7170@mail.com,+1-444-931-1875,Chicago,USA,9527.94,685,2420154701
CUST007171,Sarah Clark,customer7171@mail.com,+1-444-917-1905,Dallas,USA,35646.96,453,4444480277
CUST007172,Emma Lewis,customer7172@mail.com,+1-444-379-3239,Dallas,USA,37973.19,787,7377214422
CUST007173,David Smith,customer7173@mail.com,+1-444-572-5313,New York,USA,18488.25,523,6997777949
CUST007174,Sarah Davis,customer7174@mail.com,+1-444-880-3778,Phoenix,USA,14453.08,451,6695950705
CUST007175,Olivia Taylor,customer7175@mail.com,+1-444-513-3209,New York,USA,3747.07,383,3606006813
CUST007176,Ava Johnson,customer7176@mail.com,+1-444-670-3690,Chicago,USA,43499.3,717,9162754252
CUST007177,John Johnson,customer7177@mail.com,+1-444-963-5921,Chicago,USA,30245.32,769,9432444093
CUST007178,James Clark,customer7178@mail.com,+1-444-261-7150,Phoenix,USA,48527.35,583,2788965626
CUST007179,Emma Lewis,customer7179@mail.com,+1-444-336-7432,Dallas,USA,18728.02,593,1226991436
CUST007180,David Brown,customer7180@mail.com,+1-444-331-6855,New York,USA,18200.81,721,3258535368
CUST007181,Olivia Walker,customer7181@mail.com,+1-444-150-6482,Dallas,USA,39508.66,377,2078174205
CUST007182,David Smith,customer7182@mail.com,+1-444-365-8637,Phoenix,USA,35103.15,514,7075422566
CUST007183,Emma Brown,customer7183@mail.com,+1-444-103-5437,Phoenix,USA,20526.31,542,4334726150
CUST007184,Ava Taylor,customer7184@mail.com,+1-444-491-9361,New York,USA,28062.45,612,9430826280
CUST007185,Sarah Hall,customer7185@mail.com,+1-444-849-4427,Phoenix,USA,8339.17,805,5797659165
CUST007186,Daniel Wilson,customer7186@mail.com,+1-444-264-4325,Phoenix,USA,38482.83,660,4679178489
CUST007187,Emma Smith,customer7187@mail.com,+1-444-717-9416,Dallas,USA,48377.24,463,6250373695
CUST007188,Daniel Walker,customer7188@mail.com,+1-444-224-6180,Phoenix,USA,14615.18,365,6594131760
CUST007189,Sarah Clark,customer7189@mail.com,+1-444-855-5712,Phoenix,USA,12900.61,833,8158126232
CUST007190,James Brown,customer7190@mail.com,+1-444-163-5923,Chicago,USA,45752.93,672,6705717705
CUST007191,Michael Davis,customer7191@mail.com,+1-444-105-3216,Dallas,USA,49602.83,321,7094814453
CUST007192,Ava Brown,customer7192@mail.com,+1-444-506-2203,Chicago,USA,36337.55,669,6231883026
CUST007193,John Davis,customer7193@mail.com,+1-444-180-1413,Phoenix,USA,14039.3,625,4459430556
CUST007194,David Taylor,customer7194@mail.com,+1-444-683-7865,Dallas,USA,25198.07,638,7996854882
CUST007195,James Brown,customer7195@mail.com,+1-444-352-7622,Chicago,USA,15502.62,463,1283626493
CUST007196,Ava Walker,customer7196@mail.com,+1-444-204-6290,New York,USA,37878.06,301,7638595060
CUST007197,David Walker,customer7197@mail.com,+1-444-501-6327,Phoenix,USA,25442.9,744,1063620742
CUST007198,James Johnson,customer7198@mail.com,+1-444-899-5182,New York,USA,17430.1,604,5015080098
CUST007199,Olivia Johnson,customer7199@mail.com,+1-444-346-5369,Phoenix,USA,14536.41,551,8282174666
CUST007200,Michael Hall,customer7200@mail.com,+1-444-324-6170,New York,USA,6020.77,639,5818550406
CUST007201,Sophia Hall,customer7201@mail.com,+1-444-476-5147,New York,USA,27673.71,661,9149125245
CUST007202,Daniel Walker,customer7202@mail.com,+1-444-214-7149,Phoenix,USA,15558.26,843,9279984751
CUST007203,Sarah Johnson,customer7203@mail.com,+1-444-110-2775,Phoenix,USA,20714.12,715,1681285480
CUST007204,Michael Davis,customer7204@mail.com,+1-444-648-9439,New York,USA,18962.54,588,3839105551
CUST007205,Emma Walker,customer7205@mail.com,+1-444-246-8629,Dallas,USA,23810.29,650,8638603992
CUST007206,Sarah Hall,customer7206@mail.com,+1-444-128-7560,Chicago,USA,43685.11,394,6723461731
CUST007207,David Johnson,customer7207@mail.com,+1-444-595-1263,New York,USA,41372.99,427,3971651938
CUST007208,John Smith,customer7208@mail.com,+1-444-344-2362,Dallas,USA,9303.2,584,1485357180
CUST007209,David Clark,customer7209@mail.com,+1-444-824-2445,Chicago,USA,6897.05,418,8445102033
CUST007210,John Brown,customer7210@mail.com,+1-444-723-7442,New York,USA,29875.95,350,5731769917
CUST007211,James Smith,customer7211@mail.com,+1-444-462-6878,Chicago,USA,17226.0,433,7412135795
CUST007212,Michael Walker,customer7212@mail.com,+1-444-689-6115,New York,USA,39710.15,541,9367746682
CUST007213,Sarah Johnson,customer7213@mail.com,+1-444-426-6902,Chicago,USA,19540.1,484,2770824457
CUST007214,Ava Smith,customer7214@mail.com,+1-444-638-5639,New York,USA,37210.58,755,9311408346
CUST007215,Sarah Hall,customer7215@mail.com,+1-444-106-7295,Dallas,USA,46244.1,428,5566341659
CUST007216,Ava Brown,customer7216@mail.com,+1-444-566-3635,Dallas,USA,18963.27,828,9983828018
CUST007217,Olivia Brown,customer7217@mail.com,+1-444-448-9028,Chicago,USA,30487.33,686,7900849709
CUST007218,Michael Johnson,customer7218@mail.com,+1-444-936-6382,Phoenix,USA,30294.79,486,9211981177
CUST007219,Michael Brown,customer7219@mail.com,+1-444-408-6863,Chicago,USA,26187.06,634,1268526292
CUST007220,Emma Brown,customer7220@mail.com,+1-444-544-9591,Chicago,USA,5453.89,520,6481919889
CUST007221,Michael Davis,customer7221@mail.com,+1-444-971-2851,Dallas,USA,30517.78,369,9287305548
CUST007222,Sophia Taylor,customer7222@mail.com,+1-444-901-4296,Dallas,USA,11380.39,672,7131353944
CUST007223,Emma Taylor,customer7223@mail.com,+1-444-885-7027,Dallas,USA,49767.6,824,7632253608
CUST007224,Ava Lewis,customer7224@mail.com,+1-444-894-9788,New York,USA,350.13,770,1113584622
CUST007225,James Brown,customer7225@mail.com,+1-444-947-3989,Dallas,USA,19326.84,822,4070037750
CUST007226,David Taylor,customer7226@mail.com,+1-444-239-6838,Dallas,USA,18019.49,664,4881525986
CUST007227,Emma Davis,customer7227@mail.com,+1-444-576-2071,Phoenix,USA,6231.15,623,7417106277
CUST007228,David Davis,customer7228@mail.com,+1-444-571-1625,Chicago,USA,33649.28,753,1658484015
CUST007229,David Hall,customer7229@mail.com,+1-444-309-6454,Chicago,USA,46419.72,441,3672497852
CUST007230,Ava Smith,customer7230@mail.com,+1-444-529-8638,New York,USA,11480.38,356,1861146895
CUST007231,Sophia Walker,customer7231@mail.com,+1-444-153-2825,Chicago,USA,2348.53,716,4600703790
CUST007232,Ava Wilson,customer7232@mail.com,+1-444-652-1420,Chicago,USA,43527.18,767,4033029116
CUST007233,Ava Wilson,customer7233@mail.com,+1-444-805-6394,Chicago,USA,49193.18,705,1170394947
CUST007234,Sophia Hall,customer7234@mail.com,+1-444-625-2275,Phoenix,USA,1559.87,323,1511901919
CUST007235,Olivia Johnson,customer7235@mail.com,+1-444-444-1747,Dallas,USA,27216.8,351,8707144309
CUST007236,James Hall,customer7236@mail.com,+1-444-957-7662,Phoenix,USA,4205.34,503,9508898502
CUST007237,Olivia Taylor,customer7237@mail.com,+1-444-389-2508,Chicago,USA,46808.54,459,1569231453
CUST007238,David Wilson,customer7238@mail.com,+1-444-167-7212,Phoenix,USA,17797.58,419,2689451100
CUST007239,Michael Davis,customer7239@mail.com,+1-444-691-8765,Dallas,USA,8732.72,683,4519250701
CUST007240,Sophia Johnson,customer7240@mail.com,+1-444-394-6656,Dallas,USA,47368.52,431,5887380396
CUST007241,Michael Lewis,customer7241@mail.com,+1-444-120-1908,Dallas,USA,17391.81,305,6468695730
CUST007242,Daniel Clark,customer7242@mail.com,+1-444-152-9971,Chicago,USA,36526.99,490,5120091222
CUST007243,Emma Taylor,customer7243@mail.com,+1-444-937-2869,Chicago,USA,12656.32,444,2088093678
CUST007244,Olivia Taylor,customer7244@mail.com,+1-444-299-5525,Dallas,USA,29088.88,667,5903375754
CUST007245,Daniel Wilson,customer7245@mail.com,+1-444-362-4844,Phoenix,USA,30295.34,757,1359742031
CUST007246,John Brown,customer7246@mail.com,+1-444-162-1240,New York,USA,15917.5,522,8137920689
CUST007247,Daniel Hall,customer7247@mail.com,+1-444-583-9641,New York,USA,36524.29,488,8629279729
CUST007248,James Taylor,customer7248@mail.com,+1-444-494-9104,Chicago,USA,34082.78,629,8856765008
CUST007249,Michael Brown,customer7249@mail.com,+1-444-418-3113,Dallas,USA,47175.55,826,3015551458
CUST007250,Olivia Hall,customer7250@mail.com,+1-444-471-6268,Phoenix,USA,33860.42,549,6382108359
CUST007251,Michael Lewis,customer7251@mail.com,+1-444-375-4530,Phoenix,USA,20836.48,659,7995973446
CUST007252,Ava Lewis,customer7252@mail.com,+1-444-964-1893,Dallas,USA,3084.46,790,3205978965
CUST007253,Sarah Walker,customer7253@mail.com,+1-444-907-7038,Chicago,USA,4112.0,779,7423170786
CUST007254,Olivia Smith,customer7254@mail.com,+1-444-808-7966,Phoenix,USA,37300.19,784,9941210395
CUST007255,Michael Davis,customer7255@mail.com,+1-444-561-2947,Phoenix,USA,34682.18,356,8595509222
CUST007256,Emma Davis,customer7256@mail.com,+1-444-981-7025,Phoenix,USA,4236.87,337,9762646648
CUST007257,Ava Smith,customer7257@mail.com,+1-444-669-8392,Chicago,USA,3734.43,344,9829823361
CUST007258,Michael Taylor,customer7258@mail.com,+1-444-849-4223,Phoenix,USA,48302.14,839,9244160430
CUST007259,Sarah Davis,customer7259@mail.com,+1-444-100-2084,Dallas,USA,23697.41,314,6659990447
CUST007260,David Lewis,customer7260@mail.com,+1-444-951-9521,Chicago,USA,34762.83,457,3672210428
CUST007261,John Walker,customer7261@mail.com,+1-444-483-8735,Chicago,USA,1234.1,820,5747316254
CUST007262,James Lewis,customer7262@mail.com,+1-444-482-9947,Phoenix,USA,13580.12,453,1968457011
CUST007263,Ava Brown,customer7263@mail.com,+1-444-988-3463,Phoenix,USA,28067.17,397,9170536826
CUST007264,John Hall,customer7264@mail.com,+1-444-348-9783,New York,USA,28490.22,322,4942271732
CUST007265,Ava Lewis,customer7265@mail.com,+1-444-384-9821,Phoenix,USA,4182.61,441,9018343581
CUST007266,Daniel Taylor,customer7266@mail.com,+1-444-718-9309,Phoenix,USA,5336.53,546,9434873903
CUST007267,Sarah Smith,customer7267@mail.com,+1-444-588-9234,Phoenix,USA,19674.13,649,7290155946
CUST007268,David Lewis,customer7268@mail.com,+1-444-889-4954,Chicago,USA,37970.09,635,3779390703
CUST007269,Emma Lewis,customer7269@mail.com,+1-444-362-6176,Phoenix,USA,27796.89,600,8937740220
CUST007270,Olivia Walker,customer7270@mail.com,+1-444-793-2979,New York,USA,16458.54,796,7783771590
CUST007271,Olivia Davis,customer7271@mail.com,+1-444-523-1895,Phoenix,USA,49265.85,577,9980197739
CUST007272,Emma Wilson,customer7272@mail.com,+1-444-383-9796,Dallas,USA,28606.31,354,8615109728
CUST007273,David Brown,customer7273@mail.com,+1-444-449-2772,Phoenix,USA,27950.89,815,7839590988
CUST007274,Olivia Wilson,customer7274@mail.com,+1-444-757-2202,Phoenix,USA,6044.55,350,8904663337
CUST007275,Emma Lewis,customer7275@mail.com,+1-444-509-6594,Phoenix,USA,30792.49,307,6690911172
CUST007276,David Lewis,customer7276@mail.com,+1-444-875-4033,New York,USA,7708.05,554,9329575671
CUST007277,Michael Brown,customer7277@mail.com,+1-444-460-9935,Dallas,USA,4763.31,387,3847721513
CUST007278,James Walker,customer7278@mail.com,+1-444-743-8052,Chicago,USA,23257.11,405,4075201710
CUST007279,John Johnson,customer7279@mail.com,+1-444-242-2286,Chicago,USA,23985.46,729,2704754175
CUST007280,David Walker,customer7280@mail.com,+1-444-879-9497,Phoenix,USA,31883.09,386,3047442593
CUST007281,David Hall,customer7281@mail.com,+1-444-906-2483,Chicago,USA,12658.47,653,8545480215
CUST007282,Sarah Hall,customer7282@mail.com,+1-444-488-1591,New York,USA,34137.2,706,5106878780
CUST007283,Ava Lewis,customer7283@mail.com,+1-444-268-7651,Chicago,USA,11068.23,507,3201368724
CUST007284,Sophia Clark,customer7284@mail.com,+1-444-719-4202,Dallas,USA,41520.47,314,3101217957
CUST007285,Ava Clark,customer7285@mail.com,+1-444-951-9103,New York,USA,1589.46,839,1567177823
CUST007286,John Hall,customer7286@mail.com,+1-444-186-7549,New York,USA,8963.3,712,7268243140
CUST007287,Sophia Clark,customer7287@mail.com,+1-444-575-6588,New York,USA,40124.21,378,5517121164
CUST007288,Olivia Smith,customer7288@mail.com,+1-444-741-3637,New York,USA,12493.33,382,6316107853
CUST007289,David Brown,customer7289@mail.com,+1-444-339-6987,Chicago,USA,43735.8,333,4602762778
CUST007290,Emma Walker,customer7290@mail.com,+1-444-946-1060,Dallas,USA,37252.78,333,8102859661
CUST007291,Sarah Brown,customer7291@mail.com,+1-444-594-8677,New York,USA,24120.39,467,6765918617
CUST007292,James Johnson,customer7292@mail.com,+1-444-699-4079,Chicago,USA,10152.73,637,2988797521
CUST007293,Olivia Walker,customer7293@mail.com,+1-444-175-8452,Phoenix,USA,49598.7,461,7993730593
CUST007294,James Brown,customer7294@mail.com,+1-444-532-5545,Chicago,USA,13599.4,727,9434608317
CUST007295,Sophia Brown,customer7295@mail.com,+1-444-412-3361,Dallas,USA,32711.14,678,1034831448
CUST007296,John Walker,customer7296@mail.com,+1-444-527-8166,Dallas,USA,31446.64,397,6452899181
CUST007297,Sarah Wilson,customer7297@mail.com,+1-444-174-8752,Dallas,USA,18519.71,477,5951947639
CUST007298,Sophia Taylor,customer7298@mail.com,+1-444-255-5790,Chicago,USA,46238.87,487,2756265750
CUST007299,Sophia Clark,customer7299@mail.com,+1-444-531-9339,New York,USA,15219.4,421,6419000451
CUST007300,James Hall,customer7300@mail.com,+1-444-706-9671,Dallas,USA,22825.02,759,5925235106
CUST007301,Olivia Brown,customer7301@mail.com,+1-444-929-8590,Phoenix,USA,19725.98,499,9686742063
CUST007302,Daniel Johnson,customer7302@mail.com,+1-444-243-6094,Phoenix,USA,15252.83,365,7721420020
CUST007303,Michael Hall,customer7303@mail.com,+1-444-326-6632,Phoenix,USA,10718.18,496,1345364377
CUST007304,Emma Clark,customer7304@mail.com,+1-444-176-1590,Dallas,USA,30702.53,556,4167076497
CUST007305,Sarah Smith,customer7305@mail.com,+1-444-722-5446,Chicago,USA,677.38,659,5185124972
CUST007306,Sophia Lewis,customer7306@mail.com,+1-444-257-2540,Chicago,USA,21291.37,654,9122274883
CUST007307,Michael Wilson,customer7307@mail.com,+1-444-984-1887,Chicago,USA,42729.92,819,8208704335
CUST007308,Daniel Lewis,customer7308@mail.com,+1-444-174-8787,Phoenix,USA,48473.22,491,7248312304
CUST007309,Sarah Brown,customer7309@mail.com,+1-444-778-7768,Chicago,USA,25323.71,747,4769305450
CUST007310,John Hall,customer7310@mail.com,+1-444-103-9258,Chicago,USA,43780.29,795,7271356723
CUST007311,James Davis,customer7311@mail.com,+1-444-405-4048,Chicago,USA,7129.91,823,1426241484
CUST007312,Daniel Clark,customer7312@mail.com,+1-444-457-4355,Dallas,USA,23751.05,712,3473132179
CUST007313,John Taylor,customer7313@mail.com,+1-444-552-2665,Dallas,USA,35774.41,398,2083383824
CUST007314,Olivia Walker,customer7314@mail.com,+1-444-118-4006,Dallas,USA,20518.15,626,9287708918
CUST007315,Sarah Wilson,customer7315@mail.com,+1-444-536-9114,Phoenix,USA,28382.38,849,5250335515
CUST007316,Daniel Clark,customer7316@mail.com,+1-444-833-4419,Phoenix,USA,46586.05,637,9610652589
CUST007317,Daniel Wilson,customer7317@mail.com,+1-444-241-6997,Chicago,USA,1134.6,563,9159025159
CUST007318,John Taylor,customer7318@mail.com,+1-444-313-3336,New York,USA,26792.13,417,9262771866
CUST007319,James Clark,customer7319@mail.com,+1-444-165-3864,Phoenix,USA,18568.29,571,3285891995
CUST007320,Olivia Walker,customer7320@mail.com,+1-444-278-3361,New York,USA,10798.34,796,8358336771
CUST007321,Emma Davis,customer7321@mail.com,+1-444-491-2681,Chicago,USA,44819.66,613,6774716099
CUST007322,Olivia Hall,customer7322@mail.com,+1-444-967-6784,New York,USA,15458.7,419,3049496321
CUST007323,John Johnson,customer7323@mail.com,+1-444-152-1711,Chicago,USA,44113.54,535,5225926328
CUST007324,Emma Walker,customer7324@mail.com,+1-444-308-4550,Chicago,USA,13090.8,477,2669717224
CUST007325,Ava Taylor,customer7325@mail.com,+1-444-523-8960,Dallas,USA,47529.02,541,3712147707
CUST007326,Michael Wilson,customer7326@mail.com,+1-444-227-1808,New York,USA,46091.92,641,8585603843
CUST007327,Daniel Hall,customer7327@mail.com,+1-444-221-9953,Dallas,USA,23887.52,446,8564686063
CUST007328,Daniel Davis,customer7328@mail.com,+1-444-900-2429,Dallas,USA,47679.4,504,5266080653
CUST007329,John Walker,customer7329@mail.com,+1-444-889-7365,Phoenix,USA,45368.03,640,1919156246
CUST007330,Ava Lewis,customer7330@mail.com,+1-444-915-7698,Chicago,USA,2366.24,332,5985585920
CUST007331,Olivia Hall,customer7331@mail.com,+1-444-781-6619,Chicago,USA,15004.74,474,9652153749
CUST007332,David Davis,customer7332@mail.com,+1-444-668-9632,New York,USA,3122.25,729,2825469630
CUST007333,David Smith,customer7333@mail.com,+1-444-644-4561,New York,USA,37937.8,720,9453367232
CUST007334,Ava Brown,customer7334@mail.com,+1-444-557-2755,Chicago,USA,33698.57,572,7488352930
CUST007335,Daniel Hall,customer7335@mail.com,+1-444-885-9261,Dallas,USA,46998.16,807,6475967920
CUST007336,James Davis,customer7336@mail.com,+1-444-632-2902,Chicago,USA,30871.58,637,9867763746
CUST007337,Olivia Clark,customer7337@mail.com,+1-444-731-4207,New York,USA,44567.6,763,9611813484
CUST007338,James Lewis,customer7338@mail.com,+1-444-536-4981,Chicago,USA,5396.9,504,4102346205
CUST007339,Olivia Johnson,customer7339@mail.com,+1-444-796-4603,Chicago,USA,21179.24,570,6909259955
CUST007340,Sophia Davis,customer7340@mail.com,+1-444-498-9595,New York,USA,8919.39,363,5696194133
CUST007341,David Hall,customer7341@mail.com,+1-444-942-5219,Dallas,USA,25694.07,387,2363278539
CUST007342,Sophia Taylor,customer7342@mail.com,+1-444-237-5972,New York,USA,34747.72,664,5470743297
CUST007343,Sarah Taylor,customer7343@mail.com,+1-444-427-8768,Chicago,USA,26761.96,474,7035074865
CUST007344,John Smith,customer7344@mail.com,+1-444-654-2486,Phoenix,USA,23986.5,412,5686114593
CUST007345,David Johnson,customer7345@mail.com,+1-444-714-3035,New York,USA,41388.43,333,3225446187
CUST007346,Sarah Smith,customer7346@mail.com,+1-444-179-5355,Chicago,USA,49692.3,649,8083765226
CUST007347,Sophia Hall,customer7347@mail.com,+1-444-902-7380,New York,USA,3725.85,580,7538373658
CUST007348,Olivia Clark,customer7348@mail.com,+1-444-479-4611,Dallas,USA,8841.05,731,2708389621
CUST007349,Michael Wilson,customer7349@mail.com,+1-444-412-2651,Phoenix,USA,4531.08,709,4678749915
CUST007350,Emma Walker,customer7350@mail.com,+1-444-748-9240,New York,USA,10446.59,777,9290343623
CUST007351,John Brown,customer7351@mail.com,+1-444-841-4042,Phoenix,USA,44474.11,802,3087720424
CUST007352,Daniel Brown,customer7352@mail.com,+1-444-106-1045,Dallas,USA,39419.75,633,8772834141
CUST007353,David Clark,customer7353@mail.com,+1-444-799-5431,Phoenix,USA,44004.13,600,9978955808
CUST007354,John Hall,customer7354@mail.com,+1-444-767-5977,Phoenix,USA,40693.55,785,8471113381
CUST007355,James Hall,customer7355@mail.com,+1-444-922-4587,Dallas,USA,11587.3,359,7744007744
CUST007356,Daniel Davis,customer7356@mail.com,+1-444-766-4408,Chicago,USA,22624.52,391,5044600969
CUST007357,David Clark,customer7357@mail.com,+1-444-726-4917,Phoenix,USA,34914.04,780,4458422121
CUST007358,Emma Clark,customer7358@mail.com,+1-444-695-9977,Chicago,USA,22717.1,639,7258927922
CUST007359,John Wilson,customer7359@mail.com,+1-444-531-3727,Phoenix,USA,21425.7,353,7636016105
CUST007360,James Taylor,customer7360@mail.com,+1-444-133-5863,Dallas,USA,43317.22,674,4978111536
CUST007361,Michael Johnson,customer7361@mail.com,+1-444-226-4869,Chicago,USA,38711.96,328,3846715300
CUST007362,Emma Taylor,customer7362@mail.com,+1-444-656-2057,Chicago,USA,16773.66,390,3227131797
CUST007363,Sophia Brown,customer7363@mail.com,+1-444-441-1907,Dallas,USA,10389.87,347,6807530804
CUST007364,David Smith,customer7364@mail.com,+1-444-669-8759,Phoenix,USA,42181.52,684,5231751296
CUST007365,Olivia Taylor,customer7365@mail.com,+1-444-136-4812,Phoenix,USA,22989.8,544,4418962312
CUST007366,Sophia Davis,customer7366@mail.com,+1-444-200-4286,Phoenix,USA,28279.74,668,4584139180
CUST007367,Olivia Hall,customer7367@mail.com,+1-444-847-5601,Dallas,USA,13570.72,643,2469001180
CUST007368,Olivia Taylor,customer7368@mail.com,+1-444-578-6967,Dallas,USA,45355.37,363,8726384728
CUST007369,James Lewis,customer7369@mail.com,+1-444-450-2204,New York,USA,47431.82,326,4084811362
CUST007370,Emma Hall,customer7370@mail.com,+1-444-229-8027,Phoenix,USA,47956.76,474,9093994348
CUST007371,Michael Lewis,customer7371@mail.com,+1-444-642-7434,Phoenix,USA,14047.38,847,4444935176
CUST007372,Daniel Wilson,customer7372@mail.com,+1-444-548-6973,New York,USA,11629.7,351,9468817125
CUST007373,Sophia Davis,customer7373@mail.com,+1-444-860-4802,Dallas,USA,26096.34,619,6410579790
CUST007374,Emma Davis,customer7374@mail.com,+1-444-191-3098,Dallas,USA,25088.55,586,1868882433
CUST007375,Olivia Taylor,customer7375@mail.com,+1-444-759-9449,Phoenix,USA,7353.55,754,2367960611
CUST007376,Daniel Smith,customer7376@mail.com,+1-444-496-2364,Dallas,USA,8120.43,427,7815719976
CUST007377,Sarah Smith,customer7377@mail.com,+1-444-404-4503,Dallas,USA,22550.88,422,7728910755
CUST007378,Sophia Brown,customer7378@mail.com,+1-444-215-7952,Phoenix,USA,19490.47,775,2706310730
CUST007379,David Walker,customer7379@mail.com,+1-444-194-5531,Dallas,USA,2108.6,424,9879942524
CUST007380,Sarah Walker,customer7380@mail.com,+1-444-285-2114,Chicago,USA,25087.14,384,5925191313
CUST007381,John Walker,customer7381@mail.com,+1-444-926-6560,Chicago,USA,19003.7,465,3976121170
CUST007382,Daniel Smith,customer7382@mail.com,+1-444-291-6598,Chicago,USA,18703.56,721,6576734938
CUST007383,Emma Johnson,customer7383@mail.com,+1-444-563-6247,Chicago,USA,44469.07,451,8809041192
CUST007384,Olivia Clark,customer7384@mail.com,+1-444-989-9175,New York,USA,27921.22,415,1838874178
CUST007385,Daniel Taylor,customer7385@mail.com,+1-444-641-3525,Chicago,USA,6690.47,401,3468911547
CUST007386,David Hall,customer7386@mail.com,+1-444-887-6106,Chicago,USA,41728.36,833,6044842312
CUST007387,Sarah Davis,customer7387@mail.com,+1-444-973-1136,Chicago,USA,34003.8,497,7631897221
CUST007388,John Hall,customer7388@mail.com,+1-444-910-2601,New York,USA,271.74,466,2323816757
CUST007389,Ava Lewis,customer7389@mail.com,+1-444-142-9201,Chicago,USA,22921.29,382,1404087439
CUST007390,David Hall,customer7390@mail.com,+1-444-169-9853,Phoenix,USA,7744.13,541,4169808059
CUST007391,Michael Johnson,customer7391@mail.com,+1-444-442-1442,New York,USA,14959.78,505,9253034561
CUST007392,Emma Lewis,customer7392@mail.com,+1-444-143-8908,Dallas,USA,34335.19,717,9319812482
CUST007393,John Smith,customer7393@mail.com,+1-444-359-8305,Phoenix,USA,31960.35,722,1027346837
CUST007394,Michael Brown,customer7394@mail.com,+1-444-966-1710,Chicago,USA,11759.37,586,4811514988
CUST007395,Ava Davis,customer7395@mail.com,+1-444-643-9420,Chicago,USA,4114.29,662,2452771773
CUST007396,Daniel Wilson,customer7396@mail.com,+1-444-959-5706,Chicago,USA,48832.76,418,1286487557
CUST007397,Michael Clark,customer7397@mail.com,+1-444-657-9871,Dallas,USA,10252.48,366,6470907138
CUST007398,Michael Taylor,customer7398@mail.com,+1-444-225-9026,Chicago,USA,43879.3,554,5637011565
CUST007399,John Walker,customer7399@mail.com,+1-444-763-3395,Dallas,USA,11017.05,536,5351637166
CUST007400,Sophia Taylor,customer7400@mail.com,+1-444-941-9285,Dallas,USA,17571.62,572,8353617145
CUST007401,Emma Smith,customer7401@mail.com,+1-444-200-6762,Dallas,USA,12024.97,365,4960711691
CUST007402,Daniel Lewis,customer7402@mail.com,+1-444-533-9998,Dallas,USA,37396.08,728,5628223104
CUST007403,Emma Hall,customer7403@mail.com,+1-444-934-5712,Dallas,USA,17281.06,753,6585930717
CUST007404,Michael Lewis,customer7404@mail.com,+1-444-687-4715,New York,USA,47312.86,544,2035664216
CUST007405,Daniel Hall,customer7405@mail.com,+1-444-209-3727,Chicago,USA,20509.55,485,7209118612
CUST007406,Olivia Davis,customer7406@mail.com,+1-444-567-6924,Dallas,USA,21754.93,707,2650089102
CUST007407,David Taylor,customer7407@mail.com,+1-444-310-2180,Chicago,USA,16614.68,804,6913209221
CUST007408,Sophia Clark,customer7408@mail.com,+1-444-196-5313,New York,USA,31831.07,613,7140126986
CUST007409,Sophia Lewis,customer7409@mail.com,+1-444-647-6085,Phoenix,USA,1323.96,573,6736364143
CUST007410,Sophia Smith,customer7410@mail.com,+1-444-904-6048,Phoenix,USA,21449.91,771,3380378446
CUST007411,James Johnson,customer7411@mail.com,+1-444-252-8983,New York,USA,37191.2,636,6526668097
CUST007412,James Lewis,customer7412@mail.com,+1-444-304-2020,Dallas,USA,44973.52,420,1758918239
CUST007413,Olivia Lewis,customer7413@mail.com,+1-444-232-5357,Chicago,USA,746.31,821,2196073440
CUST007414,Emma Smith,customer7414@mail.com,+1-444-132-6139,Chicago,USA,764.75,429,6759103194
CUST007415,James Walker,customer7415@mail.com,+1-444-589-4450,Chicago,USA,37839.19,624,6121928435
CUST007416,Emma Davis,customer7416@mail.com,+1-444-360-3234,Chicago,USA,26128.38,542,2435920334
CUST007417,David Brown,customer7417@mail.com,+1-444-857-7168,Phoenix,USA,26269.8,587,1127149925
CUST007418,Emma Hall,customer7418@mail.com,+1-444-813-1124,Dallas,USA,39761.49,833,9057503138
CUST007419,Michael Taylor,customer7419@mail.com,+1-444-349-4417,Chicago,USA,48827.34,427,2373260130
CUST007420,Ava Hall,customer7420@mail.com,+1-444-707-7202,New York,USA,8785.62,850,4633890501
CUST007421,Daniel Smith,customer7421@mail.com,+1-444-523-1004,Chicago,USA,39016.08,700,6684552863
CUST007422,Emma Walker,customer7422@mail.com,+1-444-789-1765,Dallas,USA,24590.7,770,5777005502
CUST007423,Sophia Taylor,customer7423@mail.com,+1-444-572-2975,New York,USA,12699.73,585,9704311880
CUST007424,Daniel Clark,customer7424@mail.com,+1-444-169-8812,Chicago,USA,32082.27,364,7975263750
CUST007425,Sophia Wilson,customer7425@mail.com,+1-444-771-1889,Phoenix,USA,31644.79,800,7291124897
CUST007426,Sarah Walker,customer7426@mail.com,+1-444-641-7638,Phoenix,USA,19299.64,330,1774292416
CUST007427,Daniel Taylor,customer7427@mail.com,+1-444-366-1174,Dallas,USA,14574.31,436,2979994618
CUST007428,Sophia Brown,customer7428@mail.com,+1-444-966-8796,New York,USA,47412.82,370,8625845727
CUST007429,John Lewis,customer7429@mail.com,+1-444-612-1151,Phoenix,USA,1015.9,482,9492822776
CUST007430,John Lewis,customer7430@mail.com,+1-444-898-9054,Chicago,USA,48104.98,687,5793740948
CUST007431,Daniel Clark,customer7431@mail.com,+1-444-477-5949,Chicago,USA,637.33,536,4182569524
CUST007432,Emma Brown,customer7432@mail.com,+1-444-451-4084,Chicago,USA,42715.86,390,3836460548
CUST007433,Ava Davis,customer7433@mail.com,+1-444-781-3075,Phoenix,USA,15193.22,731,9466440338
CUST007434,James Lewis,customer7434@mail.com,+1-444-887-4599,Chicago,USA,5961.68,520,6506383221
CUST007435,Michael Wilson,customer7435@mail.com,+1-444-567-5656,Dallas,USA,28487.18,747,7061539026
CUST007436,Sophia Brown,customer7436@mail.com,+1-444-226-6163,Dallas,USA,10339.97,397,3078447118
CUST007437,Daniel Clark,customer7437@mail.com,+1-444-450-8794,New York,USA,7124.03,771,9032691634
CUST007438,David Walker,customer7438@mail.com,+1-444-596-9960,New York,USA,31893.84,566,7570297944
CUST007439,Daniel Lewis,customer7439@mail.com,+1-444-530-1198,Dallas,USA,43084.25,321,9180328291
CUST007440,David Lewis,customer7440@mail.com,+1-444-409-1242,Chicago,USA,45054.94,626,4536461137
CUST007441,James Taylor,customer7441@mail.com,+1-444-774-9904,New York,USA,29715.98,723,9947994880
CUST007442,John Clark,customer7442@mail.com,+1-444-995-6500,Chicago,USA,22314.57,363,5647715361
CUST007443,Michael Wilson,customer7443@mail.com,+1-444-294-1829,Dallas,USA,10720.29,761,3407830967
CUST007444,James Hall,customer7444@mail.com,+1-444-166-3589,Chicago,USA,25866.47,361,2000078876
CUST007445,Emma Taylor,customer7445@mail.com,+1-444-374-9202,Dallas,USA,23202.99,723,5648606513
CUST007446,Ava Wilson,customer7446@mail.com,+1-444-515-1484,New York,USA,4864.18,655,6525059051
CUST007447,David Davis,customer7447@mail.com,+1-444-181-6921,Phoenix,USA,348.4,481,6351694830
CUST007448,David Brown,customer7448@mail.com,+1-444-840-9933,New York,USA,34971.68,843,1028525162
CUST007449,John Lewis,customer7449@mail.com,+1-444-776-1099,Chicago,USA,22268.37,652,5669682006
CUST007450,James Wilson,customer7450@mail.com,+1-444-613-4488,Phoenix,USA,15180.61,542,4880916727
CUST007451,Emma Davis,customer7451@mail.com,+1-444-588-9640,Phoenix,USA,29713.29,376,9599866720
CUST007452,James Lewis,customer7452@mail.com,+1-444-861-4517,Phoenix,USA,34274.05,840,5392049046
CUST007453,Sarah Smith,customer7453@mail.com,+1-444-864-3547,Dallas,USA,10292.02,408,7107418735
CUST007454,Sophia Clark,customer7454@mail.com,+1-444-961-4708,Chicago,USA,23577.84,357,1861189560
CUST007455,Michael Johnson,customer7455@mail.com,+1-444-486-8178,Chicago,USA,13080.76,458,3930381589
CUST007456,James Hall,customer7456@mail.com,+1-444-572-4857,Phoenix,USA,1661.72,761,3854023316
CUST007457,Sarah Smith,customer7457@mail.com,+1-444-449-7520,New York,USA,4179.82,727,2855201091
CUST007458,Emma Lewis,customer7458@mail.com,+1-444-356-4531,Chicago,USA,46618.6,606,7555906192
CUST007459,Olivia Davis,customer7459@mail.com,+1-444-868-3540,Phoenix,USA,21345.7,543,7068878329
CUST007460,Michael Brown,customer7460@mail.com,+1-444-714-4114,Chicago,USA,8573.02,830,5730770027
CUST007461,Sophia Brown,customer7461@mail.com,+1-444-717-6783,Phoenix,USA,21751.86,321,2708402520
CUST007462,James Brown,customer7462@mail.com,+1-444-293-2065,Dallas,USA,12473.41,437,6482796212
CUST007463,Olivia Walker,customer7463@mail.com,+1-444-761-7687,Phoenix,USA,44184.59,430,8780367528
CUST007464,Olivia Johnson,customer7464@mail.com,+1-444-470-5867,Dallas,USA,38584.36,384,3455820210
CUST007465,Ava Davis,customer7465@mail.com,+1-444-823-6160,Phoenix,USA,23098.56,342,4667319803
CUST007466,Sarah Wilson,customer7466@mail.com,+1-444-503-9326,Chicago,USA,48748.3,778,5683825909
CUST007467,James Lewis,customer7467@mail.com,+1-444-627-6525,Phoenix,USA,22367.4,783,3432277512
CUST007468,Emma Walker,customer7468@mail.com,+1-444-490-3133,Phoenix,USA,2204.28,568,7874234952
CUST007469,Sophia Hall,customer7469@mail.com,+1-444-777-4836,New York,USA,10525.34,443,2056584678
CUST007470,Emma Hall,customer7470@mail.com,+1-444-740-9353,New York,USA,39960.2,830,1481895603
CUST007471,David Smith,customer7471@mail.com,+1-444-735-3550,Chicago,USA,30195.62,421,9303823995
CUST007472,James Wilson,customer7472@mail.com,+1-444-968-9587,New York,USA,37601.36,755,3413725415
CUST007473,Olivia Clark,customer7473@mail.com,+1-444-705-1824,Dallas,USA,23152.28,393,1805099842
CUST007474,Emma Lewis,customer7474@mail.com,+1-444-236-6017,Phoenix,USA,20299.36,313,6662535660
CUST007475,Olivia Davis,customer7475@mail.com,+1-444-279-7650,Dallas,USA,493.42,301,5510490332
CUST007476,Daniel Clark,customer7476@mail.com,+1-444-697-3089,New York,USA,7513.75,623,3520716022
CUST007477,Olivia Johnson,customer7477@mail.com,+1-444-787-5519,Dallas,USA,30809.81,309,7840498075
CUST007478,Emma Lewis,customer7478@mail.com,+1-444-812-6706,Chicago,USA,39808.3,662,1325869845
CUST007479,Michael Smith,customer7479@mail.com,+1-444-484-2872,Dallas,USA,42552.18,537,9041130051
CUST007480,John Smith,customer7480@mail.com,+1-444-793-8125,New York,USA,33095.89,482,7253776986
CUST007481,John Hall,customer7481@mail.com,+1-444-764-2485,New York,USA,39257.3,617,1323168885
CUST007482,Sophia Smith,customer7482@mail.com,+1-444-158-7363,Chicago,USA,9760.71,828,1838394918
CUST007483,John Wilson,customer7483@mail.com,+1-444-188-9823,Dallas,USA,32894.76,479,1357473466
CUST007484,Michael Brown,customer7484@mail.com,+1-444-176-7158,Chicago,USA,10273.31,828,1674053133
CUST007485,James Davis,customer7485@mail.com,+1-444-132-5344,Phoenix,USA,38878.92,433,1617438142
CUST007486,Emma Hall,customer7486@mail.com,+1-444-831-2718,Phoenix,USA,5588.36,745,8648944946
CUST007487,Ava Taylor,customer7487@mail.com,+1-444-913-5228,Chicago,USA,25231.19,412,5615287150
CUST007488,Sophia Wilson,customer7488@mail.com,+1-444-687-3842,New York,USA,41968.01,808,5531417175
CUST007489,Daniel Walker,customer7489@mail.com,+1-444-869-3937,New York,USA,34695.2,344,6160086227
CUST007490,Michael Taylor,customer7490@mail.com,+1-444-140-2496,Dallas,USA,48375.72,502,8334087042
CUST007491,John Clark,customer7491@mail.com,+1-444-566-1479,Dallas,USA,29856.44,504,3607265142
CUST007492,Daniel Clark,customer7492@mail.com,+1-444-863-9586,New York,USA,28224.22,317,7454245912
CUST007493,Daniel Clark,customer7493@mail.com,+1-444-734-3167,Phoenix,USA,21138.44,830,9826931389
CUST007494,David Lewis,customer7494@mail.com,+1-444-310-6043,Phoenix,USA,6735.55,434,3666737539
CUST007495,James Taylor,customer7495@mail.com,+1-444-733-6662,Dallas,USA,4386.33,368,5540340093
CUST007496,James Smith,customer7496@mail.com,+1-444-382-5680,Dallas,USA,22197.26,447,8947783258
CUST007497,Daniel Smith,customer7497@mail.com,+1-444-981-9842,New York,USA,17340.5,373,1598411161
CUST007498,Sarah Brown,customer7498@mail.com,+1-444-908-7794,New York,USA,8389.25,454,1125584746
CUST007499,Daniel Walker,customer7499@mail.com,+1-444-112-1339,Phoenix,USA,34939.71,495,5905840248
CUST007500,Olivia Walker,customer7500@mail.com,+1-444-371-7639,Dallas,USA,31812.84,336,8805049071
CUST007501,John Lewis,customer7501@mail.com,+1-444-519-5570,Dallas,USA,31181.62,801,8978628746
CUST007502,David Taylor,customer7502@mail.com,+1-444-138-3603,New York,USA,44003.56,519,4460732025
CUST007503,Sarah Johnson,customer7503@mail.com,+1-444-612-4247,New York,USA,38526.35,545,9967409947
CUST007504,Ava Hall,customer7504@mail.com,+1-444-195-9398,New York,USA,35080.66,452,9492534018
CUST007505,John Walker,customer7505@mail.com,+1-444-706-1577,Phoenix,USA,20370.87,543,5400365865
CUST007506,James Taylor,customer7506@mail.com,+1-444-859-3586,Phoenix,USA,2739.67,779,8555518928
CUST007507,John Brown,customer7507@mail.com,+1-444-453-1316,Phoenix,USA,37787.24,679,2107283967
CUST007508,Ava Davis,customer7508@mail.com,+1-444-390-4958,Dallas,USA,17550.58,422,9876302706
CUST007509,Sarah Brown,customer7509@mail.com,+1-444-461-1350,Phoenix,USA,17381.67,694,2518433200
CUST007510,John Wilson,customer7510@mail.com,+1-444-169-1808,Phoenix,USA,2297.7,809,6782315464
CUST007511,Emma Hall,customer7511@mail.com,+1-444-178-1381,Dallas,USA,19534.57,793,1450683349
CUST007512,John Walker,customer7512@mail.com,+1-444-867-2956,Dallas,USA,23968.3,413,8381884242
CUST007513,David Taylor,customer7513@mail.com,+1-444-528-9565,New York,USA,8950.88,553,4248756685
CUST007514,Sophia Hall,customer7514@mail.com,+1-444-789-6195,New York,USA,19333.17,846,2764209164
CUST007515,Olivia Hall,customer7515@mail.com,+1-444-472-1553,Phoenix,USA,39341.07,394,1756513812
CUST007516,Daniel Walker,customer7516@mail.com,+1-444-309-5597,Dallas,USA,31888.83,541,3006720653
CUST007517,Michael Brown,customer7517@mail.com,+1-444-431-4889,New York,USA,21596.19,801,1173804320
CUST007518,James Smith,customer7518@mail.com,+1-444-434-9853,Phoenix,USA,15790.5,406,8451380245
CUST007519,James Wilson,customer7519@mail.com,+1-444-342-3563,Chicago,USA,19707.91,449,6104817267
CUST007520,James Brown,customer7520@mail.com,+1-444-590-2012,New York,USA,18755.62,795,9783497800
CUST007521,Sarah Smith,customer7521@mail.com,+1-444-723-8415,New York,USA,49000.81,810,1371894886
CUST007522,David Hall,customer7522@mail.com,+1-444-967-4486,Dallas,USA,35722.4,467,4208473652
CUST007523,Olivia Hall,customer7523@mail.com,+1-444-577-7638,New York,USA,49584.37,774,8660768693
CUST007524,Daniel Hall,customer7524@mail.com,+1-444-524-6374,New York,USA,20672.99,775,8143280961
CUST007525,Sophia Johnson,customer7525@mail.com,+1-444-732-6448,Phoenix,USA,39667.54,678,1770535044
CUST007526,Sophia Taylor,customer7526@mail.com,+1-444-975-6088,New York,USA,40539.65,500,3570312658
CUST007527,John Johnson,customer7527@mail.com,+1-444-559-4583,New York,USA,29763.54,741,4120166535
CUST007528,James Walker,customer7528@mail.com,+1-444-208-9783,Phoenix,USA,31748.23,480,7055023529
CUST007529,Daniel Johnson,customer7529@mail.com,+1-444-772-9157,Dallas,USA,4757.95,522,6026105754
CUST007530,Michael Taylor,customer7530@mail.com,+1-444-165-5068,New York,USA,9731.43,800,7044252392
CUST007531,James Smith,customer7531@mail.com,+1-444-464-7414,Chicago,USA,36144.89,701,2111128473
CUST007532,Daniel Hall,customer7532@mail.com,+1-444-303-6688,Phoenix,USA,23959.65,370,2406160370
CUST007533,Sophia Hall,customer7533@mail.com,+1-444-655-1085,Phoenix,USA,24452.28,777,9065768746
CUST007534,Olivia Davis,customer7534@mail.com,+1-444-289-8825,New York,USA,44049.13,343,5814810044
CUST007535,David Taylor,customer7535@mail.com,+1-444-357-7376,New York,USA,48854.51,719,3361296742
CUST007536,Daniel Wilson,customer7536@mail.com,+1-444-237-7601,New York,USA,4991.21,501,1012566564
CUST007537,Sarah Wilson,customer7537@mail.com,+1-444-570-6844,Phoenix,USA,25244.91,777,5284748114
CUST007538,Olivia Smith,customer7538@mail.com,+1-444-277-1700,New York,USA,26596.49,510,5090254046
CUST007539,Emma Wilson,customer7539@mail.com,+1-444-628-2465,Phoenix,USA,19115.44,368,9499874434
CUST007540,Olivia Walker,customer7540@mail.com,+1-444-230-7178,Dallas,USA,24294.93,848,8359714864
CUST007541,James Johnson,customer7541@mail.com,+1-444-641-2390,Chicago,USA,18648.83,473,4321866902
CUST007542,Michael Wilson,customer7542@mail.com,+1-444-308-3709,New York,USA,9819.07,795,9318765566
CUST007543,Sarah Johnson,customer7543@mail.com,+1-444-756-5515,Dallas,USA,2910.26,429,2184082817
CUST007544,Sarah Clark,customer7544@mail.com,+1-444-268-4782,New York,USA,37545.36,493,9235863379
CUST007545,David Clark,customer7545@mail.com,+1-444-122-4140,Chicago,USA,21448.03,706,5681893524
CUST007546,John Taylor,customer7546@mail.com,+1-444-167-4794,Phoenix,USA,16869.76,693,9059991705
CUST007547,Olivia Johnson,customer7547@mail.com,+1-444-705-9650,Phoenix,USA,5846.46,377,9352671412
CUST007548,John Lewis,customer7548@mail.com,+1-444-430-7032,Phoenix,USA,4438.58,480,7611728337
CUST007549,David Wilson,customer7549@mail.com,+1-444-241-4395,Chicago,USA,46611.88,660,3298094532
CUST007550,David Hall,customer7550@mail.com,+1-444-878-1951,Phoenix,USA,44829.47,820,8038289255
CUST007551,James Wilson,customer7551@mail.com,+1-444-700-7125,New York,USA,15201.47,676,2894057483
CUST007552,John Hall,customer7552@mail.com,+1-444-370-4289,Phoenix,USA,7159.02,811,4784369982
CUST007553,Olivia Hall,customer7553@mail.com,+1-444-662-8777,Chicago,USA,34683.99,378,1472740230
CUST007554,Michael Smith,customer7554@mail.com,+1-444-200-6386,New York,USA,34230.31,347,4122708846
CUST007555,Sarah Wilson,customer7555@mail.com,+1-444-358-1262,Phoenix,USA,42763.67,337,8184157656
CUST007556,David Walker,customer7556@mail.com,+1-444-172-1699,New York,USA,30427.86,567,1030938129
CUST007557,James Hall,customer7557@mail.com,+1-444-719-5747,Phoenix,USA,43116.42,529,5985535036
CUST007558,John Johnson,customer7558@mail.com,+1-444-398-9654,New York,USA,21975.66,566,9915712374
CUST007559,Emma Brown,customer7559@mail.com,+1-444-769-5897,Phoenix,USA,29931.33,628,5713149862
CUST007560,John Walker,customer7560@mail.com,+1-444-818-2017,Dallas,USA,18136.93,600,3553195377
CUST007561,Michael Taylor,customer7561@mail.com,+1-444-797-3858,Phoenix,USA,29211.24,487,1984642371
CUST007562,Michael Smith,customer7562@mail.com,+1-444-229-6551,Chicago,USA,14118.74,637,5748487980
CUST007563,Michael Smith,customer7563@mail.com,+1-444-463-1074,New York,USA,6157.69,647,2333832687
CUST007564,John Davis,customer7564@mail.com,+1-444-955-6053,New York,USA,20074.59,506,5963809990
CUST007565,Olivia Clark,customer7565@mail.com,+1-444-546-7370,Dallas,USA,42231.73,658,2726849834
CUST007566,David Clark,customer7566@mail.com,+1-444-483-5112,Phoenix,USA,16644.6,683,6655992918
CUST007567,David Walker,customer7567@mail.com,+1-444-431-3693,Phoenix,USA,39139.28,716,2391692292
CUST007568,Daniel Davis,customer7568@mail.com,+1-444-199-4762,Phoenix,USA,30770.78,494,3118776895
CUST007569,John Davis,customer7569@mail.com,+1-444-536-7885,New York,USA,7203.04,501,8995040632
CUST007570,Sophia Davis,customer7570@mail.com,+1-444-946-4449,Phoenix,USA,23681.17,786,4557649445
CUST007571,John Davis,customer7571@mail.com,+1-444-883-2438,New York,USA,40440.97,412,9593179463
CUST007572,Emma Clark,customer7572@mail.com,+1-444-500-8258,Phoenix,USA,8863.51,641,4672303526
CUST007573,Michael Smith,customer7573@mail.com,+1-444-378-8530,Dallas,USA,28618.14,319,6116232421
CUST007574,James Smith,customer7574@mail.com,+1-444-775-9131,Chicago,USA,49278.38,711,3486490670
CUST007575,Michael Brown,customer7575@mail.com,+1-444-110-3118,New York,USA,10704.81,780,2388754525
CUST007576,David Hall,customer7576@mail.com,+1-444-174-1262,Dallas,USA,42594.57,611,7790991147
CUST007577,James Brown,customer7577@mail.com,+1-444-668-1127,Dallas,USA,22497.06,539,8270802342
CUST007578,Olivia Taylor,customer7578@mail.com,+1-444-804-4670,New York,USA,4802.19,320,6246627203
CUST007579,Ava Walker,customer7579@mail.com,+1-444-825-3287,Dallas,USA,40874.09,717,3307716411
CUST007580,Emma Walker,customer7580@mail.com,+1-444-954-1717,Dallas,USA,22757.69,682,9747916519
CUST007581,Michael Brown,customer7581@mail.com,+1-444-777-9938,New York,USA,13530.26,437,8076212610
CUST007582,Sophia Wilson,customer7582@mail.com,+1-444-373-9253,Dallas,USA,47994.02,409,1123928496
CUST007583,Olivia Lewis,customer7583@mail.com,+1-444-964-6396,Phoenix,USA,26473.81,782,5717079583
CUST007584,Sarah Taylor,customer7584@mail.com,+1-444-605-1278,Phoenix,USA,14935.32,456,6904810365
CUST007585,Emma Davis,customer7585@mail.com,+1-444-930-4256,Phoenix,USA,31153.56,544,4164635035
CUST007586,Sophia Wilson,customer7586@mail.com,+1-444-771-9859,Dallas,USA,44723.16,391,1179311374
CUST007587,Emma Hall,customer7587@mail.com,+1-444-542-5377,Phoenix,USA,34738.91,675,6046683579
CUST007588,James Johnson,customer7588@mail.com,+1-444-725-3247,New York,USA,41503.18,800,3218220061
CUST007589,Ava Lewis,customer7589@mail.com,+1-444-917-7463,Chicago,USA,35422.82,541,9600943037
CUST007590,Sophia Clark,customer7590@mail.com,+1-444-775-3634,Phoenix,USA,32346.63,603,2323304902
CUST007591,Ava Hall,customer7591@mail.com,+1-444-925-4671,Chicago,USA,10216.36,778,3915932656
CUST007592,Sarah Clark,customer7592@mail.com,+1-444-686-6812,Chicago,USA,29695.9,472,1208517026
CUST007593,Olivia Lewis,customer7593@mail.com,+1-444-843-7708,New York,USA,18206.34,488,6210855517
CUST007594,David Wilson,customer7594@mail.com,+1-444-958-7758,New York,USA,17660.23,830,2464634914
CUST007595,David Clark,customer7595@mail.com,+1-444-439-9222,Dallas,USA,32181.85,811,4040013614
CUST007596,Sarah Smith,customer7596@mail.com,+1-444-827-5892,Phoenix,USA,14544.1,566,4224057009
CUST007597,Daniel Davis,customer7597@mail.com,+1-444-724-9400,Dallas,USA,10324.78,663,6785843091
CUST007598,Michael Lewis,customer7598@mail.com,+1-444-428-6376,Dallas,USA,5911.98,734,5570217928
CUST007599,John Johnson,customer7599@mail.com,+1-444-718-2915,Dallas,USA,30090.36,676,9063525014
CUST007600,Michael Brown,customer7600@mail.com,+1-444-125-4518,New York,USA,787.17,601,5811781744
CUST007601,John Hall,customer7601@mail.com,+1-444-260-4852,Dallas,USA,49379.04,538,9856100506
CUST007602,David Taylor,customer7602@mail.com,+1-444-514-9571,Dallas,USA,37328.9,526,9771204441
CUST007603,Emma Walker,customer7603@mail.com,+1-444-854-5790,Phoenix,USA,28136.31,679,2826810516
CUST007604,Sarah Wilson,customer7604@mail.com,+1-444-166-8370,Chicago,USA,7544.89,578,3659850958
CUST007605,Sarah Walker,customer7605@mail.com,+1-444-766-4820,Phoenix,USA,33583.08,407,9998816961
CUST007606,James Davis,customer7606@mail.com,+1-444-671-3261,New York,USA,3924.5,741,3525625678
CUST007607,Sophia Smith,customer7607@mail.com,+1-444-335-6271,Dallas,USA,41444.45,801,4389829000
CUST007608,Daniel Brown,customer7608@mail.com,+1-444-193-8401,Chicago,USA,22692.86,519,1679310368
CUST007609,Emma Lewis,customer7609@mail.com,+1-444-512-3424,Chicago,USA,33955.91,795,3737030630
CUST007610,Emma Brown,customer7610@mail.com,+1-444-506-5077,Phoenix,USA,22353.81,721,6419502392
CUST007611,David Johnson,customer7611@mail.com,+1-444-528-7795,New York,USA,13450.13,435,6381855589
CUST007612,Michael Davis,customer7612@mail.com,+1-444-508-6495,Dallas,USA,21630.75,460,6033809300
CUST007613,John Davis,customer7613@mail.com,+1-444-366-1325,Chicago,USA,16810.66,440,4438782037
CUST007614,David Walker,customer7614@mail.com,+1-444-833-6549,New York,USA,7015.32,549,9923302060
CUST007615,Michael Wilson,customer7615@mail.com,+1-444-677-3430,New York,USA,39859.64,429,7733514692
CUST007616,Michael Walker,customer7616@mail.com,+1-444-742-6624,Phoenix,USA,22183.44,646,4467566883
CUST007617,Emma Clark,customer7617@mail.com,+1-444-632-1720,Dallas,USA,5788.59,720,8001863066
CUST007618,Sarah Brown,customer7618@mail.com,+1-444-814-6883,New York,USA,11442.93,369,8524297306
CUST007619,Sarah Walker,customer7619@mail.com,+1-444-118-8703,Phoenix,USA,28962.71,709,4612718960
CUST007620,Emma Clark,customer7620@mail.com,+1-444-147-8268,New York,USA,5473.32,567,3939825909
CUST007621,Sarah Davis,customer7621@mail.com,+1-444-266-4470,New York,USA,11899.98,379,5186562976
CUST007622,Ava Walker,customer7622@mail.com,+1-444-733-7986,Chicago,USA,8737.21,710,1151710551
CUST007623,James Smith,customer7623@mail.com,+1-444-978-3972,Phoenix,USA,21699.8,318,7199431062
CUST007624,Olivia Smith,customer7624@mail.com,+1-444-603-9555,New York,USA,19048.99,838,8227370483
CUST007625,David Lewis,customer7625@mail.com,+1-444-678-9016,Dallas,USA,48047.82,521,8868314986
CUST007626,Sarah Lewis,customer7626@mail.com,+1-444-858-7783,Chicago,USA,32831.16,335,9791744632
CUST007627,Sarah Johnson,customer7627@mail.com,+1-444-433-8909,Phoenix,USA,10820.65,506,7447088458
CUST007628,Sophia Walker,customer7628@mail.com,+1-444-287-8248,Chicago,USA,44951.29,774,8513680342
CUST007629,Olivia Taylor,customer7629@mail.com,+1-444-503-1373,Dallas,USA,32680.6,437,6528466295
CUST007630,Daniel Wilson,customer7630@mail.com,+1-444-494-8566,Chicago,USA,17949.22,697,4672575208
CUST007631,Sophia Lewis,customer7631@mail.com,+1-444-938-3438,Chicago,USA,24126.93,460,9678950211
CUST007632,Ava Clark,customer7632@mail.com,+1-444-531-6036,Dallas,USA,13811.63,471,8327238446
CUST007633,Michael Hall,customer7633@mail.com,+1-444-236-9136,New York,USA,33810.35,445,8259697097
CUST007634,Olivia Walker,customer7634@mail.com,+1-444-857-5928,Phoenix,USA,46923.34,382,5887418725
CUST007635,Ava Lewis,customer7635@mail.com,+1-444-641-5147,Chicago,USA,1934.55,436,5702078079
CUST007636,Michael Brown,customer7636@mail.com,+1-444-916-4236,New York,USA,16.17,679,8285837521
CUST007637,John Smith,customer7637@mail.com,+1-444-464-6211,Phoenix,USA,13733.06,420,7124950211
CUST007638,Olivia Johnson,customer7638@mail.com,+1-444-940-9508,New York,USA,8336.58,462,6094156281
CUST007639,David Walker,customer7639@mail.com,+1-444-821-3841,New York,USA,5842.25,644,8630011568
CUST007640,Sarah Wilson,customer7640@mail.com,+1-444-379-1758,New York,USA,46362.77,332,3438808944
CUST007641,Olivia Smith,customer7641@mail.com,+1-444-254-7177,Dallas,USA,31941.42,545,4431034745
CUST007642,David Walker,customer7642@mail.com,+1-444-274-6452,New York,USA,38529.62,513,2743744891
CUST007643,James Clark,customer7643@mail.com,+1-444-540-3110,Dallas,USA,34902.74,718,7557759906
CUST007644,John Davis,customer7644@mail.com,+1-444-425-7245,New York,USA,47918.44,406,6015895295
CUST007645,Daniel Brown,customer7645@mail.com,+1-444-756-3222,Chicago,USA,14872.86,543,2940050957
CUST007646,Michael Davis,customer7646@mail.com,+1-444-539-4930,Chicago,USA,25733.49,671,1156882585
CUST007647,James Brown,customer7647@mail.com,+1-444-101-3742,Dallas,USA,15393.27,630,1144487864
CUST007648,Olivia Davis,customer7648@mail.com,+1-444-571-1437,Dallas,USA,20929.8,752,4190089946
CUST007649,David Lewis,customer7649@mail.com,+1-444-821-7930,Phoenix,USA,9009.37,542,9219270559
CUST007650,Emma Brown,customer7650@mail.com,+1-444-721-5042,Chicago,USA,21449.84,802,6311456025
CUST007651,John Davis,customer7651@mail.com,+1-444-414-9672,Dallas,USA,18088.53,580,1908976683
CUST007652,Sophia Brown,customer7652@mail.com,+1-444-790-2711,Chicago,USA,13431.27,483,8793109598
CUST007653,John Clark,customer7653@mail.com,+1-444-707-4245,New York,USA,30733.63,527,1754412647
CUST007654,Sophia Brown,customer7654@mail.com,+1-444-890-3331,Phoenix,USA,30351.15,540,7895412404
CUST007655,David Walker,customer7655@mail.com,+1-444-965-8279,New York,USA,13915.71,679,6227384810
CUST007656,Olivia Smith,customer7656@mail.com,+1-444-449-9516,Chicago,USA,3201.1,713,9591471618
CUST007657,James Wilson,customer7657@mail.com,+1-444-372-4852,New York,USA,5367.3,766,1883296454
CUST007658,Olivia Hall,customer7658@mail.com,+1-444-954-7505,Dallas,USA,10258.44,646,1717177207
CUST007659,Sarah Brown,customer7659@mail.com,+1-444-925-4865,New York,USA,35686.04,630,9221969184
CUST007660,Sophia Taylor,customer7660@mail.com,+1-444-404-6963,Dallas,USA,34375.84,596,9030692852
CUST007661,James Clark,customer7661@mail.com,+1-444-976-4496,Dallas,USA,24958.89,438,8947804647
CUST007662,David Johnson,customer7662@mail.com,+1-444-173-1259,Phoenix,USA,39575.55,456,8343559222
CUST007663,Olivia Taylor,customer7663@mail.com,+1-444-706-6524,New York,USA,41647.79,520,3960864619
CUST007664,Ava Brown,customer7664@mail.com,+1-444-798-7631,Chicago,USA,21615.51,705,9957447477
CUST007665,Emma Hall,customer7665@mail.com,+1-444-316-2288,New York,USA,22438.52,595,3732539935
CUST007666,Emma Clark,customer7666@mail.com,+1-444-344-4745,Dallas,USA,29067.15,594,8692643138
CUST007667,Emma Taylor,customer7667@mail.com,+1-444-447-8669,Chicago,USA,42438.75,834,5220504010
CUST007668,Michael Clark,customer7668@mail.com,+1-444-231-9467,Phoenix,USA,43535.92,726,7479771333
CUST007669,John Wilson,customer7669@mail.com,+1-444-909-2436,Chicago,USA,24074.79,358,8106854313
CUST007670,Ava Lewis,customer7670@mail.com,+1-444-474-9668,New York,USA,46858.32,477,3708563523
CUST007671,Sophia Smith,customer7671@mail.com,+1-444-969-8919,Phoenix,USA,46228.08,687,4225943832
CUST007672,John Wilson,customer7672@mail.com,+1-444-513-1636,New York,USA,40608.14,796,3500273908
CUST007673,Sarah Hall,customer7673@mail.com,+1-444-444-4087,New York,USA,18213.3,684,1465124853
CUST007674,James Taylor,customer7674@mail.com,+1-444-496-6956,New York,USA,28781.38,802,3281205288
CUST007675,Sophia Johnson,customer7675@mail.com,+1-444-499-6383,Chicago,USA,35359.59,619,9908373983
CUST007676,Emma Walker,customer7676@mail.com,+1-444-899-9192,Dallas,USA,35366.16,576,7307906981
CUST007677,Ava Brown,customer7677@mail.com,+1-444-244-4892,New York,USA,26946.91,341,5601589749
CUST007678,Michael Wilson,customer7678@mail.com,+1-444-405-4583,New York,USA,13747.53,513,2860925124
CUST007679,Michael Brown,customer7679@mail.com,+1-444-304-2281,Dallas,USA,9504.24,675,4564914930
CUST007680,Olivia Johnson,customer7680@mail.com,+1-444-958-5352,Phoenix,USA,33865.65,504,3982740142
CUST007681,Sarah Wilson,customer7681@mail.com,+1-444-337-9628,Phoenix,USA,23932.7,841,2309731600
CUST007682,Sarah Hall,customer7682@mail.com,+1-444-379-7417,Chicago,USA,15871.14,407,4764667944
CUST007683,Daniel Clark,customer7683@mail.com,+1-444-936-5421,New York,USA,42284.39,842,6648777438
CUST007684,Emma Hall,customer7684@mail.com,+1-444-658-7180,New York,USA,9853.34,448,6762659132
CUST007685,David Wilson,customer7685@mail.com,+1-444-859-4377,Dallas,USA,5740.43,552,1253190845
CUST007686,Daniel Hall,customer7686@mail.com,+1-444-344-9782,New York,USA,46443.77,586,9667616734
CUST007687,Ava Brown,customer7687@mail.com,+1-444-310-6113,Dallas,USA,42434.95,834,8090872057
CUST007688,Emma Walker,customer7688@mail.com,+1-444-141-3514,Phoenix,USA,37192.59,847,3521650671
CUST007689,Daniel Smith,customer7689@mail.com,+1-444-586-5623,New York,USA,6857.73,454,5462482541
CUST007690,Ava Johnson,customer7690@mail.com,+1-444-320-1680,New York,USA,22064.36,326,6525366977
CUST007691,Emma Taylor,customer7691@mail.com,+1-444-279-5911,Chicago,USA,17470.61,482,7200285900
CUST007692,David Lewis,customer7692@mail.com,+1-444-484-5868,Chicago,USA,7405.02,399,1096535277
CUST007693,James Walker,customer7693@mail.com,+1-444-772-2145,Phoenix,USA,31766.96,709,4969559202
CUST007694,Daniel Hall,customer7694@mail.com,+1-444-685-3116,Phoenix,USA,40972.71,845,3415186740
CUST007695,Daniel Hall,customer7695@mail.com,+1-444-580-3409,New York,USA,11325.37,432,8776989534
CUST007696,Olivia Hall,customer7696@mail.com,+1-444-838-8523,Dallas,USA,45739.79,838,8763783747
CUST007697,John Wilson,customer7697@mail.com,+1-444-481-6521,Phoenix,USA,41787.44,571,7099917684
CUST007698,Olivia Johnson,customer7698@mail.com,+1-444-911-5933,Chicago,USA,29338.26,431,2125482338
CUST007699,John Taylor,customer7699@mail.com,+1-444-474-6919,Chicago,USA,36160.68,742,6330039215
CUST007700,Sophia Davis,customer7700@mail.com,+1-444-332-4115,Phoenix,USA,19586.82,552,2548547294
CUST007701,Michael Johnson,customer7701@mail.com,+1-444-466-7008,Chicago,USA,35957.54,338,7065559196
CUST007702,Daniel Johnson,customer7702@mail.com,+1-444-213-5135,Phoenix,USA,39586.59,577,4921731061
CUST007703,James Lewis,customer7703@mail.com,+1-444-895-7008,Dallas,USA,40463.24,745,8782096580
CUST007704,James Wilson,customer7704@mail.com,+1-444-296-3342,Chicago,USA,27882.74,302,1755512485
CUST007705,Sarah Hall,customer7705@mail.com,+1-444-192-7591,Phoenix,USA,6856.53,388,9836517829
CUST007706,Sophia Walker,customer7706@mail.com,+1-444-840-9399,New York,USA,46330.03,437,4375756126
CUST007707,Ava Taylor,customer7707@mail.com,+1-444-404-2809,Phoenix,USA,9883.63,548,3566453101
CUST007708,John Brown,customer7708@mail.com,+1-444-749-7903,Phoenix,USA,48813.73,501,3486874337
CUST007709,Sophia Johnson,customer7709@mail.com,+1-444-957-8470,New York,USA,35416.61,604,7679331490
CUST007710,Olivia Johnson,customer7710@mail.com,+1-444-589-6948,Chicago,USA,17427.87,435,4542582973
CUST007711,Sarah Walker,customer7711@mail.com,+1-444-611-4639,New York,USA,34831.59,467,9107873608
CUST007712,David Clark,customer7712@mail.com,+1-444-822-4954,New York,USA,31541.16,648,7431790355
CUST007713,Sarah Clark,customer7713@mail.com,+1-444-999-8490,New York,USA,16640.71,333,9718951421
CUST007714,Ava Wilson,customer7714@mail.com,+1-444-322-6090,Phoenix,USA,29280.2,639,9028768494
CUST007715,Sarah Brown,customer7715@mail.com,+1-444-230-2800,Dallas,USA,45087.43,516,8293241665
CUST007716,Sophia Davis,customer7716@mail.com,+1-444-170-7688,New York,USA,28919.22,363,9934613981
CUST007717,Emma Wilson,customer7717@mail.com,+1-444-416-8270,Dallas,USA,27133.11,375,9361204260
CUST007718,James Taylor,customer7718@mail.com,+1-444-689-4219,Dallas,USA,39238.07,593,1671692643
CUST007719,Emma Davis,customer7719@mail.com,+1-444-759-3860,Phoenix,USA,15592.1,708,3572862601
CUST007720,Sophia Brown,customer7720@mail.com,+1-444-727-2347,New York,USA,46401.66,834,4863467621
CUST007721,Michael Davis,customer7721@mail.com,+1-444-310-1910,Dallas,USA,23298.61,629,4189090774
CUST007722,James Taylor,customer7722@mail.com,+1-444-657-1477,New York,USA,17646.18,399,2508484196
CUST007723,Olivia Wilson,customer7723@mail.com,+1-444-130-6291,Chicago,USA,42899.86,554,5569850164
CUST007724,Ava Davis,customer7724@mail.com,+1-444-771-9576,Dallas,USA,41528.34,300,4736687457
CUST007725,David Walker,customer7725@mail.com,+1-444-969-7475,Phoenix,USA,705.35,747,7965384176
CUST007726,David Walker,customer7726@mail.com,+1-444-977-1877,New York,USA,35910.5,303,5166871863
CUST007727,Sarah Wilson,customer7727@mail.com,+1-444-666-1851,New York,USA,13380.43,340,5592004735
CUST007728,Daniel Wilson,customer7728@mail.com,+1-444-184-3012,Chicago,USA,16870.85,388,8261383255
CUST007729,Sarah Brown,customer7729@mail.com,+1-444-778-6822,Chicago,USA,32158.35,751,7081164158
CUST007730,Emma Wilson,customer7730@mail.com,+1-444-651-2708,New York,USA,15184.67,817,7657999034
CUST007731,Olivia Johnson,customer7731@mail.com,+1-444-551-1469,Dallas,USA,20795.81,343,1050830985
CUST007732,Daniel Wilson,customer7732@mail.com,+1-444-373-4653,New York,USA,857.21,443,5632615970
CUST007733,Olivia Wilson,customer7733@mail.com,+1-444-139-2005,Chicago,USA,11761.3,644,6494536447
CUST007734,Daniel Clark,customer7734@mail.com,+1-444-969-3725,New York,USA,2028.56,678,7528778157
CUST007735,Sophia Wilson,customer7735@mail.com,+1-444-509-5677,Chicago,USA,40587.95,345,9251854967
CUST007736,Michael Smith,customer7736@mail.com,+1-444-665-4593,Dallas,USA,45342.41,367,4530819523
CUST007737,Olivia Lewis,customer7737@mail.com,+1-444-695-9990,Phoenix,USA,44112.59,518,1347270796
CUST007738,James Hall,customer7738@mail.com,+1-444-484-6213,Chicago,USA,48639.02,332,8217305814
CUST007739,Sophia Taylor,customer7739@mail.com,+1-444-329-9098,New York,USA,27745.03,687,1222158737
CUST007740,Sophia Clark,customer7740@mail.com,+1-444-516-1060,New York,USA,46405.57,801,9654212934
CUST007741,David Lewis,customer7741@mail.com,+1-444-449-3160,Dallas,USA,49170.96,446,3663486641
CUST007742,James Davis,customer7742@mail.com,+1-444-721-5489,Dallas,USA,21736.61,568,6988759800
CUST007743,Daniel Hall,customer7743@mail.com,+1-444-593-1123,Chicago,USA,41947.0,618,3657325193
CUST007744,John Wilson,customer7744@mail.com,+1-444-551-9813,New York,USA,33364.45,783,6373424096
CUST007745,Olivia Davis,customer7745@mail.com,+1-444-254-7453,Dallas,USA,5613.24,304,3528563516
CUST007746,Sarah Lewis,customer7746@mail.com,+1-444-491-5909,New York,USA,47286.16,423,2242328078
CUST007747,Emma Hall,customer7747@mail.com,+1-444-471-2210,New York,USA,41416.14,388,8679261064
CUST007748,Olivia Walker,customer7748@mail.com,+1-444-608-5557,New York,USA,32835.7,493,3775061602
CUST007749,Daniel Walker,customer7749@mail.com,+1-444-126-2461,Dallas,USA,9044.33,629,8241181060
CUST007750,Michael Hall,customer7750@mail.com,+1-444-706-3563,New York,USA,45014.38,833,3787809807
CUST007751,Daniel Hall,customer7751@mail.com,+1-444-509-5167,New York,USA,22729.06,357,9522840384
CUST007752,David Clark,customer7752@mail.com,+1-444-465-9655,New York,USA,39261.47,575,9587670612
CUST007753,Ava Lewis,customer7753@mail.com,+1-444-707-4258,Dallas,USA,32145.45,814,7034948971
CUST007754,Sophia Clark,customer7754@mail.com,+1-444-203-4669,New York,USA,1980.84,810,7563994479
CUST007755,Sarah Brown,customer7755@mail.com,+1-444-594-7999,New York,USA,32138.36,754,2093182152
CUST007756,Sarah Smith,customer7756@mail.com,+1-444-859-6120,Dallas,USA,15418.81,846,7436407897
CUST007757,David Wilson,customer7757@mail.com,+1-444-573-3598,New York,USA,35149.99,393,9513323745
CUST007758,David Smith,customer7758@mail.com,+1-444-777-6136,Phoenix,USA,3393.6,658,8881991619
CUST007759,Michael Taylor,customer7759@mail.com,+1-444-807-6676,New York,USA,25347.99,790,8300732948
CUST007760,Sophia Walker,customer7760@mail.com,+1-444-176-4990,Phoenix,USA,10.79,738,6335513360
CUST007761,Sophia Hall,customer7761@mail.com,+1-444-229-9458,Chicago,USA,41058.66,486,2785139505
CUST007762,John Lewis,customer7762@mail.com,+1-444-733-9486,Chicago,USA,28128.46,383,3831001257
CUST007763,John Hall,customer7763@mail.com,+1-444-798-8512,New York,USA,47899.9,441,9969101219
CUST007764,Sophia Johnson,customer7764@mail.com,+1-444-587-9774,Chicago,USA,19007.69,817,8036248315
CUST007765,Emma Walker,customer7765@mail.com,+1-444-447-8417,Dallas,USA,18913.57,819,5544595970
CUST007766,John Lewis,customer7766@mail.com,+1-444-631-4863,Chicago,USA,26516.25,489,6053398561
CUST007767,Olivia Smith,customer7767@mail.com,+1-444-169-5207,Dallas,USA,27643.54,393,4192663335
CUST007768,Michael Wilson,customer7768@mail.com,+1-444-653-7935,Phoenix,USA,36980.27,513,8957874926
CUST007769,James Lewis,customer7769@mail.com,+1-444-565-1434,Dallas,USA,15160.66,643,9808601326
CUST007770,James Clark,customer7770@mail.com,+1-444-866-9172,Dallas,USA,17151.62,674,8183973625
CUST007771,Sarah Taylor,customer7771@mail.com,+1-444-951-7359,New York,USA,6375.76,831,8464298113
CUST007772,James Davis,customer7772@mail.com,+1-444-301-5432,Chicago,USA,23612.23,411,3818408590
CUST007773,Sarah Brown,customer7773@mail.com,+1-444-478-2275,New York,USA,13745.19,475,8728505925
CUST007774,Sophia Clark,customer7774@mail.com,+1-444-612-4185,Dallas,USA,37987.18,828,2089661967
CUST007775,James Taylor,customer7775@mail.com,+1-444-763-6391,Phoenix,USA,9467.76,712,8938094246
CUST007776,Michael Taylor,customer7776@mail.com,+1-444-850-7836,New York,USA,4329.42,832,9384633011
CUST007777,Sarah Walker,customer7777@mail.com,+1-444-516-8014,Chicago,USA,24233.8,531,2662726823
CUST007778,Olivia Johnson,customer7778@mail.com,+1-444-661-7432,Dallas,USA,31494.84,653,2413737137
CUST007779,Sarah Taylor,customer7779@mail.com,+1-444-474-4475,Dallas,USA,27714.23,312,1380872395
CUST007780,David Hall,customer7780@mail.com,+1-444-763-8792,Chicago,USA,30760.96,795,5119860034
CUST007781,David Hall,customer7781@mail.com,+1-444-370-3682,Phoenix,USA,13692.54,311,9098083971
CUST007782,Emma Wilson,customer7782@mail.com,+1-444-313-5331,Chicago,USA,30350.22,593,3716162397
CUST007783,Daniel Taylor,customer7783@mail.com,+1-444-355-6404,Chicago,USA,25763.22,615,6826276091
CUST007784,Sophia Wilson,customer7784@mail.com,+1-444-139-1948,New York,USA,20059.7,567,4806500584
CUST007785,Michael Davis,customer7785@mail.com,+1-444-985-3738,Phoenix,USA,5503.49,444,2244554965
CUST007786,Olivia Taylor,customer7786@mail.com,+1-444-861-7792,Dallas,USA,25959.13,843,2912935826
CUST007787,Olivia Clark,customer7787@mail.com,+1-444-703-3329,Phoenix,USA,8154.99,561,3909640520
CUST007788,Olivia Wilson,customer7788@mail.com,+1-444-911-2882,Phoenix,USA,2385.02,487,5581866041
CUST007789,Sophia Wilson,customer7789@mail.com,+1-444-764-4213,Dallas,USA,15419.97,755,8932459616
CUST007790,James Johnson,customer7790@mail.com,+1-444-297-9353,Phoenix,USA,26589.14,389,1874746753
CUST007791,Michael Johnson,customer7791@mail.com,+1-444-251-2491,Chicago,USA,21902.78,652,6977699843
CUST007792,John Davis,customer7792@mail.com,+1-444-826-9968,New York,USA,39819.0,510,7218718901
CUST007793,Ava Johnson,customer7793@mail.com,+1-444-773-4818,Chicago,USA,21866.74,400,5007840256
CUST007794,Olivia Clark,customer7794@mail.com,+1-444-500-4568,Phoenix,USA,36782.39,649,4547995981
CUST007795,Michael Taylor,customer7795@mail.com,+1-444-511-4583,Dallas,USA,4612.39,754,7857052593
CUST007796,Emma Clark,customer7796@mail.com,+1-444-569-7611,Dallas,USA,2467.32,571,3266441802
CUST007797,Olivia Lewis,customer7797@mail.com,+1-444-442-3708,New York,USA,39388.96,330,3177655301
CUST007798,Ava Wilson,customer7798@mail.com,+1-444-423-7914,Phoenix,USA,29098.95,782,5058944756
CUST007799,Michael Lewis,customer7799@mail.com,+1-444-941-9960,Phoenix,USA,9356.58,631,7024812291
CUST007800,Olivia Hall,customer7800@mail.com,+1-444-991-8052,Chicago,USA,49627.58,799,3555064718
CUST007801,Michael Wilson,customer7801@mail.com,+1-444-794-7267,Chicago,USA,39349.0,600,1436909530
CUST007802,Sarah Smith,customer7802@mail.com,+1-444-302-4024,Phoenix,USA,33543.64,693,1548157130
CUST007803,David Hall,customer7803@mail.com,+1-444-351-1020,Phoenix,USA,46915.05,327,9408013161
CUST007804,Ava Brown,customer7804@mail.com,+1-444-645-8764,Phoenix,USA,34263.13,552,8642120314
CUST007805,David Hall,customer7805@mail.com,+1-444-253-2370,Phoenix,USA,17094.76,366,6724839767
CUST007806,Sarah Hall,customer7806@mail.com,+1-444-403-1355,Chicago,USA,20786.07,825,4920121799
CUST007807,John Brown,customer7807@mail.com,+1-444-399-9497,Phoenix,USA,13295.57,772,6896822887
CUST007808,Emma Brown,customer7808@mail.com,+1-444-170-5741,New York,USA,36944.93,779,3543211845
CUST007809,Daniel Clark,customer7809@mail.com,+1-444-177-9054,Dallas,USA,26771.38,519,2701181196
CUST007810,Ava Walker,customer7810@mail.com,+1-444-542-6094,Phoenix,USA,44002.02,471,6564315689
CUST007811,Olivia Clark,customer7811@mail.com,+1-444-545-8477,Phoenix,USA,35607.11,508,1940496422
CUST007812,David Smith,customer7812@mail.com,+1-444-424-3526,Dallas,USA,16153.6,300,8275896203
CUST007813,David Taylor,customer7813@mail.com,+1-444-928-1578,Dallas,USA,31001.38,317,4436873499
CUST007814,Sophia Brown,customer7814@mail.com,+1-444-428-8932,New York,USA,47351.15,790,9821012439
CUST007815,Daniel Wilson,customer7815@mail.com,+1-444-376-8261,Phoenix,USA,39008.13,396,6815604610
CUST007816,Sophia Davis,customer7816@mail.com,+1-444-280-7444,Dallas,USA,7513.15,654,7253619515
CUST007817,David Taylor,customer7817@mail.com,+1-444-507-9507,Chicago,USA,39558.14,683,8400215951
CUST007818,Olivia Brown,customer7818@mail.com,+1-444-212-2645,Chicago,USA,23325.56,601,5601275959
CUST007819,Daniel Brown,customer7819@mail.com,+1-444-965-6052,New York,USA,39001.96,792,7923413084
CUST007820,Ava Lewis,customer7820@mail.com,+1-444-345-3826,New York,USA,48431.38,677,4906584408
CUST007821,James Hall,customer7821@mail.com,+1-444-254-2125,New York,USA,8768.04,700,8185702832
CUST007822,Daniel Johnson,customer7822@mail.com,+1-444-979-3312,Phoenix,USA,38784.16,383,9275689973
CUST007823,Olivia Walker,customer7823@mail.com,+1-444-939-2672,Chicago,USA,37483.78,394,8805097129
CUST007824,David Walker,customer7824@mail.com,+1-444-603-4085,Chicago,USA,15829.88,305,5631927011
CUST007825,John Clark,customer7825@mail.com,+1-444-958-6133,New York,USA,33276.18,400,9438588958
CUST007826,Michael Hall,customer7826@mail.com,+1-444-468-4367,Chicago,USA,47365.59,312,5828586373
CUST007827,John Walker,customer7827@mail.com,+1-444-741-7861,Phoenix,USA,48461.81,388,8100971017
CUST007828,Sophia Brown,customer7828@mail.com,+1-444-588-7667,Phoenix,USA,14516.96,610,2327959759
CUST007829,Emma Johnson,customer7829@mail.com,+1-444-481-4853,Dallas,USA,29347.81,387,3474214458
CUST007830,Sophia Smith,customer7830@mail.com,+1-444-662-1162,Phoenix,USA,26478.84,548,5211806820
CUST007831,John Clark,customer7831@mail.com,+1-444-905-6258,Chicago,USA,25461.56,409,1770860256
CUST007832,Ava Walker,customer7832@mail.com,+1-444-218-8252,Dallas,USA,40733.18,532,3945044782
CUST007833,John Hall,customer7833@mail.com,+1-444-219-3606,Phoenix,USA,20797.71,459,4174776217
CUST007834,Olivia Hall,customer7834@mail.com,+1-444-311-4952,Phoenix,USA,8192.9,617,2550580135
CUST007835,Ava Smith,customer7835@mail.com,+1-444-779-2646,Dallas,USA,8525.0,824,7124074988
CUST007836,Daniel Wilson,customer7836@mail.com,+1-444-704-9484,Chicago,USA,19468.61,826,1045117169
CUST007837,Daniel Clark,customer7837@mail.com,+1-444-493-6149,Phoenix,USA,18984.88,411,8993209935
CUST007838,John Walker,customer7838@mail.com,+1-444-531-7160,Dallas,USA,25796.06,786,3094159285
CUST007839,Ava Wilson,customer7839@mail.com,+1-444-922-6040,Dallas,USA,25378.07,338,2211643654
CUST007840,Olivia Lewis,customer7840@mail.com,+1-444-235-5635,New York,USA,6187.53,367,3693404030
CUST007841,Sophia Hall,customer7841@mail.com,+1-444-175-8568,Chicago,USA,15682.05,592,7498170714
CUST007842,Ava Smith,customer7842@mail.com,+1-444-291-8570,New York,USA,49892.46,833,5984002623
CUST007843,Olivia Smith,customer7843@mail.com,+1-444-127-5673,New York,USA,19291.98,361,5272358009
CUST007844,David Johnson,customer7844@mail.com,+1-444-428-8591,Phoenix,USA,3076.06,732,6236181685
CUST007845,Olivia Smith,customer7845@mail.com,+1-444-786-6323,Dallas,USA,27034.0,689,3081609557
CUST007846,Daniel Davis,customer7846@mail.com,+1-444-283-1127,Chicago,USA,13367.92,723,5584391794
CUST007847,David Walker,customer7847@mail.com,+1-444-992-5537,Phoenix,USA,21039.9,837,6834713542
CUST007848,Emma Taylor,customer7848@mail.com,+1-444-349-4488,Phoenix,USA,25016.0,771,5174575897
CUST007849,Sophia Clark,customer7849@mail.com,+1-444-603-4246,New York,USA,42424.2,756,4092261202
CUST007850,Sophia Smith,customer7850@mail.com,+1-444-386-4942,Phoenix,USA,47115.05,669,6282968435
CUST007851,David Wilson,customer7851@mail.com,+1-444-759-1567,New York,USA,47649.28,543,6982603652
CUST007852,David Johnson,customer7852@mail.com,+1-444-710-5182,Dallas,USA,42734.59,464,6637815307
CUST007853,Ava Smith,customer7853@mail.com,+1-444-380-1098,Phoenix,USA,15177.49,425,3073716539
CUST007854,Olivia Brown,customer7854@mail.com,+1-444-997-3055,Chicago,USA,25277.44,548,1713982596
CUST007855,David Taylor,customer7855@mail.com,+1-444-720-5402,Chicago,USA,4494.28,572,9165586989
CUST007856,Emma Clark,customer7856@mail.com,+1-444-396-9959,New York,USA,42335.42,512,1689753860
CUST007857,Daniel Brown,customer7857@mail.com,+1-444-622-3267,New York,USA,32808.5,401,5892268013
CUST007858,Olivia Lewis,customer7858@mail.com,+1-444-960-1101,Dallas,USA,48900.25,594,4912349230
CUST007859,Sarah Wilson,customer7859@mail.com,+1-444-963-2556,Chicago,USA,17941.75,322,3357450624
CUST007860,Olivia Davis,customer7860@mail.com,+1-444-979-9842,New York,USA,1133.44,832,2084492986
CUST007861,John Walker,customer7861@mail.com,+1-444-495-3935,New York,USA,48749.58,641,2498232856
CUST007862,John Brown,customer7862@mail.com,+1-444-652-7174,New York,USA,49613.85,573,6314969855
CUST007863,Ava Walker,customer7863@mail.com,+1-444-441-8960,Dallas,USA,1087.07,399,6374253463
CUST007864,Olivia Clark,customer7864@mail.com,+1-444-356-6229,New York,USA,24872.85,705,5042614035
CUST007865,Olivia Davis,customer7865@mail.com,+1-444-432-5377,Chicago,USA,4851.03,808,6770846679
CUST007866,Sophia Lewis,customer7866@mail.com,+1-444-548-2421,Chicago,USA,21503.18,308,9696667395
CUST007867,Sophia Davis,customer7867@mail.com,+1-444-461-4583,Chicago,USA,16998.6,517,7017028681
CUST007868,Michael Walker,customer7868@mail.com,+1-444-342-2762,New York,USA,8178.81,446,5007942719
CUST007869,John Smith,customer7869@mail.com,+1-444-324-9156,New York,USA,10817.43,702,4523940176
CUST007870,James Wilson,customer7870@mail.com,+1-444-567-8620,New York,USA,26732.41,698,3152003748
CUST007871,Sophia Brown,customer7871@mail.com,+1-444-900-7103,Phoenix,USA,25580.31,409,6300287479
CUST007872,Sarah Davis,customer7872@mail.com,+1-444-756-7320,New York,USA,14152.37,599,3896089957
CUST007873,Sophia Brown,customer7873@mail.com,+1-444-888-6699,Phoenix,USA,17670.93,305,9606431702
CUST007874,Sarah Brown,customer7874@mail.com,+1-444-929-9692,Dallas,USA,46237.29,610,2242082360
CUST007875,John Davis,customer7875@mail.com,+1-444-220-9035,Chicago,USA,16704.7,319,9329047745
CUST007876,David Davis,customer7876@mail.com,+1-444-682-1819,Chicago,USA,13399.4,815,8217537487
CUST007877,John Smith,customer7877@mail.com,+1-444-451-6831,Dallas,USA,20926.42,428,4342309533
CUST007878,Emma Hall,customer7878@mail.com,+1-444-219-3681,Phoenix,USA,15941.08,576,3114833216
CUST007879,Ava Clark,customer7879@mail.com,+1-444-870-4051,New York,USA,35214.41,797,5693750843
CUST007880,Ava Lewis,customer7880@mail.com,+1-444-641-3004,Dallas,USA,6035.29,550,5799551859
CUST007881,David Clark,customer7881@mail.com,+1-444-201-3405,Phoenix,USA,25883.27,634,3721665050
CUST007882,Sophia Brown,customer7882@mail.com,+1-444-566-8331,Chicago,USA,48803.23,420,4952679629
CUST007883,Ava Johnson,customer7883@mail.com,+1-444-340-7611,Chicago,USA,25789.94,814,8478701184
CUST007884,Sophia Johnson,customer7884@mail.com,+1-444-131-1515,Dallas,USA,15139.3,319,4345723686
CUST007885,Michael Wilson,customer7885@mail.com,+1-444-672-9985,Dallas,USA,22554.25,365,4790531920
CUST007886,James Walker,customer7886@mail.com,+1-444-527-1360,Chicago,USA,45319.79,362,3479906507
CUST007887,Sarah Wilson,customer7887@mail.com,+1-444-308-4745,Dallas,USA,44158.0,328,3537491427
CUST007888,James Hall,customer7888@mail.com,+1-444-418-8470,Chicago,USA,49302.49,341,4906653341
CUST007889,Emma Wilson,customer7889@mail.com,+1-444-540-7024,Dallas,USA,18702.88,440,5342583033
CUST007890,Ava Brown,customer7890@mail.com,+1-444-917-3520,Chicago,USA,40605.03,382,6506366952
CUST007891,Ava Walker,customer7891@mail.com,+1-444-963-4162,Phoenix,USA,6192.09,529,4454777750
CUST007892,Olivia Brown,customer7892@mail.com,+1-444-541-1216,New York,USA,15022.28,812,4122720212
CUST007893,Emma Johnson,customer7893@mail.com,+1-444-270-5696,Phoenix,USA,38146.6,662,1724525277
CUST007894,Michael Smith,customer7894@mail.com,+1-444-665-9666,Dallas,USA,6992.67,635,3181726403
CUST007895,Olivia Johnson,customer7895@mail.com,+1-444-206-6932,New York,USA,18663.54,834,1428879326
CUST007896,Ava Lewis,customer7896@mail.com,+1-444-852-3172,Phoenix,USA,3554.05,665,4777164579
CUST007897,David Clark,customer7897@mail.com,+1-444-621-2405,Phoenix,USA,12402.68,732,9543008214
CUST007898,Olivia Hall,customer7898@mail.com,+1-444-581-7661,New York,USA,34224.17,846,1843638090
CUST007899,Daniel Walker,customer7899@mail.com,+1-444-593-5994,Chicago,USA,38804.26,720,8769403365
CUST007900,Sophia Clark,customer7900@mail.com,+1-444-685-4306,Dallas,USA,34794.85,378,9976654449
CUST007901,Michael Walker,customer7901@mail.com,+1-444-717-1400,Dallas,USA,45084.18,569,4914651329
CUST007902,Emma Smith,customer7902@mail.com,+1-444-167-2605,Phoenix,USA,34154.76,314,9725510203
CUST007903,David Smith,customer7903@mail.com,+1-444-118-2028,New York,USA,22348.47,727,5002066115
CUST007904,Daniel Johnson,customer7904@mail.com,+1-444-833-8552,New York,USA,14164.03,781,1097532788
CUST007905,Sarah Brown,customer7905@mail.com,+1-444-539-6282,Chicago,USA,37456.47,410,2854788877
CUST007906,James Wilson,customer7906@mail.com,+1-444-134-4332,Chicago,USA,21097.23,507,6693503776
CUST007907,Ava Taylor,customer7907@mail.com,+1-444-677-2889,Dallas,USA,33002.03,329,3881648210
CUST007908,Michael Davis,customer7908@mail.com,+1-444-284-5886,Dallas,USA,28542.58,608,5689059060
CUST007909,James Clark,customer7909@mail.com,+1-444-136-9222,New York,USA,13531.17,443,7165725342
CUST007910,Daniel Walker,customer7910@mail.com,+1-444-560-9381,Phoenix,USA,47565.48,795,2397112100
CUST007911,Ava Hall,customer7911@mail.com,+1-444-987-4352,Chicago,USA,10179.13,613,5752716445
CUST007912,Michael Hall,customer7912@mail.com,+1-444-200-9955,Phoenix,USA,21048.94,382,2911550462
CUST007913,Michael Hall,customer7913@mail.com,+1-444-565-8057,New York,USA,13003.77,773,3962678082
CUST007914,Olivia Lewis,customer7914@mail.com,+1-444-681-5357,Dallas,USA,30451.85,602,1893890187
CUST007915,Michael Brown,customer7915@mail.com,+1-444-629-6578,Dallas,USA,36306.71,453,3286196820
CUST007916,Olivia Clark,customer7916@mail.com,+1-444-119-3001,Phoenix,USA,36739.97,556,7141791411
CUST007917,John Wilson,customer7917@mail.com,+1-444-378-9665,Phoenix,USA,43081.92,415,7109831290
CUST007918,David Davis,customer7918@mail.com,+1-444-502-7719,Chicago,USA,47433.31,850,9790010926
CUST007919,Ava Johnson,customer7919@mail.com,+1-444-609-4498,Phoenix,USA,36040.6,818,8018457353
CUST007920,Emma Lewis,customer7920@mail.com,+1-444-202-5710,Chicago,USA,45429.79,471,8971813165
CUST007921,Daniel Smith,customer7921@mail.com,+1-444-673-4842,Dallas,USA,28687.98,508,1871258697
CUST007922,Sarah Lewis,customer7922@mail.com,+1-444-737-7023,Chicago,USA,22078.85,377,4125362130
CUST007923,Olivia Taylor,customer7923@mail.com,+1-444-990-4865,Phoenix,USA,40817.24,402,2279360138
CUST007924,Olivia Davis,customer7924@mail.com,+1-444-105-3675,Phoenix,USA,30598.98,754,9925623243
CUST007925,David Lewis,customer7925@mail.com,+1-444-710-1307,New York,USA,5671.61,550,1489488634
CUST007926,Michael Taylor,customer7926@mail.com,+1-444-583-6780,Chicago,USA,7662.42,782,6015140666
CUST007927,Ava Walker,customer7927@mail.com,+1-444-296-9104,Chicago,USA,42387.54,601,8612097188
CUST007928,Michael Brown,customer7928@mail.com,+1-444-479-6628,Phoenix,USA,40445.07,648,3848786284
CUST007929,Sarah Wilson,customer7929@mail.com,+1-444-240-3413,New York,USA,27184.53,780,9609512274
CUST007930,John Clark,customer7930@mail.com,+1-444-907-6233,New York,USA,46338.15,337,5153525090
CUST007931,Sarah Lewis,customer7931@mail.com,+1-444-118-7967,New York,USA,3553.33,389,6470342634
CUST007932,Sophia Wilson,customer7932@mail.com,+1-444-850-7946,Dallas,USA,13164.22,622,1035017414
CUST007933,Sarah Johnson,customer7933@mail.com,+1-444-703-8962,Phoenix,USA,11581.49,497,8236090968
CUST007934,John Brown,customer7934@mail.com,+1-444-124-5273,Phoenix,USA,44564.96,457,4974700693
CUST007935,James Hall,customer7935@mail.com,+1-444-542-5618,Chicago,USA,12268.64,487,6251967195
CUST007936,Olivia Wilson,customer7936@mail.com,+1-444-225-1546,New York,USA,43968.34,758,4512189222
CUST007937,Ava Lewis,customer7937@mail.com,+1-444-752-1293,Dallas,USA,6868.34,484,4498119776
CUST007938,David Brown,customer7938@mail.com,+1-444-732-4135,Chicago,USA,28050.49,469,8712908689
CUST007939,Sarah Clark,customer7939@mail.com,+1-444-696-5520,Dallas,USA,48915.55,613,9058048371
CUST007940,John Johnson,customer7940@mail.com,+1-444-653-1311,Chicago,USA,1991.82,804,4036526984
CUST007941,Daniel Taylor,customer7941@mail.com,+1-444-118-5151,Chicago,USA,37676.32,376,7242633513
CUST007942,Emma Smith,customer7942@mail.com,+1-444-215-4616,New York,USA,33836.85,707,3309565887
CUST007943,Ava Hall,customer7943@mail.com,+1-444-323-7113,Phoenix,USA,44719.77,498,7240467719
CUST007944,Olivia Davis,customer7944@mail.com,+1-444-617-9287,New York,USA,49970.5,612,6963406311
CUST007945,Emma Wilson,customer7945@mail.com,+1-444-672-4385,Phoenix,USA,43075.32,472,7591265824
CUST007946,Emma Taylor,customer7946@mail.com,+1-444-538-6132,Phoenix,USA,11280.45,758,4697003811
CUST007947,Olivia Brown,customer7947@mail.com,+1-444-712-1946,Phoenix,USA,2703.76,362,4996489303
CUST007948,Daniel Clark,customer7948@mail.com,+1-444-134-5225,New York,USA,38572.51,479,3759783733
CUST007949,Daniel Walker,customer7949@mail.com,+1-444-552-2099,Chicago,USA,31433.6,798,8348381985
CUST007950,Olivia Walker,customer7950@mail.com,+1-444-805-2262,Chicago,USA,12242.58,557,2865857804
CUST007951,Sarah Lewis,customer7951@mail.com,+1-444-515-6066,Chicago,USA,7276.8,622,9959918541
CUST007952,Ava Taylor,customer7952@mail.com,+1-444-325-2958,Phoenix,USA,4369.41,393,5379869392
CUST007953,John Davis,customer7953@mail.com,+1-444-771-3591,Dallas,USA,46599.54,322,1949572257
CUST007954,David Smith,customer7954@mail.com,+1-444-199-9148,New York,USA,1531.89,753,4771351254
CUST007955,John Walker,customer7955@mail.com,+1-444-244-9529,Dallas,USA,49822.97,327,9557519334
CUST007956,Emma Taylor,customer7956@mail.com,+1-444-621-9513,Phoenix,USA,41891.19,313,9703592187
CUST007957,Olivia Davis,customer7957@mail.com,+1-444-188-9600,New York,USA,11324.06,489,6793045417
CUST007958,Sarah Taylor,customer7958@mail.com,+1-444-345-4418,New York,USA,42417.39,712,1937507596
CUST007959,James Clark,customer7959@mail.com,+1-444-746-5304,Dallas,USA,41719.46,696,5998857171
CUST007960,Michael Brown,customer7960@mail.com,+1-444-840-8036,Phoenix,USA,45345.35,704,2955634330
CUST007961,Ava Taylor,customer7961@mail.com,+1-444-182-9104,New York,USA,20110.31,643,4668689016
CUST007962,Emma Brown,customer7962@mail.com,+1-444-286-4977,Chicago,USA,29662.71,838,3406040858
CUST007963,Michael Smith,customer7963@mail.com,+1-444-305-5738,New York,USA,35998.59,506,1429973552
CUST007964,David Taylor,customer7964@mail.com,+1-444-516-4394,Dallas,USA,7189.94,840,3866512512
CUST007965,Daniel Wilson,customer7965@mail.com,+1-444-622-1476,New York,USA,25602.42,476,1749200788
CUST007966,Olivia Clark,customer7966@mail.com,+1-444-691-7553,Phoenix,USA,29623.71,713,2070125986
CUST007967,Michael Lewis,customer7967@mail.com,+1-444-153-9636,New York,USA,166.66,429,2993250283
CUST007968,James Hall,customer7968@mail.com,+1-444-453-2500,Phoenix,USA,10545.99,544,1296714381
CUST007969,Sophia Davis,customer7969@mail.com,+1-444-204-3092,Phoenix,USA,6699.16,697,9994201701
CUST007970,Olivia Clark,customer7970@mail.com,+1-444-783-8858,Phoenix,USA,49431.84,598,8063153172
CUST007971,Ava Johnson,customer7971@mail.com,+1-444-654-9092,New York,USA,21620.44,647,3299579504
CUST007972,David Brown,customer7972@mail.com,+1-444-154-3174,Phoenix,USA,6152.35,699,5915811388
CUST007973,James Hall,customer7973@mail.com,+1-444-608-4961,Phoenix,USA,42155.04,680,8954640770
CUST007974,Olivia Wilson,customer7974@mail.com,+1-444-240-7685,Dallas,USA,24792.42,308,7720433416
CUST007975,Ava Wilson,customer7975@mail.com,+1-444-316-7660,Chicago,USA,8382.36,520,8884961018
CUST007976,John Brown,customer7976@mail.com,+1-444-355-9688,New York,USA,12506.36,795,7465812403
CUST007977,Sarah Davis,customer7977@mail.com,+1-444-357-8728,Chicago,USA,12182.43,656,6658919361
CUST007978,Sarah Davis,customer7978@mail.com,+1-444-847-5007,New York,USA,39189.71,809,7009264420
CUST007979,Ava Smith,customer7979@mail.com,+1-444-921-2534,Phoenix,USA,12016.47,659,8092554601
CUST007980,Sarah Hall,customer7980@mail.com,+1-444-830-9246,New York,USA,47002.28,406,7896910876
CUST007981,Emma Wilson,customer7981@mail.com,+1-444-412-2215,Chicago,USA,39286.96,553,3975666512
CUST007982,Emma Smith,customer7982@mail.com,+1-444-545-9187,New York,USA,44579.85,777,1526706512
CUST007983,Sophia Brown,customer7983@mail.com,+1-444-646-7888,New York,USA,4191.59,843,5298101021
CUST007984,James Hall,customer7984@mail.com,+1-444-880-5077,Phoenix,USA,16114.13,513,8043537957
CUST007985,David Smith,customer7985@mail.com,+1-444-191-7067,Dallas,USA,1906.89,811,4975400317
CUST007986,Daniel Walker,customer7986@mail.com,+1-444-116-4035,New York,USA,33971.36,452,4040219902
CUST007987,Sophia Taylor,customer7987@mail.com,+1-444-427-2179,Chicago,USA,48521.31,732,9631924846
CUST007988,David Johnson,customer7988@mail.com,+1-444-138-9409,Phoenix,USA,35036.12,328,8021627700
CUST007989,Sophia Lewis,customer7989@mail.com,+1-444-188-5812,Chicago,USA,49164.97,835,7641933940
CUST007990,David Johnson,customer7990@mail.com,+1-444-966-7758,Chicago,USA,15084.68,698,5555124590
CUST007991,John Lewis,customer7991@mail.com,+1-444-742-7255,New York,USA,35161.27,577,3621952100
CUST007992,James Johnson,customer7992@mail.com,+1-444-522-9851,Chicago,USA,45265.53,641,8908071059
CUST007993,Sophia Walker,customer7993@mail.com,+1-444-568-5652,Chicago,USA,44351.62,679,7007183502
CUST007994,Olivia Taylor,customer7994@mail.com,+1-444-599-7597,Phoenix,USA,16047.81,543,5577238456
CUST007995,Sarah Brown,customer7995@mail.com,+1-444-345-3857,New York,USA,40752.42,424,1915099565
CUST007996,Daniel Lewis,customer7996@mail.com,+1-444-724-3380,Phoenix,USA,3922.51,566,7701070067
CUST007997,David Hall,customer7997@mail.com,+1-444-181-3055,Chicago,USA,32508.39,361,1026756321
CUST007998,John Johnson,customer7998@mail.com,+1-444-892-3029,Dallas,USA,34843.29,409,5978912070
CUST007999,Ava Davis,customer7999@mail.com,+1-444-477-3685,New York,USA,30644.65,510,5506617865
CUST008000,James Taylor,customer8000@mail.com,+1-444-562-3867,Phoenix,USA,45197.17,418,2030810090
CUST008001,David Hall,customer8001@mail.com,+1-444-253-6201,Dallas,USA,35247.6,357,9927079022
CUST008002,Michael Smith,customer8002@mail.com,+1-444-537-2331,New York,USA,40607.93,798,6351257329
CUST008003,Daniel Hall,customer8003@mail.com,+1-444-185-8258,Phoenix,USA,27851.02,657,6210428486
CUST008004,Daniel Walker,customer8004@mail.com,+1-444-580-2679,Chicago,USA,42943.5,557,5843870044
CUST008005,John Davis,customer8005@mail.com,+1-444-367-7706,Phoenix,USA,15014.24,776,2663060217
CUST008006,James Brown,customer8006@mail.com,+1-444-999-5736,New York,USA,16564.98,791,6797973271
CUST008007,Olivia Clark,customer8007@mail.com,+1-444-898-1659,Chicago,USA,5718.22,808,1256654904
CUST008008,Daniel Hall,customer8008@mail.com,+1-444-684-5240,Phoenix,USA,8949.49,625,2637788630
CUST008009,Emma Clark,customer8009@mail.com,+1-444-520-1419,Chicago,USA,29063.01,734,8313357095
CUST008010,Ava Walker,customer8010@mail.com,+1-444-206-3688,New York,USA,16614.51,675,9694108915
CUST008011,James Taylor,customer8011@mail.com,+1-444-751-3718,New York,USA,44746.04,412,3058671532
CUST008012,David Brown,customer8012@mail.com,+1-444-608-5503,New York,USA,41045.58,650,2266762088
CUST008013,Daniel Walker,customer8013@mail.com,+1-444-756-8656,New York,USA,36049.24,395,5593815188
CUST008014,Daniel Johnson,customer8014@mail.com,+1-444-369-2731,Chicago,USA,3454.47,435,2135202720
CUST008015,Sarah Brown,customer8015@mail.com,+1-444-884-6205,New York,USA,31232.95,592,3891395133
CUST008016,Ava Smith,customer8016@mail.com,+1-444-351-7458,Dallas,USA,23294.33,552,1057982100
CUST008017,Ava Taylor,customer8017@mail.com,+1-444-458-9591,Dallas,USA,26849.16,424,6409418407
CUST008018,Ava Smith,customer8018@mail.com,+1-444-379-5124,Chicago,USA,36726.02,644,1218744226
CUST008019,Daniel Johnson,customer8019@mail.com,+1-444-110-5814,Chicago,USA,17646.11,629,9904398993
CUST008020,David Lewis,customer8020@mail.com,+1-444-681-5484,New York,USA,41875.03,796,2242982412
CUST008021,John Lewis,customer8021@mail.com,+1-444-870-2782,New York,USA,18482.56,310,1546904646
CUST008022,Sarah Taylor,customer8022@mail.com,+1-444-786-6442,Chicago,USA,41452.84,390,4645010186
CUST008023,David Wilson,customer8023@mail.com,+1-444-406-3168,Chicago,USA,8337.6,717,2579186778
CUST008024,Sarah Davis,customer8024@mail.com,+1-444-126-7310,Chicago,USA,38664.53,846,8792000245
CUST008025,Ava Taylor,customer8025@mail.com,+1-444-654-3740,New York,USA,30038.56,632,8389655845
CUST008026,Emma Taylor,customer8026@mail.com,+1-444-514-5025,Chicago,USA,4552.22,332,5771705717
CUST008027,David Clark,customer8027@mail.com,+1-444-305-3625,New York,USA,28690.85,389,3620979043
CUST008028,Ava Lewis,customer8028@mail.com,+1-444-782-8987,New York,USA,7649.66,508,9305722244
CUST008029,John Brown,customer8029@mail.com,+1-444-175-1569,Dallas,USA,1349.73,404,6106038800
CUST008030,Emma Taylor,customer8030@mail.com,+1-444-403-3976,Dallas,USA,20966.5,433,1627066066
CUST008031,Sarah Hall,customer8031@mail.com,+1-444-972-8771,New York,USA,29769.22,797,9304589731
CUST008032,John Taylor,customer8032@mail.com,+1-444-502-6592,Phoenix,USA,43934.14,326,8541103408
CUST008033,David Brown,customer8033@mail.com,+1-444-310-9485,Chicago,USA,37129.96,607,4583472394
CUST008034,Michael Hall,customer8034@mail.com,+1-444-194-8498,Dallas,USA,20232.11,803,1307707131
CUST008035,Emma Johnson,customer8035@mail.com,+1-444-506-7709,Phoenix,USA,42011.96,800,6919570949
CUST008036,Michael Taylor,customer8036@mail.com,+1-444-692-7159,Chicago,USA,31399.59,341,8657270811
CUST008037,James Wilson,customer8037@mail.com,+1-444-915-3450,Dallas,USA,33646.33,807,7137163963
CUST008038,Olivia Clark,customer8038@mail.com,+1-444-825-6501,Dallas,USA,3917.96,666,6680869582
CUST008039,Sarah Walker,customer8039@mail.com,+1-444-135-8337,Phoenix,USA,42164.62,370,8262052547
CUST008040,Olivia Hall,customer8040@mail.com,+1-444-884-2720,Chicago,USA,15211.2,358,6643412550
CUST008041,John Walker,customer8041@mail.com,+1-444-575-9565,Phoenix,USA,14013.86,612,5364461597
CUST008042,David Wilson,customer8042@mail.com,+1-444-546-8356,Dallas,USA,1803.07,629,7472504083
CUST008043,Emma Smith,customer8043@mail.com,+1-444-914-2165,Chicago,USA,44227.66,674,6977997144
CUST008044,Daniel Clark,customer8044@mail.com,+1-444-689-4821,Chicago,USA,2716.58,640,4143086523
CUST008045,Emma Johnson,customer8045@mail.com,+1-444-564-9661,New York,USA,19758.26,368,9364892942
CUST008046,Sarah Clark,customer8046@mail.com,+1-444-418-3747,Phoenix,USA,7984.95,771,1199693181
CUST008047,John Lewis,customer8047@mail.com,+1-444-972-4840,Chicago,USA,15590.25,636,5328022143
CUST008048,Michael Brown,customer8048@mail.com,+1-444-499-3303,New York,USA,27497.19,502,1972887502
CUST008049,Olivia Clark,customer8049@mail.com,+1-444-427-8757,New York,USA,7313.04,318,3467727679
CUST008050,Michael Johnson,customer8050@mail.com,+1-444-471-7957,Dallas,USA,21211.69,363,1447245539
CUST008051,James Wilson,customer8051@mail.com,+1-444-260-7306,Chicago,USA,7399.55,615,1547237404
CUST008052,Michael Lewis,customer8052@mail.com,+1-444-710-1941,Dallas,USA,21568.72,797,9677374507
CUST008053,Daniel Brown,customer8053@mail.com,+1-444-615-5351,Phoenix,USA,28042.49,725,8382888301
CUST008054,Ava Lewis,customer8054@mail.com,+1-444-879-8152,New York,USA,20249.11,475,7574296364
CUST008055,John Wilson,customer8055@mail.com,+1-444-894-6395,Dallas,USA,21083.42,314,6440128508
CUST008056,David Hall,customer8056@mail.com,+1-444-743-8974,Dallas,USA,49800.64,309,1747521508
CUST008057,Emma Clark,customer8057@mail.com,+1-444-234-8559,Dallas,USA,29595.62,639,5543221667
CUST008058,Olivia Smith,customer8058@mail.com,+1-444-631-6595,New York,USA,41895.15,660,1704692859
CUST008059,Emma Hall,customer8059@mail.com,+1-444-894-3402,New York,USA,18060.06,691,5114496552
CUST008060,David Brown,customer8060@mail.com,+1-444-699-5879,New York,USA,45468.17,337,2179677258
CUST008061,John Clark,customer8061@mail.com,+1-444-142-9332,New York,USA,32784.99,395,2961680814
CUST008062,Ava Lewis,customer8062@mail.com,+1-444-880-4225,Phoenix,USA,13328.59,695,9212729300
CUST008063,Sophia Davis,customer8063@mail.com,+1-444-941-1186,Phoenix,USA,45970.24,551,6448563511
CUST008064,James Brown,customer8064@mail.com,+1-444-265-5342,New York,USA,15443.64,816,7792485627
CUST008065,Sarah Wilson,customer8065@mail.com,+1-444-360-3666,Dallas,USA,47893.14,492,9322081988
CUST008066,Sophia Johnson,customer8066@mail.com,+1-444-751-5286,Dallas,USA,19046.82,822,4293621609
CUST008067,Daniel Davis,customer8067@mail.com,+1-444-769-8550,Chicago,USA,9242.29,729,1301126934
CUST008068,Ava Clark,customer8068@mail.com,+1-444-434-8929,Phoenix,USA,11707.34,317,8709377476
CUST008069,Ava Walker,customer8069@mail.com,+1-444-302-3198,New York,USA,28413.67,748,9985704720
CUST008070,Sophia Lewis,customer8070@mail.com,+1-444-240-8069,Dallas,USA,6313.68,500,8664292780
CUST008071,James Davis,customer8071@mail.com,+1-444-181-5556,Phoenix,USA,49923.85,820,8553928193
CUST008072,Sophia Davis,customer8072@mail.com,+1-444-228-9414,Dallas,USA,9038.78,670,1641491162
CUST008073,John Wilson,customer8073@mail.com,+1-444-784-4101,Phoenix,USA,30154.28,514,3540293723
CUST008074,Sophia Wilson,customer8074@mail.com,+1-444-318-6793,Phoenix,USA,29408.67,484,5438164866
CUST008075,James Clark,customer8075@mail.com,+1-444-973-4816,Dallas,USA,42605.98,538,7798686297
CUST008076,David Clark,customer8076@mail.com,+1-444-929-3992,New York,USA,30301.0,595,5805195593
CUST008077,Olivia Brown,customer8077@mail.com,+1-444-137-9872,New York,USA,36827.5,640,1933571177
CUST008078,John Smith,customer8078@mail.com,+1-444-640-4542,Phoenix,USA,48487.82,674,7031928070
CUST008079,Daniel Smith,customer8079@mail.com,+1-444-294-1271,Dallas,USA,4713.85,691,5711610293
CUST008080,Daniel Smith,customer8080@mail.com,+1-444-268-3142,Phoenix,USA,139.36,342,3877478852
CUST008081,David Smith,customer8081@mail.com,+1-444-102-2732,Dallas,USA,874.81,474,5758485753
CUST008082,David Taylor,customer8082@mail.com,+1-444-449-2085,New York,USA,47511.59,628,7205568071
CUST008083,Michael Hall,customer8083@mail.com,+1-444-506-2835,Dallas,USA,33579.28,827,4951732971
CUST008084,James Clark,customer8084@mail.com,+1-444-150-5270,Phoenix,USA,41402.77,660,3230459569
CUST008085,Daniel Taylor,customer8085@mail.com,+1-444-258-1036,Phoenix,USA,8724.95,451,9026429045
CUST008086,Michael Wilson,customer8086@mail.com,+1-444-932-9576,Chicago,USA,28098.44,838,5989048325
CUST008087,John Hall,customer8087@mail.com,+1-444-263-9697,New York,USA,36915.94,403,6506596072
CUST008088,David Smith,customer8088@mail.com,+1-444-924-5206,New York,USA,40353.09,843,7451934110
CUST008089,John Smith,customer8089@mail.com,+1-444-919-1126,Chicago,USA,48451.01,803,9830460304
CUST008090,Ava Lewis,customer8090@mail.com,+1-444-128-7132,New York,USA,42289.02,841,9374194248
CUST008091,Sarah Davis,customer8091@mail.com,+1-444-698-6193,Chicago,USA,335.31,668,6408248889
CUST008092,Daniel Hall,customer8092@mail.com,+1-444-396-3180,New York,USA,21798.47,521,9696459983
CUST008093,Emma Walker,customer8093@mail.com,+1-444-124-5603,Dallas,USA,45395.63,817,7005280703
CUST008094,Olivia Walker,customer8094@mail.com,+1-444-748-5792,Phoenix,USA,49145.52,809,9111347636
CUST008095,Ava Hall,customer8095@mail.com,+1-444-230-1610,Phoenix,USA,4847.13,763,6892811408
CUST008096,Daniel Hall,customer8096@mail.com,+1-444-844-1607,New York,USA,24197.15,588,9222416570
CUST008097,Sophia Davis,customer8097@mail.com,+1-444-581-5399,New York,USA,3830.88,585,7499901812
CUST008098,Olivia Johnson,customer8098@mail.com,+1-444-937-5467,New York,USA,2021.39,337,8660032835
CUST008099,Sophia Lewis,customer8099@mail.com,+1-444-476-1176,Chicago,USA,48246.25,628,4366524765
CUST008100,Michael Walker,customer8100@mail.com,+1-444-551-5526,New York,USA,39579.86,762,7486304106
CUST008101,Michael Taylor,customer8101@mail.com,+1-444-261-8622,Chicago,USA,21104.58,491,6650269053
CUST008102,David Taylor,customer8102@mail.com,+1-444-610-5656,New York,USA,25502.67,578,5565643173
CUST008103,John Hall,customer8103@mail.com,+1-444-692-1365,New York,USA,3101.5,523,8787048959
CUST008104,Daniel Johnson,customer8104@mail.com,+1-444-653-4389,Chicago,USA,22628.87,347,4969981585
CUST008105,Michael Taylor,customer8105@mail.com,+1-444-852-2306,New York,USA,4654.1,619,1406489042
CUST008106,John Wilson,customer8106@mail.com,+1-444-437-8024,Phoenix,USA,11465.62,522,5592677876
CUST008107,Daniel Hall,customer8107@mail.com,+1-444-936-8236,Chicago,USA,13620.32,651,5851147172
CUST008108,Emma Brown,customer8108@mail.com,+1-444-503-3995,Dallas,USA,33273.38,400,5680174858
CUST008109,Sarah Smith,customer8109@mail.com,+1-444-577-2295,New York,USA,43116.92,706,5041449734
CUST008110,James Lewis,customer8110@mail.com,+1-444-213-3162,Chicago,USA,1957.99,842,8278571585
CUST008111,Sophia Johnson,customer8111@mail.com,+1-444-317-9175,New York,USA,20290.7,659,9510789602
CUST008112,Ava Taylor,customer8112@mail.com,+1-444-140-3686,Phoenix,USA,35848.52,392,9229299144
CUST008113,Daniel Smith,customer8113@mail.com,+1-444-586-9678,Dallas,USA,46129.13,837,2554475729
CUST008114,Sarah Johnson,customer8114@mail.com,+1-444-760-3668,Dallas,USA,41712.64,690,4049244347
CUST008115,Emma Wilson,customer8115@mail.com,+1-444-769-9018,Chicago,USA,14420.32,777,9999385130
CUST008116,Sophia Wilson,customer8116@mail.com,+1-444-422-7762,New York,USA,13912.95,381,7393340897
CUST008117,John Wilson,customer8117@mail.com,+1-444-494-7399,Dallas,USA,31425.46,755,1122449913
CUST008118,Michael Clark,customer8118@mail.com,+1-444-667-8108,Dallas,USA,37726.39,735,5955457299
CUST008119,Ava Clark,customer8119@mail.com,+1-444-424-7024,Phoenix,USA,26495.57,353,3192783067
CUST008120,Olivia Davis,customer8120@mail.com,+1-444-163-3485,Dallas,USA,32285.49,649,4309816310
CUST008121,James Brown,customer8121@mail.com,+1-444-643-2027,Dallas,USA,14177.17,330,4070581033
CUST008122,Sarah Wilson,customer8122@mail.com,+1-444-355-7034,Dallas,USA,24132.33,323,1693403514
CUST008123,Michael Walker,customer8123@mail.com,+1-444-563-8154,Phoenix,USA,37540.41,785,7487615399
CUST008124,Olivia Walker,customer8124@mail.com,+1-444-770-3048,Dallas,USA,13446.3,305,1585464512
CUST008125,Emma Walker,customer8125@mail.com,+1-444-630-8640,Chicago,USA,32267.58,510,4779416311
CUST008126,Emma Smith,customer8126@mail.com,+1-444-515-6089,Chicago,USA,35557.92,514,9143506044
CUST008127,John Wilson,customer8127@mail.com,+1-444-554-4082,Chicago,USA,40875.01,301,7056387465
CUST008128,Ava Davis,customer8128@mail.com,+1-444-317-9537,New York,USA,38308.67,343,6944978712
CUST008129,James Davis,customer8129@mail.com,+1-444-932-2156,Phoenix,USA,48648.09,558,7858271003
CUST008130,John Walker,customer8130@mail.com,+1-444-955-4935,Chicago,USA,10518.98,676,3267284193
CUST008131,Sarah Smith,customer8131@mail.com,+1-444-430-9956,Phoenix,USA,10869.33,699,8733185536
CUST008132,David Hall,customer8132@mail.com,+1-444-424-1933,New York,USA,12723.8,559,3075874958
CUST008133,Ava Taylor,customer8133@mail.com,+1-444-164-4093,Phoenix,USA,37028.16,432,2363924587
CUST008134,Emma Johnson,customer8134@mail.com,+1-444-447-8740,Dallas,USA,8847.13,730,6544515446
CUST008135,Daniel Brown,customer8135@mail.com,+1-444-391-4564,New York,USA,20084.33,733,2560724078
CUST008136,Emma Lewis,customer8136@mail.com,+1-444-140-8659,Dallas,USA,1503.28,302,1189052856
CUST008137,Olivia Davis,customer8137@mail.com,+1-444-436-8740,New York,USA,39312.77,453,4820885842
CUST008138,James Davis,customer8138@mail.com,+1-444-356-3259,Dallas,USA,27852.2,762,1670064448
CUST008139,Sophia Brown,customer8139@mail.com,+1-444-927-9786,New York,USA,25569.67,783,6130624751
CUST008140,James Johnson,customer8140@mail.com,+1-444-616-6878,New York,USA,20579.32,744,3099049208
CUST008141,David Hall,customer8141@mail.com,+1-444-224-9315,Chicago,USA,40294.05,595,7130969582
CUST008142,Olivia Davis,customer8142@mail.com,+1-444-752-3208,Chicago,USA,6990.05,409,6600962168
CUST008143,Sophia Taylor,customer8143@mail.com,+1-444-573-5829,Chicago,USA,46437.52,792,1711492661
CUST008144,Michael Hall,customer8144@mail.com,+1-444-770-7417,Chicago,USA,17538.16,709,6526368523
CUST008145,Michael Davis,customer8145@mail.com,+1-444-546-5923,Phoenix,USA,24666.92,812,3697496856
CUST008146,Michael Davis,customer8146@mail.com,+1-444-693-1993,New York,USA,30289.38,486,6850464456
CUST008147,Sarah Wilson,customer8147@mail.com,+1-444-854-5042,Dallas,USA,4624.26,308,3205728286
CUST008148,Sophia Hall,customer8148@mail.com,+1-444-931-5170,Phoenix,USA,23221.84,435,4920555928
CUST008149,David Taylor,customer8149@mail.com,+1-444-100-3181,Phoenix,USA,16790.23,520,9742589092
CUST008150,Ava Clark,customer8150@mail.com,+1-444-627-9789,Dallas,USA,39546.45,346,5899263447
CUST008151,Ava Walker,customer8151@mail.com,+1-444-956-3081,Phoenix,USA,1069.04,647,9556163003
CUST008152,Michael Johnson,customer8152@mail.com,+1-444-103-5584,Chicago,USA,28505.08,593,7926423346
CUST008153,John Hall,customer8153@mail.com,+1-444-226-2884,Dallas,USA,25155.6,661,5125697136
CUST008154,Sarah Lewis,customer8154@mail.com,+1-444-401-2975,Dallas,USA,8734.79,557,2234573487
CUST008155,John Clark,customer8155@mail.com,+1-444-655-3740,Phoenix,USA,49651.22,660,5317716392
CUST008156,Michael Johnson,customer8156@mail.com,+1-444-180-5440,Chicago,USA,29715.77,735,1912765542
CUST008157,James Johnson,customer8157@mail.com,+1-444-591-9062,New York,USA,31447.4,632,9404993273
CUST008158,James Davis,customer8158@mail.com,+1-444-234-5404,Phoenix,USA,37660.64,630,7794299321
CUST008159,James Smith,customer8159@mail.com,+1-444-977-3291,Chicago,USA,4186.23,388,6796625971
CUST008160,David Wilson,customer8160@mail.com,+1-444-945-8889,Phoenix,USA,33932.36,534,3814641277
CUST008161,Sophia Johnson,customer8161@mail.com,+1-444-904-7770,Chicago,USA,14704.44,825,3247370869
CUST008162,Michael Wilson,customer8162@mail.com,+1-444-757-8330,New York,USA,28820.69,445,6055877826
CUST008163,Daniel Lewis,customer8163@mail.com,+1-444-728-3702,Phoenix,USA,21591.72,689,4356250183
CUST008164,Olivia Hall,customer8164@mail.com,+1-444-771-1815,New York,USA,40812.14,668,2190739201
CUST008165,Ava Taylor,customer8165@mail.com,+1-444-631-2890,Chicago,USA,39959.13,791,2453114016
CUST008166,Sophia Hall,customer8166@mail.com,+1-444-203-4345,Phoenix,USA,49288.11,635,9859903783
CUST008167,David Hall,customer8167@mail.com,+1-444-690-7168,Dallas,USA,36529.34,829,1033489747
CUST008168,Olivia Davis,customer8168@mail.com,+1-444-553-2259,Chicago,USA,1519.47,833,5209058527
CUST008169,Emma Hall,customer8169@mail.com,+1-444-997-8976,Dallas,USA,4640.26,304,2030211548
CUST008170,Ava Taylor,customer8170@mail.com,+1-444-555-8821,Chicago,USA,24379.55,651,4756928212
CUST008171,Emma Wilson,customer8171@mail.com,+1-444-521-4866,New York,USA,12793.02,797,6562603373
CUST008172,Michael Hall,customer8172@mail.com,+1-444-499-2780,Phoenix,USA,40784.98,814,5309007669
CUST008173,Michael Smith,customer8173@mail.com,+1-444-423-7510,Phoenix,USA,2131.15,357,8130649609
CUST008174,Daniel Clark,customer8174@mail.com,+1-444-145-1703,New York,USA,4180.27,681,6301634849
CUST008175,Olivia Hall,customer8175@mail.com,+1-444-433-4490,New York,USA,27858.52,770,1696728126
CUST008176,Daniel Hall,customer8176@mail.com,+1-444-200-5989,New York,USA,27595.28,629,1659195328
CUST008177,Sarah Taylor,customer8177@mail.com,+1-444-897-9333,Chicago,USA,23580.81,452,4385161423
CUST008178,Daniel Davis,customer8178@mail.com,+1-444-175-2265,New York,USA,6057.86,407,2886177012
CUST008179,David Walker,customer8179@mail.com,+1-444-950-4395,Phoenix,USA,24720.46,440,4614549361
CUST008180,Michael Taylor,customer8180@mail.com,+1-444-804-2289,Dallas,USA,22133.75,573,6852003907
CUST008181,Olivia Lewis,customer8181@mail.com,+1-444-806-9797,Dallas,USA,7048.5,758,8073700458
CUST008182,David Brown,customer8182@mail.com,+1-444-640-1494,Dallas,USA,34142.33,466,1721845724
CUST008183,Olivia Lewis,customer8183@mail.com,+1-444-623-9209,Chicago,USA,15078.17,556,6194903491
CUST008184,Michael Smith,customer8184@mail.com,+1-444-681-6034,Chicago,USA,2226.31,542,8273776939
CUST008185,Emma Hall,customer8185@mail.com,+1-444-100-4965,New York,USA,6684.75,313,1018406676
CUST008186,Ava Davis,customer8186@mail.com,+1-444-644-2831,Phoenix,USA,6401.56,407,6046345452
CUST008187,Sophia Clark,customer8187@mail.com,+1-444-365-5373,Phoenix,USA,12693.39,373,5816434171
CUST008188,James Clark,customer8188@mail.com,+1-444-938-1918,Chicago,USA,10032.17,418,9852203483
CUST008189,Olivia Hall,customer8189@mail.com,+1-444-849-2487,Chicago,USA,25739.26,782,1030992537
CUST008190,Sarah Wilson,customer8190@mail.com,+1-444-335-5479,New York,USA,651.61,706,7683817372
CUST008191,Ava Johnson,customer8191@mail.com,+1-444-818-3419,Dallas,USA,10502.04,462,8222878734
CUST008192,Sarah Davis,customer8192@mail.com,+1-444-568-3117,Phoenix,USA,18082.31,362,8642141955
CUST008193,Emma Lewis,customer8193@mail.com,+1-444-379-8275,New York,USA,49011.06,336,2422748450
CUST008194,Sophia Smith,customer8194@mail.com,+1-444-948-7710,Dallas,USA,35088.21,591,4523945184
CUST008195,Michael Walker,customer8195@mail.com,+1-444-973-3670,New York,USA,43062.73,367,6035834350
CUST008196,Michael Taylor,customer8196@mail.com,+1-444-820-9577,Phoenix,USA,41450.19,695,1277019139
CUST008197,James Taylor,customer8197@mail.com,+1-444-876-7326,Dallas,USA,47829.08,448,6562263679
CUST008198,David Taylor,customer8198@mail.com,+1-444-634-9789,New York,USA,29647.3,319,4432490194
CUST008199,Sophia Wilson,customer8199@mail.com,+1-444-433-4094,New York,USA,6706.02,761,5853309144
CUST008200,David Davis,customer8200@mail.com,+1-444-446-4345,New York,USA,16757.95,516,3522074804
CUST008201,James Walker,customer8201@mail.com,+1-444-787-3530,Dallas,USA,2121.86,548,1885301137
CUST008202,Ava Taylor,customer8202@mail.com,+1-444-945-4561,Dallas,USA,31578.5,470,4733141479
CUST008203,John Walker,customer8203@mail.com,+1-444-152-7693,Dallas,USA,16770.01,353,2176213720
CUST008204,Sarah Brown,customer8204@mail.com,+1-444-447-3595,Chicago,USA,22581.2,659,1057725132
CUST008205,David Smith,customer8205@mail.com,+1-444-259-2046,Dallas,USA,21296.48,662,7848826753
CUST008206,Emma Smith,customer8206@mail.com,+1-444-898-9026,Phoenix,USA,21682.65,633,7160694717
CUST008207,John Lewis,customer8207@mail.com,+1-444-710-9178,Dallas,USA,28347.9,612,1896342196
CUST008208,Sarah Brown,customer8208@mail.com,+1-444-584-6425,Phoenix,USA,15143.18,783,3420660104
CUST008209,Michael Davis,customer8209@mail.com,+1-444-510-5325,Dallas,USA,20871.04,705,8351664006
CUST008210,Ava Davis,customer8210@mail.com,+1-444-335-7565,New York,USA,36915.48,499,2976543390
CUST008211,Ava Smith,customer8211@mail.com,+1-444-518-6852,Chicago,USA,4298.62,802,6986285451
CUST008212,David Lewis,customer8212@mail.com,+1-444-416-3494,New York,USA,8508.8,347,5639094932
CUST008213,Sophia Clark,customer8213@mail.com,+1-444-745-9158,New York,USA,10153.88,427,5339534928
CUST008214,Michael Brown,customer8214@mail.com,+1-444-363-2422,Phoenix,USA,8095.62,624,8753399939
CUST008215,David Brown,customer8215@mail.com,+1-444-322-2427,Dallas,USA,41742.15,539,8119972400
CUST008216,David Brown,customer8216@mail.com,+1-444-559-2705,Dallas,USA,46614.71,760,7700311998
CUST008217,Emma Walker,customer8217@mail.com,+1-444-361-8956,Phoenix,USA,29134.91,377,8283555298
CUST008218,James Smith,customer8218@mail.com,+1-444-487-9862,Chicago,USA,9329.82,374,4168423208
CUST008219,James Wilson,customer8219@mail.com,+1-444-190-9721,Dallas,USA,46504.57,692,8939877218
CUST008220,Olivia Wilson,customer8220@mail.com,+1-444-316-9429,Dallas,USA,31964.27,320,2056866681
CUST008221,Sarah Johnson,customer8221@mail.com,+1-444-182-5847,Phoenix,USA,32870.66,763,9495248521
CUST008222,John Lewis,customer8222@mail.com,+1-444-755-6970,Phoenix,USA,34943.06,479,6408590207
CUST008223,James Brown,customer8223@mail.com,+1-444-731-8060,Phoenix,USA,39312.1,530,7472630418
CUST008224,Michael Brown,customer8224@mail.com,+1-444-730-3431,Chicago,USA,2616.97,598,5926900402
CUST008225,Olivia Clark,customer8225@mail.com,+1-444-657-7619,Dallas,USA,48987.9,410,7306337780
CUST008226,Daniel Walker,customer8226@mail.com,+1-444-448-5924,Chicago,USA,46029.95,391,9654115223
CUST008227,Daniel Davis,customer8227@mail.com,+1-444-890-1884,Dallas,USA,19185.81,620,1605137191
CUST008228,Sarah Smith,customer8228@mail.com,+1-444-914-1451,Dallas,USA,7328.5,391,2952097523
CUST008229,Olivia Taylor,customer8229@mail.com,+1-444-188-7308,Phoenix,USA,33181.47,377,6861034312
CUST008230,Ava Clark,customer8230@mail.com,+1-444-283-4269,Phoenix,USA,5743.51,813,8871368402
CUST008231,John Hall,customer8231@mail.com,+1-444-222-2146,Chicago,USA,22266.64,845,2585442746
CUST008232,David Hall,customer8232@mail.com,+1-444-639-4013,New York,USA,11737.33,662,7903482718
CUST008233,Sophia Johnson,customer8233@mail.com,+1-444-366-6435,New York,USA,39123.94,690,5189716465
CUST008234,Emma Clark,customer8234@mail.com,+1-444-645-4310,Chicago,USA,15694.88,800,7502993560
CUST008235,Michael Hall,customer8235@mail.com,+1-444-839-7873,Chicago,USA,26768.98,665,6727020751
CUST008236,James Taylor,customer8236@mail.com,+1-444-578-1523,New York,USA,13489.33,771,2615006704
CUST008237,Ava Taylor,customer8237@mail.com,+1-444-325-6136,Phoenix,USA,14203.11,722,1004679780
CUST008238,Daniel Taylor,customer8238@mail.com,+1-444-378-5784,Dallas,USA,25554.46,397,9614479299
CUST008239,Emma Hall,customer8239@mail.com,+1-444-764-5873,Phoenix,USA,12973.43,385,5806971813
CUST008240,Emma Lewis,customer8240@mail.com,+1-444-557-3421,New York,USA,3278.95,641,9421637836
CUST008241,Michael Brown,customer8241@mail.com,+1-444-544-9948,Chicago,USA,34118.45,607,1131759261
CUST008242,Emma Taylor,customer8242@mail.com,+1-444-907-9197,New York,USA,9471.54,821,9756752121
CUST008243,Ava Lewis,customer8243@mail.com,+1-444-428-9096,Dallas,USA,38555.16,604,4491068902
CUST008244,David Walker,customer8244@mail.com,+1-444-951-5285,New York,USA,8311.81,755,7137344450
CUST008245,Daniel Brown,customer8245@mail.com,+1-444-806-7482,Phoenix,USA,21739.16,709,5989832308
CUST008246,Emma Lewis,customer8246@mail.com,+1-444-204-9511,Dallas,USA,47038.08,382,5011998110
CUST008247,David Clark,customer8247@mail.com,+1-444-860-7189,Phoenix,USA,9796.39,827,6003744387
CUST008248,James Wilson,customer8248@mail.com,+1-444-377-5622,Chicago,USA,18936.02,828,8827832835
CUST008249,Olivia Hall,customer8249@mail.com,+1-444-460-6478,Chicago,USA,32978.83,838,4742133451
CUST008250,Ava Davis,customer8250@mail.com,+1-444-677-7849,Dallas,USA,30969.74,764,2134616322
CUST008251,Sophia Hall,customer8251@mail.com,+1-444-617-2509,Phoenix,USA,20302.48,766,9477065002
CUST008252,Sarah Walker,customer8252@mail.com,+1-444-121-6953,New York,USA,40610.84,581,5612042883
CUST008253,Michael Walker,customer8253@mail.com,+1-444-117-9803,Dallas,USA,12143.37,599,8080533938
CUST008254,Sophia Taylor,customer8254@mail.com,+1-444-759-4688,New York,USA,40527.88,433,8849414629
CUST008255,David Lewis,customer8255@mail.com,+1-444-796-4412,Phoenix,USA,37739.42,318,7643099084
CUST008256,Emma Wilson,customer8256@mail.com,+1-444-498-7649,Dallas,USA,34995.31,370,3455975759
CUST008257,Olivia Hall,customer8257@mail.com,+1-444-662-5284,Chicago,USA,26558.98,830,8746165181
CUST008258,Sophia Lewis,customer8258@mail.com,+1-444-664-1080,Dallas,USA,11469.18,522,2525282038
CUST008259,John Clark,customer8259@mail.com,+1-444-368-4891,Dallas,USA,7596.09,424,3392516018
CUST008260,Sarah Lewis,customer8260@mail.com,+1-444-990-5221,Chicago,USA,10678.58,695,2405653287
CUST008261,Sarah Walker,customer8261@mail.com,+1-444-753-3063,Dallas,USA,15089.79,460,5581272565
CUST008262,Michael Davis,customer8262@mail.com,+1-444-564-2538,Phoenix,USA,24651.35,711,9889247043
CUST008263,John Lewis,customer8263@mail.com,+1-444-430-4699,Chicago,USA,34160.83,301,3316096986
CUST008264,Olivia Lewis,customer8264@mail.com,+1-444-122-9402,New York,USA,39041.29,573,3533752046
CUST008265,Sarah Taylor,customer8265@mail.com,+1-444-316-1803,Chicago,USA,21621.57,722,1019600470
CUST008266,David Clark,customer8266@mail.com,+1-444-604-1994,New York,USA,39716.79,426,5768598812
CUST008267,Emma Brown,customer8267@mail.com,+1-444-429-1036,New York,USA,13422.01,545,2861995958
CUST008268,David Brown,customer8268@mail.com,+1-444-696-3438,Phoenix,USA,37750.46,740,4801750698
CUST008269,Sophia Smith,customer8269@mail.com,+1-444-629-2079,New York,USA,8465.87,592,6588020271
CUST008270,Daniel Taylor,customer8270@mail.com,+1-444-890-3064,Dallas,USA,5337.96,335,8949751554
CUST008271,James Wilson,customer8271@mail.com,+1-444-517-6630,Phoenix,USA,41755.08,499,1109511286
CUST008272,Michael Taylor,customer8272@mail.com,+1-444-880-7150,Phoenix,USA,6925.91,322,2061025031
CUST008273,Emma Lewis,customer8273@mail.com,+1-444-780-3275,New York,USA,3488.49,825,1607752961
CUST008274,Michael Walker,customer8274@mail.com,+1-444-269-7447,New York,USA,7495.49,518,6896448112
CUST008275,Sophia Wilson,customer8275@mail.com,+1-444-822-7400,Dallas,USA,36010.79,451,5392524125
CUST008276,Sophia Brown,customer8276@mail.com,+1-444-782-1654,Dallas,USA,14363.08,313,4879083374
CUST008277,Sophia Lewis,customer8277@mail.com,+1-444-977-2066,Dallas,USA,21029.39,471,4276717878
CUST008278,James Hall,customer8278@mail.com,+1-444-809-9665,Dallas,USA,16064.9,462,7425468939
CUST008279,Sophia Davis,customer8279@mail.com,+1-444-148-6203,Dallas,USA,42185.74,544,8116952201
CUST008280,Sophia Davis,customer8280@mail.com,+1-444-134-4880,Chicago,USA,49704.92,586,1384626987
CUST008281,Sarah Walker,customer8281@mail.com,+1-444-785-4779,Phoenix,USA,4494.41,841,6650380588
CUST008282,Sophia Lewis,customer8282@mail.com,+1-444-784-5209,Dallas,USA,25408.48,611,9080552953
CUST008283,James Brown,customer8283@mail.com,+1-444-373-1550,New York,USA,30620.24,467,6390969615
CUST008284,John Clark,customer8284@mail.com,+1-444-597-1320,New York,USA,18488.55,512,8038376660
CUST008285,David Hall,customer8285@mail.com,+1-444-784-9370,New York,USA,564.13,300,6258879807
CUST008286,Emma Wilson,customer8286@mail.com,+1-444-192-6602,New York,USA,28726.92,365,9637258185
CUST008287,Daniel Smith,customer8287@mail.com,+1-444-274-2011,Phoenix,USA,44186.6,314,2284587866
CUST008288,Sarah Wilson,customer8288@mail.com,+1-444-843-5552,Chicago,USA,6129.15,307,7051006568
CUST008289,Olivia Hall,customer8289@mail.com,+1-444-734-8273,New York,USA,23849.23,607,3843339732
CUST008290,Michael Smith,customer8290@mail.com,+1-444-462-2442,Dallas,USA,42960.72,525,9386295970
CUST008291,Emma Davis,customer8291@mail.com,+1-444-131-1618,Phoenix,USA,32313.38,317,1048376627
CUST008292,Ava Walker,customer8292@mail.com,+1-444-261-4680,Chicago,USA,37599.27,603,9063913911
CUST008293,John Taylor,customer8293@mail.com,+1-444-183-6857,Phoenix,USA,40768.82,576,5013197224
CUST008294,Sophia Hall,customer8294@mail.com,+1-444-472-4233,Dallas,USA,3756.65,395,9625376669
CUST008295,Olivia Clark,customer8295@mail.com,+1-444-799-4776,New York,USA,30020.08,434,4073367592
CUST008296,David Wilson,customer8296@mail.com,+1-444-219-3642,Chicago,USA,16343.04,683,2973138992
CUST008297,Michael Clark,customer8297@mail.com,+1-444-541-5029,Chicago,USA,12102.79,792,5164414602
CUST008298,James Davis,customer8298@mail.com,+1-444-778-5740,Dallas,USA,45067.54,712,6963115247
CUST008299,David Davis,customer8299@mail.com,+1-444-429-5401,New York,USA,9556.47,514,1501851191
CUST008300,Michael Wilson,customer8300@mail.com,+1-444-217-1421,Dallas,USA,20608.74,436,6271026407
CUST008301,Ava Johnson,customer8301@mail.com,+1-444-918-8234,Phoenix,USA,23653.61,789,8377355273
CUST008302,James Wilson,customer8302@mail.com,+1-444-836-9679,Phoenix,USA,18970.13,517,3745254381
CUST008303,Michael Clark,customer8303@mail.com,+1-444-901-3855,Chicago,USA,43029.58,721,1421454049
CUST008304,Ava Clark,customer8304@mail.com,+1-444-186-8227,Chicago,USA,34618.83,467,6851761967
CUST008305,Sarah Davis,customer8305@mail.com,+1-444-577-7360,Dallas,USA,4783.2,451,4201326653
CUST008306,Sarah Hall,customer8306@mail.com,+1-444-562-7348,New York,USA,3107.93,548,5063356401
CUST008307,Sophia Clark,customer8307@mail.com,+1-444-267-9580,Phoenix,USA,28868.62,789,2976213416
CUST008308,Olivia Wilson,customer8308@mail.com,+1-444-352-7483,New York,USA,42446.22,843,3058577178
CUST008309,Sarah Hall,customer8309@mail.com,+1-444-862-5834,Dallas,USA,2378.97,431,3794923673
CUST008310,Olivia Walker,customer8310@mail.com,+1-444-330-7398,Phoenix,USA,4583.69,319,4032995639
CUST008311,Ava Davis,customer8311@mail.com,+1-444-230-7577,Phoenix,USA,20708.19,511,3892164935
CUST008312,David Johnson,customer8312@mail.com,+1-444-675-7550,Chicago,USA,14681.64,559,7890539525
CUST008313,James Clark,customer8313@mail.com,+1-444-615-5711,New York,USA,42784.67,849,7784964545
CUST008314,Sophia Brown,customer8314@mail.com,+1-444-322-3622,Phoenix,USA,25461.58,660,9490082027
CUST008315,Sophia Lewis,customer8315@mail.com,+1-444-807-9037,Phoenix,USA,16096.72,824,2525338255
CUST008316,Michael Taylor,customer8316@mail.com,+1-444-939-4284,Phoenix,USA,22754.75,790,1195189799
CUST008317,Sophia Taylor,customer8317@mail.com,+1-444-465-5597,New York,USA,18635.01,436,3948562374
CUST008318,Sophia Hall,customer8318@mail.com,+1-444-673-1295,Dallas,USA,4469.8,620,3922061614
CUST008319,Ava Brown,customer8319@mail.com,+1-444-276-5188,Phoenix,USA,11453.21,472,3042769275
CUST008320,David Clark,customer8320@mail.com,+1-444-508-6463,Dallas,USA,26510.81,634,7129043656
CUST008321,Daniel Taylor,customer8321@mail.com,+1-444-838-4188,Phoenix,USA,6575.58,362,7258281161
CUST008322,John Walker,customer8322@mail.com,+1-444-759-4828,Phoenix,USA,44950.33,584,2359831949
CUST008323,Daniel Smith,customer8323@mail.com,+1-444-854-4586,New York,USA,41824.11,835,6954940415
CUST008324,John Lewis,customer8324@mail.com,+1-444-325-1438,Dallas,USA,40338.92,410,2884839122
CUST008325,Olivia Davis,customer8325@mail.com,+1-444-297-3712,New York,USA,42767.85,435,7173043708
CUST008326,Daniel Smith,customer8326@mail.com,+1-444-896-7511,Dallas,USA,11627.3,788,9274518722
CUST008327,Emma Wilson,customer8327@mail.com,+1-444-850-9642,Phoenix,USA,820.28,585,8116265982
CUST008328,John Hall,customer8328@mail.com,+1-444-368-3660,Chicago,USA,21794.67,734,6454891606
CUST008329,Sarah Wilson,customer8329@mail.com,+1-444-960-5605,Phoenix,USA,41109.14,498,7164966983
CUST008330,John Brown,customer8330@mail.com,+1-444-918-8473,Chicago,USA,49851.13,606,6799229210
CUST008331,John Walker,customer8331@mail.com,+1-444-561-1566,Chicago,USA,48123.78,474,7813370101
CUST008332,Michael Clark,customer8332@mail.com,+1-444-509-7707,Chicago,USA,43279.19,577,7068688348
CUST008333,David Johnson,customer8333@mail.com,+1-444-173-7575,Chicago,USA,49729.05,575,7044477546
CUST008334,James Johnson,customer8334@mail.com,+1-444-308-6405,New York,USA,11918.46,601,8332808383
CUST008335,John Davis,customer8335@mail.com,+1-444-851-7731,Chicago,USA,46794.69,581,1838463009
CUST008336,John Davis,customer8336@mail.com,+1-444-628-2269,Dallas,USA,31919.1,347,4092468966
CUST008337,Sarah Hall,customer8337@mail.com,+1-444-204-5867,Dallas,USA,14596.42,566,6256887443
CUST008338,Ava Davis,customer8338@mail.com,+1-444-457-2317,Chicago,USA,15541.17,551,8829003524
CUST008339,Emma Johnson,customer8339@mail.com,+1-444-396-8552,Chicago,USA,45305.7,667,6047296565
CUST008340,James Wilson,customer8340@mail.com,+1-444-918-9704,New York,USA,49003.78,781,8288292220
CUST008341,Olivia Clark,customer8341@mail.com,+1-444-817-5855,Chicago,USA,4384.1,395,9283452071
CUST008342,Sarah Brown,customer8342@mail.com,+1-444-171-2721,Dallas,USA,8785.09,583,7154416304
CUST008343,Ava Taylor,customer8343@mail.com,+1-444-925-9109,New York,USA,34159.95,493,9905945061
CUST008344,James Hall,customer8344@mail.com,+1-444-345-5895,Chicago,USA,31943.73,384,5006219500
CUST008345,Sophia Lewis,customer8345@mail.com,+1-444-382-2827,New York,USA,40967.42,682,7190381715
CUST008346,Emma Smith,customer8346@mail.com,+1-444-269-6567,Dallas,USA,38369.39,778,5017642313
CUST008347,John Walker,customer8347@mail.com,+1-444-275-5009,Chicago,USA,36474.36,728,6884514334
CUST008348,Sarah Walker,customer8348@mail.com,+1-444-750-7137,Dallas,USA,25990.27,355,2378005698
CUST008349,Sarah Taylor,customer8349@mail.com,+1-444-808-2947,Dallas,USA,40043.77,793,8687216190
CUST008350,Olivia Wilson,customer8350@mail.com,+1-444-840-9193,Phoenix,USA,41205.8,773,3960258856
CUST008351,John Taylor,customer8351@mail.com,+1-444-564-8150,Chicago,USA,18314.2,302,9854897940
CUST008352,David Wilson,customer8352@mail.com,+1-444-641-4551,New York,USA,44643.17,700,6651692923
CUST008353,James Johnson,customer8353@mail.com,+1-444-693-8084,Dallas,USA,44558.37,755,6179362149
CUST008354,Ava Clark,customer8354@mail.com,+1-444-811-4577,Phoenix,USA,287.54,415,5803020036
CUST008355,Sophia Taylor,customer8355@mail.com,+1-444-886-5213,Chicago,USA,19999.4,458,8893244237
CUST008356,Olivia Wilson,customer8356@mail.com,+1-444-982-6037,Chicago,USA,8710.53,740,8640777145
CUST008357,James Hall,customer8357@mail.com,+1-444-690-2482,New York,USA,28646.37,519,9141256288
CUST008358,Daniel Johnson,customer8358@mail.com,+1-444-598-9668,Chicago,USA,41100.91,443,9685293656
CUST008359,John Walker,customer8359@mail.com,+1-444-229-4585,New York,USA,42528.06,729,6153172275
CUST008360,Emma Lewis,customer8360@mail.com,+1-444-672-5473,Phoenix,USA,17840.84,371,1356223944
CUST008361,James Clark,customer8361@mail.com,+1-444-495-9761,Chicago,USA,12257.08,449,1660287868
CUST008362,Emma Smith,customer8362@mail.com,+1-444-423-6261,New York,USA,23772.29,363,4510572388
CUST008363,James Walker,customer8363@mail.com,+1-444-528-1751,Phoenix,USA,12874.95,569,5675142305
CUST008364,Sophia Wilson,customer8364@mail.com,+1-444-234-9798,Chicago,USA,23788.39,743,5533173432
CUST008365,David Davis,customer8365@mail.com,+1-444-104-2305,Dallas,USA,11952.38,487,8099773447
CUST008366,Ava Clark,customer8366@mail.com,+1-444-559-1200,Dallas,USA,11476.16,723,7968769865
CUST008367,Sophia Clark,customer8367@mail.com,+1-444-985-7253,Phoenix,USA,44355.53,469,7168140610
CUST008368,David Wilson,customer8368@mail.com,+1-444-678-5100,Chicago,USA,30930.01,611,1453811796
CUST008369,John Walker,customer8369@mail.com,+1-444-988-6360,Phoenix,USA,12968.34,589,3850463392
CUST008370,Olivia Davis,customer8370@mail.com,+1-444-632-7040,Phoenix,USA,10137.59,372,9199277941
CUST008371,Daniel Clark,customer8371@mail.com,+1-444-457-3643,Dallas,USA,23742.09,517,6691296145
CUST008372,Daniel Walker,customer8372@mail.com,+1-444-747-2023,Dallas,USA,39322.09,715,7516490187
CUST008373,Olivia Lewis,customer8373@mail.com,+1-444-266-9256,New York,USA,39659.01,461,1227318478
CUST008374,David Taylor,customer8374@mail.com,+1-444-734-2048,Dallas,USA,13758.5,393,9134327235
CUST008375,Sophia Clark,customer8375@mail.com,+1-444-666-7892,Phoenix,USA,47681.13,536,4526570926
CUST008376,James Hall,customer8376@mail.com,+1-444-198-7633,Phoenix,USA,25747.23,357,5109777876
CUST008377,Daniel Smith,customer8377@mail.com,+1-444-648-9036,Dallas,USA,26158.64,821,1701742234
CUST008378,Michael Clark,customer8378@mail.com,+1-444-136-5434,New York,USA,38273.21,360,6571151704
CUST008379,James Walker,customer8379@mail.com,+1-444-147-2682,Dallas,USA,31843.12,734,4130689757
CUST008380,Sarah Davis,customer8380@mail.com,+1-444-638-1354,Phoenix,USA,44703.91,523,9168698683
CUST008381,Ava Hall,customer8381@mail.com,+1-444-726-6983,Chicago,USA,15335.22,607,9147424662
CUST008382,Sarah Lewis,customer8382@mail.com,+1-444-935-9504,New York,USA,21661.65,640,6989481975
CUST008383,Sophia Smith,customer8383@mail.com,+1-444-794-5585,Chicago,USA,11736.03,765,3016555177
CUST008384,Michael Johnson,customer8384@mail.com,+1-444-748-8625,Chicago,USA,26267.95,377,4954633672
CUST008385,Daniel Brown,customer8385@mail.com,+1-444-614-8612,New York,USA,31323.13,818,5856079100
CUST008386,Ava Taylor,customer8386@mail.com,+1-444-448-8358,New York,USA,33884.8,351,1513231347
CUST008387,Sophia Davis,customer8387@mail.com,+1-444-854-8632,Phoenix,USA,40307.27,309,9522960590
CUST008388,Sarah Smith,customer8388@mail.com,+1-444-345-8274,Phoenix,USA,21052.95,316,9008428487
CUST008389,Emma Clark,customer8389@mail.com,+1-444-411-1071,Chicago,USA,44457.23,428,6281237430
CUST008390,John Brown,customer8390@mail.com,+1-444-162-6169,New York,USA,45654.25,687,7898803711
CUST008391,Daniel Walker,customer8391@mail.com,+1-444-160-2368,Dallas,USA,3534.36,840,5849717934
CUST008392,Sophia Hall,customer8392@mail.com,+1-444-289-8001,Dallas,USA,24734.78,454,7143220973
CUST008393,Daniel Walker,customer8393@mail.com,+1-444-198-1654,New York,USA,1245.77,764,3654266949
CUST008394,Michael Smith,customer8394@mail.com,+1-444-887-3793,Dallas,USA,49103.15,626,3411398461
CUST008395,Olivia Smith,customer8395@mail.com,+1-444-381-7083,New York,USA,24316.05,531,9799506969
CUST008396,James Brown,customer8396@mail.com,+1-444-319-4397,Phoenix,USA,9389.26,340,8201924900
CUST008397,John Brown,customer8397@mail.com,+1-444-749-7311,New York,USA,47077.84,541,8155796601
CUST008398,Sarah Hall,customer8398@mail.com,+1-444-773-8983,Chicago,USA,32103.75,419,8592482105
CUST008399,Michael Hall,customer8399@mail.com,+1-444-747-6701,New York,USA,36408.22,527,5538757901
CUST008400,James Taylor,customer8400@mail.com,+1-444-904-6288,Chicago,USA,7877.46,529,4794815447
CUST008401,Michael Davis,customer8401@mail.com,+1-444-467-5297,New York,USA,18747.99,708,6489531200
CUST008402,Olivia Clark,customer8402@mail.com,+1-444-415-1615,Chicago,USA,46081.09,828,4278887838
CUST008403,Michael Taylor,customer8403@mail.com,+1-444-747-3214,Phoenix,USA,5341.77,817,7239720103
CUST008404,Daniel Lewis,customer8404@mail.com,+1-444-284-1213,New York,USA,27008.71,562,5374391403
CUST008405,David Wilson,customer8405@mail.com,+1-444-486-9021,Chicago,USA,28083.64,812,7643351162
CUST008406,Emma Hall,customer8406@mail.com,+1-444-160-2227,Dallas,USA,9358.83,685,3650736106
CUST008407,James Lewis,customer8407@mail.com,+1-444-608-2325,New York,USA,21188.64,684,1293065775
CUST008408,Sophia Wilson,customer8408@mail.com,+1-444-540-5332,Chicago,USA,15218.71,656,6862842435
CUST008409,Sophia Taylor,customer8409@mail.com,+1-444-909-6944,Dallas,USA,40585.72,326,5963815130
CUST008410,James Wilson,customer8410@mail.com,+1-444-810-2628,New York,USA,16138.75,818,8803983702
CUST008411,Emma Smith,customer8411@mail.com,+1-444-326-4092,Phoenix,USA,39075.04,565,9044455767
CUST008412,Olivia Hall,customer8412@mail.com,+1-444-604-4624,Phoenix,USA,39867.87,805,8320759056
CUST008413,Olivia Hall,customer8413@mail.com,+1-444-927-5715,Phoenix,USA,1730.86,419,6720715292
CUST008414,Ava Brown,customer8414@mail.com,+1-444-950-3271,Dallas,USA,32407.99,600,5225721259
CUST008415,David Taylor,customer8415@mail.com,+1-444-146-5346,New York,USA,46829.95,580,6785494895
CUST008416,Emma Taylor,customer8416@mail.com,+1-444-986-5339,Phoenix,USA,6979.78,558,8188467872
CUST008417,Ava Clark,customer8417@mail.com,+1-444-757-1724,New York,USA,23010.83,700,6512406068
CUST008418,Daniel Johnson,customer8418@mail.com,+1-444-145-2243,Phoenix,USA,28346.11,416,1192417282
CUST008419,Michael Walker,customer8419@mail.com,+1-444-938-1589,Chicago,USA,28959.17,828,3534620143
CUST008420,John Brown,customer8420@mail.com,+1-444-995-4504,Chicago,USA,17595.77,814,8975737391
CUST008421,Olivia Wilson,customer8421@mail.com,+1-444-809-4312,Chicago,USA,10329.15,626,4033861690
CUST008422,James Smith,customer8422@mail.com,+1-444-416-4708,Phoenix,USA,42673.91,651,1085472760
CUST008423,Olivia Taylor,customer8423@mail.com,+1-444-307-5198,Phoenix,USA,23513.21,433,6922184361
CUST008424,Emma Hall,customer8424@mail.com,+1-444-425-4593,Phoenix,USA,28353.2,475,5196646000
CUST008425,Sarah Hall,customer8425@mail.com,+1-444-557-2320,New York,USA,8907.77,544,7279897455
CUST008426,David Smith,customer8426@mail.com,+1-444-109-4593,Phoenix,USA,40587.39,710,9177150730
CUST008427,Ava Hall,customer8427@mail.com,+1-444-768-2946,Dallas,USA,22775.38,409,8362402961
CUST008428,David Smith,customer8428@mail.com,+1-444-814-8845,Chicago,USA,47341.11,332,7320161777
CUST008429,Michael Wilson,customer8429@mail.com,+1-444-290-7747,Chicago,USA,4494.64,354,2325247662
CUST008430,Michael Lewis,customer8430@mail.com,+1-444-186-9537,Chicago,USA,21733.13,772,2626294294
CUST008431,Olivia Taylor,customer8431@mail.com,+1-444-277-3444,Dallas,USA,27459.41,315,5663584903
CUST008432,Daniel Clark,customer8432@mail.com,+1-444-473-8106,Dallas,USA,34163.18,847,7335397203
CUST008433,David Hall,customer8433@mail.com,+1-444-837-3511,New York,USA,35910.0,358,3459173585
CUST008434,Emma Clark,customer8434@mail.com,+1-444-288-4661,Dallas,USA,48827.86,392,1112991764
CUST008435,James Smith,customer8435@mail.com,+1-444-516-9478,New York,USA,40089.11,600,6761758743
CUST008436,Michael Johnson,customer8436@mail.com,+1-444-612-9621,New York,USA,26627.58,421,7156027421
CUST008437,John Hall,customer8437@mail.com,+1-444-494-1432,Phoenix,USA,1452.39,712,8366107946
CUST008438,Sarah Clark,customer8438@mail.com,+1-444-257-4588,New York,USA,47999.99,715,3775740645
CUST008439,Emma Hall,customer8439@mail.com,+1-444-214-4272,Dallas,USA,33641.69,591,4117597725
CUST008440,Sarah Smith,customer8440@mail.com,+1-444-395-1466,Phoenix,USA,1085.09,748,9503594467
CUST008441,James Taylor,customer8441@mail.com,+1-444-565-5544,Phoenix,USA,32734.96,649,1397545138
CUST008442,Michael Brown,customer8442@mail.com,+1-444-278-7440,Chicago,USA,38169.55,594,8846488786
CUST008443,Sarah Brown,customer8443@mail.com,+1-444-288-2874,New York,USA,41914.94,704,4768885652
CUST008444,Michael Clark,customer8444@mail.com,+1-444-998-9557,Phoenix,USA,38047.31,587,3340864151
CUST008445,Sophia Johnson,customer8445@mail.com,+1-444-746-5926,Phoenix,USA,13105.38,845,6899673457
CUST008446,Sarah Hall,customer8446@mail.com,+1-444-134-5193,Dallas,USA,36368.82,604,5601553541
CUST008447,Emma Walker,customer8447@mail.com,+1-444-319-3842,Dallas,USA,28176.87,368,2007249951
CUST008448,Sarah Wilson,customer8448@mail.com,+1-444-721-4497,Dallas,USA,46927.15,795,1743432184
CUST008449,Daniel Brown,customer8449@mail.com,+1-444-826-1400,Dallas,USA,44971.54,621,8313747619
CUST008450,Ava Clark,customer8450@mail.com,+1-444-606-1788,New York,USA,2235.11,507,6593237720
CUST008451,Emma Taylor,customer8451@mail.com,+1-444-996-5230,Chicago,USA,46232.79,374,4055036016
CUST008452,James Brown,customer8452@mail.com,+1-444-834-7857,New York,USA,37127.25,464,6237381741
CUST008453,Daniel Hall,customer8453@mail.com,+1-444-332-7309,New York,USA,41564.7,453,2498748550
CUST008454,Michael Lewis,customer8454@mail.com,+1-444-595-3376,Dallas,USA,32406.49,531,4539537715
CUST008455,Emma Clark,customer8455@mail.com,+1-444-605-8286,New York,USA,11159.8,566,5552847757
CUST008456,Sophia Brown,customer8456@mail.com,+1-444-249-3938,Chicago,USA,33341.66,654,8717952648
CUST008457,Olivia Taylor,customer8457@mail.com,+1-444-939-5274,Phoenix,USA,8278.23,383,8165728309
CUST008458,Sarah Wilson,customer8458@mail.com,+1-444-297-2768,New York,USA,18223.29,510,1307082544
CUST008459,Emma Johnson,customer8459@mail.com,+1-444-556-6679,Phoenix,USA,31120.14,693,4767125969
CUST008460,Sophia Lewis,customer8460@mail.com,+1-444-535-2550,Chicago,USA,764.82,652,1812139557
CUST008461,Daniel Johnson,customer8461@mail.com,+1-444-973-1965,Chicago,USA,34596.01,564,7996384636
CUST008462,Emma Lewis,customer8462@mail.com,+1-444-420-3374,Dallas,USA,38111.71,554,1179406078
CUST008463,John Brown,customer8463@mail.com,+1-444-920-7813,New York,USA,28468.98,344,8154082484
CUST008464,David Davis,customer8464@mail.com,+1-444-352-8126,New York,USA,26859.43,465,3124596990
CUST008465,James Walker,customer8465@mail.com,+1-444-628-7839,Phoenix,USA,42524.45,472,6103894727
CUST008466,Michael Johnson,customer8466@mail.com,+1-444-237-8642,Phoenix,USA,39131.24,642,9579961907
CUST008467,Sarah Davis,customer8467@mail.com,+1-444-483-4621,Chicago,USA,45591.73,395,6954760688
CUST008468,Michael Taylor,customer8468@mail.com,+1-444-457-6208,Dallas,USA,21570.59,326,9604791763
CUST008469,John Johnson,customer8469@mail.com,+1-444-754-3200,Phoenix,USA,32416.91,444,1065201690
CUST008470,David Wilson,customer8470@mail.com,+1-444-344-8426,Chicago,USA,5304.63,424,5408313676
CUST008471,Olivia Taylor,customer8471@mail.com,+1-444-400-8673,Chicago,USA,23811.67,330,3138760867
CUST008472,Daniel Taylor,customer8472@mail.com,+1-444-804-1138,Phoenix,USA,5649.62,792,4821978970
CUST008473,David Wilson,customer8473@mail.com,+1-444-287-9214,New York,USA,862.92,306,8752433797
CUST008474,Daniel Clark,customer8474@mail.com,+1-444-216-9104,New York,USA,10722.97,614,4490587191
CUST008475,James Brown,customer8475@mail.com,+1-444-562-1787,New York,USA,13644.76,681,2553610275
CUST008476,Michael Taylor,customer8476@mail.com,+1-444-425-2098,Phoenix,USA,27108.22,552,2421111591
CUST008477,Olivia Brown,customer8477@mail.com,+1-444-108-1654,Phoenix,USA,5613.84,361,7251315309
CUST008478,Emma Smith,customer8478@mail.com,+1-444-905-9642,Chicago,USA,30325.81,517,8361471463
CUST008479,Ava Smith,customer8479@mail.com,+1-444-455-4527,Chicago,USA,26639.56,812,9469213165
CUST008480,David Walker,customer8480@mail.com,+1-444-403-7714,Phoenix,USA,37816.77,715,6650927808
CUST008481,James Smith,customer8481@mail.com,+1-444-208-6333,Phoenix,USA,4579.81,655,1908087768
CUST008482,James Clark,customer8482@mail.com,+1-444-895-3500,New York,USA,46047.01,499,1554551253
CUST008483,Daniel Clark,customer8483@mail.com,+1-444-387-9242,New York,USA,15649.38,626,5122554505
CUST008484,Sarah Taylor,customer8484@mail.com,+1-444-250-5816,Chicago,USA,45843.84,524,3546188228
CUST008485,Emma Smith,customer8485@mail.com,+1-444-570-6590,Dallas,USA,33044.76,772,8785288597
CUST008486,Daniel Lewis,customer8486@mail.com,+1-444-783-7644,Dallas,USA,49129.69,357,9228870293
CUST008487,James Lewis,customer8487@mail.com,+1-444-780-9654,New York,USA,21772.26,331,8184088766
CUST008488,Sarah Taylor,customer8488@mail.com,+1-444-532-6154,New York,USA,24218.68,314,4912751892
CUST008489,Emma Brown,customer8489@mail.com,+1-444-786-1249,Dallas,USA,25795.6,749,1046210966
CUST008490,Daniel Lewis,customer8490@mail.com,+1-444-464-4839,New York,USA,22610.78,629,4712077635
CUST008491,Emma Hall,customer8491@mail.com,+1-444-203-4327,New York,USA,21963.55,490,9109162284
CUST008492,James Davis,customer8492@mail.com,+1-444-512-4899,Phoenix,USA,29296.76,768,7569731523
CUST008493,Michael Smith,customer8493@mail.com,+1-444-298-4795,Chicago,USA,31830.85,352,7417346989
CUST008494,Michael Smith,customer8494@mail.com,+1-444-410-1537,Dallas,USA,24443.03,636,9827803725
CUST008495,Ava Lewis,customer8495@mail.com,+1-444-632-2728,Chicago,USA,10396.01,360,9625505461
CUST008496,Olivia Hall,customer8496@mail.com,+1-444-726-7499,Chicago,USA,12957.41,528,2370469640
CUST008497,Michael Davis,customer8497@mail.com,+1-444-157-3997,Dallas,USA,38889.79,775,1275185321
CUST008498,Daniel Smith,customer8498@mail.com,+1-444-471-2268,New York,USA,7196.12,356,1366581457
CUST008499,Ava Lewis,customer8499@mail.com,+1-444-291-7550,New York,USA,33637.83,809,7918862169
CUST008500,David Taylor,customer8500@mail.com,+1-444-892-4123,Phoenix,USA,14994.65,657,2290570481
CUST008501,Daniel Wilson,customer8501@mail.com,+1-444-990-8641,Dallas,USA,17821.82,487,7790745037
CUST008502,Emma Walker,customer8502@mail.com,+1-444-708-1648,Chicago,USA,7187.56,484,9123847580
CUST008503,David Taylor,customer8503@mail.com,+1-444-258-7114,Phoenix,USA,30729.05,422,3101543678
CUST008504,David Walker,customer8504@mail.com,+1-444-901-5890,Dallas,USA,19824.59,685,6004253391
CUST008505,Sophia Lewis,customer8505@mail.com,+1-444-243-9768,Chicago,USA,23176.92,731,7633740173
CUST008506,Olivia Hall,customer8506@mail.com,+1-444-225-4766,Chicago,USA,49396.18,454,3650658650
CUST008507,David Wilson,customer8507@mail.com,+1-444-476-7915,Chicago,USA,46895.42,307,3089314521
CUST008508,Emma Johnson,customer8508@mail.com,+1-444-662-4525,Phoenix,USA,47791.68,535,9731257358
CUST008509,Sarah Davis,customer8509@mail.com,+1-444-123-7564,New York,USA,36645.44,803,9837078986
CUST008510,David Lewis,customer8510@mail.com,+1-444-353-1238,New York,USA,13412.43,690,1077441274
CUST008511,Daniel Davis,customer8511@mail.com,+1-444-520-1486,New York,USA,26280.18,415,7735641462
CUST008512,Sarah Davis,customer8512@mail.com,+1-444-880-3543,Dallas,USA,2777.57,819,6821165643
CUST008513,John Brown,customer8513@mail.com,+1-444-951-2079,Phoenix,USA,16607.34,772,9202963979
CUST008514,Olivia Brown,customer8514@mail.com,+1-444-183-3398,Dallas,USA,28460.79,433,1602759557
CUST008515,Daniel Hall,customer8515@mail.com,+1-444-158-1735,New York,USA,5960.61,406,4222647979
CUST008516,Olivia Brown,customer8516@mail.com,+1-444-686-2630,Phoenix,USA,23489.51,483,9843746620
CUST008517,David Davis,customer8517@mail.com,+1-444-825-8398,Dallas,USA,14773.27,311,4403129614
CUST008518,Sophia Wilson,customer8518@mail.com,+1-444-916-3583,Dallas,USA,8713.77,635,1064206452
CUST008519,Michael Walker,customer8519@mail.com,+1-444-690-4056,Phoenix,USA,39548.68,355,9218725615
CUST008520,James Wilson,customer8520@mail.com,+1-444-852-4983,Dallas,USA,48692.37,563,8142044875
CUST008521,Emma Brown,customer8521@mail.com,+1-444-614-5777,New York,USA,16257.81,808,9252445730
CUST008522,Sarah Smith,customer8522@mail.com,+1-444-760-6430,Dallas,USA,6671.55,445,3624559858
CUST008523,Daniel Johnson,customer8523@mail.com,+1-444-528-8269,New York,USA,2193.84,490,9488171081
CUST008524,James Brown,customer8524@mail.com,+1-444-580-8021,Dallas,USA,8882.09,441,2610422511
CUST008525,John Davis,customer8525@mail.com,+1-444-108-1704,Dallas,USA,4391.3,685,8291638439
CUST008526,Ava Smith,customer8526@mail.com,+1-444-250-7202,Chicago,USA,35274.54,792,1365072396
CUST008527,Daniel Walker,customer8527@mail.com,+1-444-948-4951,New York,USA,17270.98,494,1944551750
CUST008528,Sarah Walker,customer8528@mail.com,+1-444-229-3125,Phoenix,USA,7014.7,305,1362646345
CUST008529,Olivia Johnson,customer8529@mail.com,+1-444-674-4574,Chicago,USA,19716.99,623,6859745407
CUST008530,Michael Lewis,customer8530@mail.com,+1-444-674-2159,Dallas,USA,16640.54,733,8396933973
CUST008531,James Davis,customer8531@mail.com,+1-444-642-8609,New York,USA,8239.99,379,9205229135
CUST008532,James Johnson,customer8532@mail.com,+1-444-951-4210,Dallas,USA,31294.63,844,4121646720
CUST008533,Michael Davis,customer8533@mail.com,+1-444-243-2300,Chicago,USA,7908.14,332,4971140733
CUST008534,Sarah Wilson,customer8534@mail.com,+1-444-587-8730,Chicago,USA,48236.59,789,9584392723
CUST008535,Sarah Taylor,customer8535@mail.com,+1-444-898-9892,New York,USA,34229.76,518,8560035126
CUST008536,Daniel Clark,customer8536@mail.com,+1-444-532-4944,Chicago,USA,13723.16,650,2105404473
CUST008537,James Hall,customer8537@mail.com,+1-444-502-1267,Dallas,USA,38491.66,698,2027278683
CUST008538,John Davis,customer8538@mail.com,+1-444-204-3293,Dallas,USA,47728.32,330,3004612793
CUST008539,Daniel Brown,customer8539@mail.com,+1-444-825-9300,Chicago,USA,19769.53,536,1670672011
CUST008540,Sarah Lewis,customer8540@mail.com,+1-444-406-8004,New York,USA,20581.99,823,4117381446
CUST008541,David Taylor,customer8541@mail.com,+1-444-543-1805,New York,USA,16598.03,493,7117109987
CUST008542,David Johnson,customer8542@mail.com,+1-444-218-9415,Dallas,USA,12526.84,418,8106268451
CUST008543,Sophia Smith,customer8543@mail.com,+1-444-373-5409,Phoenix,USA,23493.86,597,2559339023
CUST008544,Sarah Davis,customer8544@mail.com,+1-444-353-2414,Dallas,USA,14647.8,848,1781633273
CUST008545,Emma Walker,customer8545@mail.com,+1-444-653-3066,Phoenix,USA,25788.39,552,6249417602
CUST008546,David Davis,customer8546@mail.com,+1-444-164-1171,New York,USA,17567.74,775,1163118174
CUST008547,Daniel Wilson,customer8547@mail.com,+1-444-642-2169,New York,USA,23165.22,654,7291455795
CUST008548,Sarah Brown,customer8548@mail.com,+1-444-876-1224,New York,USA,24320.35,357,3680819299
CUST008549,Sarah Wilson,customer8549@mail.com,+1-444-209-2748,Dallas,USA,28153.82,604,9547286883
CUST008550,Emma Wilson,customer8550@mail.com,+1-444-344-7499,Dallas,USA,24989.4,736,7509010383
CUST008551,Emma Taylor,customer8551@mail.com,+1-444-958-9190,Phoenix,USA,49299.86,413,3509660614
CUST008552,Emma Taylor,customer8552@mail.com,+1-444-251-8192,Phoenix,USA,27966.57,701,8540089566
CUST008553,James Taylor,customer8553@mail.com,+1-444-395-6143,Phoenix,USA,22353.19,512,1506614671
CUST008554,David Davis,customer8554@mail.com,+1-444-874-9690,New York,USA,32335.78,835,4649405235
CUST008555,Olivia Lewis,customer8555@mail.com,+1-444-977-3443,Dallas,USA,25169.16,427,2243017602
CUST008556,Emma Smith,customer8556@mail.com,+1-444-907-4895,Phoenix,USA,47634.89,472,7839049752
CUST008557,David Wilson,customer8557@mail.com,+1-444-130-1414,New York,USA,4797.43,586,7716003831
CUST008558,Daniel Hall,customer8558@mail.com,+1-444-903-2250,Dallas,USA,3095.08,626,4763616083
CUST008559,James Smith,customer8559@mail.com,+1-444-762-3148,Chicago,USA,15739.2,667,2969684976
CUST008560,Michael Brown,customer8560@mail.com,+1-444-426-7040,Chicago,USA,49502.2,758,3438179481
CUST008561,Sophia Smith,customer8561@mail.com,+1-444-188-4538,New York,USA,42535.8,585,7579113815
CUST008562,John Wilson,customer8562@mail.com,+1-444-978-9431,Dallas,USA,43710.15,353,7655179233
CUST008563,Emma Brown,customer8563@mail.com,+1-444-480-3344,Dallas,USA,37173.72,732,6967633338
CUST008564,Ava Lewis,customer8564@mail.com,+1-444-570-3991,Phoenix,USA,33830.17,429,4096746027
CUST008565,Michael Hall,customer8565@mail.com,+1-444-408-8686,Chicago,USA,31903.4,653,2464729031
CUST008566,Daniel Davis,customer8566@mail.com,+1-444-900-6961,New York,USA,9980.58,748,4060958549
CUST008567,David Lewis,customer8567@mail.com,+1-444-540-9041,Dallas,USA,13147.63,401,1672023477
CUST008568,Sarah Smith,customer8568@mail.com,+1-444-635-5056,Dallas,USA,25577.32,513,1129196212
CUST008569,David Clark,customer8569@mail.com,+1-444-508-1922,Chicago,USA,36574.9,460,6158222347
CUST008570,Sophia Davis,customer8570@mail.com,+1-444-173-1126,Dallas,USA,25235.98,646,1596237524
CUST008571,Ava Smith,customer8571@mail.com,+1-444-591-8646,New York,USA,20608.19,602,7554205659
CUST008572,Olivia Smith,customer8572@mail.com,+1-444-306-6305,Dallas,USA,12270.09,412,2790635948
CUST008573,Daniel Lewis,customer8573@mail.com,+1-444-686-4710,Chicago,USA,24114.51,488,2786437775
CUST008574,John Clark,customer8574@mail.com,+1-444-474-9729,New York,USA,37127.71,514,3811372327
CUST008575,Sarah Taylor,customer8575@mail.com,+1-444-186-3218,Phoenix,USA,22540.73,503,7178517981
CUST008576,Ava Taylor,customer8576@mail.com,+1-444-907-7156,Chicago,USA,19779.08,812,3009692119
CUST008577,Daniel Brown,customer8577@mail.com,+1-444-505-2856,New York,USA,13566.57,810,7767395629
CUST008578,Sophia Johnson,customer8578@mail.com,+1-444-309-4416,Phoenix,USA,18135.77,462,6431867237
CUST008579,David Taylor,customer8579@mail.com,+1-444-465-9594,Phoenix,USA,24445.84,752,4474515848
CUST008580,David Lewis,customer8580@mail.com,+1-444-299-6497,Dallas,USA,25719.46,407,4418749120
CUST008581,Sarah Lewis,customer8581@mail.com,+1-444-896-8733,Chicago,USA,42008.31,765,9263900534
CUST008582,John Hall,customer8582@mail.com,+1-444-980-6981,Dallas,USA,43286.49,558,4848360030
CUST008583,John Davis,customer8583@mail.com,+1-444-422-7220,Chicago,USA,47484.39,504,1259941596
CUST008584,James Hall,customer8584@mail.com,+1-444-243-9220,Dallas,USA,8303.6,658,3600580907
CUST008585,Sophia Clark,customer8585@mail.com,+1-444-489-6377,Phoenix,USA,39483.57,530,1712515616
CUST008586,Ava Wilson,customer8586@mail.com,+1-444-288-2653,Dallas,USA,9850.02,652,1401537227
CUST008587,David Lewis,customer8587@mail.com,+1-444-771-7324,Chicago,USA,14260.17,739,9884381141
CUST008588,Ava Walker,customer8588@mail.com,+1-444-325-8430,Chicago,USA,43064.8,558,4962769532
CUST008589,James Walker,customer8589@mail.com,+1-444-839-5919,New York,USA,18200.1,765,3890615145
CUST008590,Olivia Davis,customer8590@mail.com,+1-444-585-7527,New York,USA,40951.17,456,8241475568
CUST008591,Ava Smith,customer8591@mail.com,+1-444-645-5461,New York,USA,29320.33,819,5991634266
CUST008592,James Clark,customer8592@mail.com,+1-444-303-8105,New York,USA,29396.1,579,4844069119
CUST008593,Emma Walker,customer8593@mail.com,+1-444-727-3235,New York,USA,34390.77,758,3394259714
CUST008594,Sophia Brown,customer8594@mail.com,+1-444-589-1939,New York,USA,11231.72,783,3412790738
CUST008595,Daniel Walker,customer8595@mail.com,+1-444-387-1770,Chicago,USA,25793.0,789,9701350991
CUST008596,James Davis,customer8596@mail.com,+1-444-898-7786,Phoenix,USA,10227.26,726,4094826956
CUST008597,Olivia Wilson,customer8597@mail.com,+1-444-722-8048,Chicago,USA,39172.52,523,5235626166
CUST008598,Michael Taylor,customer8598@mail.com,+1-444-825-9245,Chicago,USA,38147.52,313,8001325055
CUST008599,John Lewis,customer8599@mail.com,+1-444-811-1859,New York,USA,1030.64,432,8889033824
CUST008600,John Clark,customer8600@mail.com,+1-444-521-4618,Phoenix,USA,11819.17,692,8098997483
CUST008601,Sophia Hall,customer8601@mail.com,+1-444-986-9661,New York,USA,11448.33,781,9733580038
CUST008602,Emma Clark,customer8602@mail.com,+1-444-647-2645,Phoenix,USA,28529.17,403,8578710241
CUST008603,John Brown,customer8603@mail.com,+1-444-383-8893,Dallas,USA,46619.53,400,4071820280
CUST008604,Daniel Wilson,customer8604@mail.com,+1-444-851-9451,Phoenix,USA,16808.85,463,1395756605
CUST008605,John Brown,customer8605@mail.com,+1-444-294-6607,Chicago,USA,22737.83,828,8080185869
CUST008606,Olivia Walker,customer8606@mail.com,+1-444-399-5650,New York,USA,6466.83,767,3163506745
CUST008607,John Davis,customer8607@mail.com,+1-444-520-1024,New York,USA,31675.67,677,3254282430
CUST008608,Emma Wilson,customer8608@mail.com,+1-444-517-8385,New York,USA,34890.46,776,5205928788
CUST008609,Ava Wilson,customer8609@mail.com,+1-444-351-8458,New York,USA,40799.42,609,6515097777
CUST008610,Sophia Lewis,customer8610@mail.com,+1-444-653-7748,Chicago,USA,11783.57,697,8887191875
CUST008611,John Davis,customer8611@mail.com,+1-444-412-4537,Phoenix,USA,39446.21,328,8032558587
CUST008612,John Smith,customer8612@mail.com,+1-444-920-5401,Dallas,USA,17614.02,840,6318476558
CUST008613,Daniel Johnson,customer8613@mail.com,+1-444-564-6470,Phoenix,USA,6223.76,448,6011279593
CUST008614,Daniel Brown,customer8614@mail.com,+1-444-323-4491,Dallas,USA,18727.78,782,7068125955
CUST008615,Olivia Brown,customer8615@mail.com,+1-444-812-7475,Chicago,USA,29560.95,414,8352704760
CUST008616,Michael Clark,customer8616@mail.com,+1-444-363-8792,Chicago,USA,40459.52,431,8743840693
CUST008617,Daniel Taylor,customer8617@mail.com,+1-444-562-3245,Phoenix,USA,24740.89,844,5997505533
CUST008618,Daniel Davis,customer8618@mail.com,+1-444-534-9453,Phoenix,USA,5541.82,709,1359540146
CUST008619,Michael Wilson,customer8619@mail.com,+1-444-572-5369,Dallas,USA,42256.02,759,8513625997
CUST008620,David Clark,customer8620@mail.com,+1-444-302-2428,Chicago,USA,12168.69,494,5508053399
CUST008621,David Davis,customer8621@mail.com,+1-444-815-4182,New York,USA,19471.26,756,6650897058
CUST008622,Michael Lewis,customer8622@mail.com,+1-444-703-3976,Dallas,USA,14595.62,421,8776932222
CUST008623,Sophia Smith,customer8623@mail.com,+1-444-571-1904,Dallas,USA,22959.54,322,1563632039
CUST008624,David Clark,customer8624@mail.com,+1-444-961-2333,New York,USA,18960.59,709,9960506988
CUST008625,Sophia Lewis,customer8625@mail.com,+1-444-720-3495,Chicago,USA,22889.8,505,4403290041
CUST008626,James Brown,customer8626@mail.com,+1-444-105-8502,Chicago,USA,36214.55,720,1199732197
CUST008627,Michael Hall,customer8627@mail.com,+1-444-657-7629,New York,USA,7605.6,481,1424917775
CUST008628,Emma Wilson,customer8628@mail.com,+1-444-540-3551,Phoenix,USA,49703.16,574,3249140901
CUST008629,Daniel Brown,customer8629@mail.com,+1-444-558-9829,Dallas,USA,8811.88,660,4083155135
CUST008630,James Clark,customer8630@mail.com,+1-444-565-3708,Phoenix,USA,11485.49,478,9657506194
CUST008631,Ava Davis,customer8631@mail.com,+1-444-509-3000,Dallas,USA,47215.05,730,1660444329
CUST008632,Daniel Walker,customer8632@mail.com,+1-444-321-4356,New York,USA,23919.63,662,9160774943
CUST008633,Olivia Johnson,customer8633@mail.com,+1-444-783-6706,New York,USA,1769.79,310,7626686261
CUST008634,Olivia Clark,customer8634@mail.com,+1-444-872-4987,Phoenix,USA,25178.6,579,4988020562
CUST008635,Sarah Brown,customer8635@mail.com,+1-444-399-4416,New York,USA,7688.95,823,1030369155
CUST008636,Emma Smith,customer8636@mail.com,+1-444-207-1844,Phoenix,USA,32681.29,690,7515749025
CUST008637,Emma Davis,customer8637@mail.com,+1-444-771-9104,Chicago,USA,44215.87,653,1552062088
CUST008638,David Brown,customer8638@mail.com,+1-444-699-1547,Chicago,USA,43365.57,842,3417647100
CUST008639,Sarah Brown,customer8639@mail.com,+1-444-531-3882,Chicago,USA,55.61,505,3962653572
CUST008640,David Clark,customer8640@mail.com,+1-444-544-2968,New York,USA,7194.81,406,1255285402
CUST008641,David Brown,customer8641@mail.com,+1-444-205-5597,New York,USA,4398.02,602,3148383574
CUST008642,James Smith,customer8642@mail.com,+1-444-737-6641,New York,USA,29499.44,392,5572043387
CUST008643,John Walker,customer8643@mail.com,+1-444-830-7674,Chicago,USA,23753.58,476,7141975094
CUST008644,James Walker,customer8644@mail.com,+1-444-460-5669,Chicago,USA,40002.29,303,6841065997
CUST008645,John Davis,customer8645@mail.com,+1-444-134-7085,Dallas,USA,48665.05,688,1823716575
CUST008646,Ava Clark,customer8646@mail.com,+1-444-368-4410,Chicago,USA,3965.36,549,8503047354
CUST008647,David Wilson,customer8647@mail.com,+1-444-451-8687,Dallas,USA,8347.26,493,3431922771
CUST008648,Sarah Davis,customer8648@mail.com,+1-444-679-3954,New York,USA,35223.6,801,4333540086
CUST008649,Olivia Lewis,customer8649@mail.com,+1-444-370-8273,Chicago,USA,37345.1,732,2506841151
CUST008650,Olivia Walker,customer8650@mail.com,+1-444-817-5869,Phoenix,USA,44141.49,433,1913949177
CUST008651,Sarah Smith,customer8651@mail.com,+1-444-167-9032,Chicago,USA,48154.64,387,4983449361
CUST008652,Olivia Clark,customer8652@mail.com,+1-444-830-2576,Chicago,USA,32155.9,384,1613948036
CUST008653,Sarah Clark,customer8653@mail.com,+1-444-520-6187,Dallas,USA,43561.22,330,5558023063
CUST008654,James Walker,customer8654@mail.com,+1-444-123-7391,Chicago,USA,30433.37,363,6426589536
CUST008655,Daniel Brown,customer8655@mail.com,+1-444-481-9601,Phoenix,USA,43103.78,727,7801578536
CUST008656,Daniel Taylor,customer8656@mail.com,+1-444-784-7216,New York,USA,38611.8,585,3854052687
CUST008657,Sarah Wilson,customer8657@mail.com,+1-444-205-2762,Chicago,USA,27422.85,808,4780010678
CUST008658,Ava Brown,customer8658@mail.com,+1-444-566-5246,Phoenix,USA,3785.83,622,4523912987
CUST008659,Olivia Taylor,customer8659@mail.com,+1-444-151-6685,Chicago,USA,13945.33,471,8402328418
CUST008660,Ava Brown,customer8660@mail.com,+1-444-648-9724,Chicago,USA,43651.33,733,2108158109
CUST008661,David Smith,customer8661@mail.com,+1-444-893-4881,Phoenix,USA,30814.97,805,7234227430
CUST008662,Sarah Lewis,customer8662@mail.com,+1-444-729-9925,Chicago,USA,17110.66,321,6088141152
CUST008663,Michael Brown,customer8663@mail.com,+1-444-576-9201,Dallas,USA,11.48,302,1790048913
CUST008664,Ava Wilson,customer8664@mail.com,+1-444-708-2517,Dallas,USA,42980.44,373,3636159634
CUST008665,David Clark,customer8665@mail.com,+1-444-214-7704,Dallas,USA,47160.31,721,8596043441
CUST008666,Olivia Clark,customer8666@mail.com,+1-444-332-1432,Dallas,USA,29859.56,669,6246673028
CUST008667,James Johnson,customer8667@mail.com,+1-444-691-5994,Phoenix,USA,24656.62,589,6340150992
CUST008668,Olivia Hall,customer8668@mail.com,+1-444-521-2719,Chicago,USA,6138.49,817,9284108663
CUST008669,Daniel Hall,customer8669@mail.com,+1-444-243-5780,New York,USA,3554.72,348,4448516417
CUST008670,David Walker,customer8670@mail.com,+1-444-157-4692,Chicago,USA,40483.64,655,9903970085
CUST008671,Ava Taylor,customer8671@mail.com,+1-444-642-4979,Dallas,USA,24800.13,557,2057669550
CUST008672,James Lewis,customer8672@mail.com,+1-444-854-4350,Chicago,USA,330.36,480,3447246297
CUST008673,Sophia Taylor,customer8673@mail.com,+1-444-525-5246,Dallas,USA,10366.64,444,2109132028
CUST008674,Sarah Wilson,customer8674@mail.com,+1-444-274-9826,Phoenix,USA,7574.13,618,2078845819
CUST008675,Michael Lewis,customer8675@mail.com,+1-444-603-1499,New York,USA,20207.0,677,1081025492
CUST008676,Sarah Clark,customer8676@mail.com,+1-444-867-7675,New York,USA,46946.92,458,7455679826
CUST008677,Sophia Johnson,customer8677@mail.com,+1-444-818-1046,Phoenix,USA,29229.45,541,7828463101
CUST008678,James Clark,customer8678@mail.com,+1-444-577-6397,Dallas,USA,9461.66,648,3881977606
CUST008679,David Lewis,customer8679@mail.com,+1-444-619-5974,New York,USA,32947.5,354,9723353120
CUST008680,Sophia Hall,customer8680@mail.com,+1-444-215-4328,Phoenix,USA,32927.08,579,1610077174
CUST008681,Emma Wilson,customer8681@mail.com,+1-444-385-6410,Dallas,USA,41121.46,438,9889533664
CUST008682,John Walker,customer8682@mail.com,+1-444-638-6741,Dallas,USA,30175.34,557,8891318131
CUST008683,David Lewis,customer8683@mail.com,+1-444-627-9048,Dallas,USA,4465.01,585,9341644950
CUST008684,David Taylor,customer8684@mail.com,+1-444-355-3476,Phoenix,USA,16300.93,569,9091768217
CUST008685,Emma Walker,customer8685@mail.com,+1-444-325-3385,Dallas,USA,18214.28,610,9210548129
CUST008686,Sarah Taylor,customer8686@mail.com,+1-444-287-7471,Chicago,USA,12962.56,608,2126456588
CUST008687,Olivia Lewis,customer8687@mail.com,+1-444-255-3352,New York,USA,40639.69,594,2742064168
CUST008688,Sarah Davis,customer8688@mail.com,+1-444-559-9395,Phoenix,USA,40224.81,364,5028762351
CUST008689,Olivia Davis,customer8689@mail.com,+1-444-936-6850,Dallas,USA,29315.45,561,1619128700
CUST008690,David Lewis,customer8690@mail.com,+1-444-183-5188,Dallas,USA,29158.35,793,4808938793
CUST008691,Ava Clark,customer8691@mail.com,+1-444-213-3041,Phoenix,USA,12576.8,669,9676853864
CUST008692,Sarah Walker,customer8692@mail.com,+1-444-974-5655,Chicago,USA,41217.82,505,7472839597
CUST008693,Olivia Wilson,customer8693@mail.com,+1-444-157-3717,Phoenix,USA,32919.26,451,3088274775
CUST008694,Ava Davis,customer8694@mail.com,+1-444-527-2790,Phoenix,USA,49651.15,752,8183095580
CUST008695,David Davis,customer8695@mail.com,+1-444-298-2625,Chicago,USA,8273.92,325,5638307731
CUST008696,James Davis,customer8696@mail.com,+1-444-403-4114,Dallas,USA,27049.67,385,7943610434
CUST008697,John Clark,customer8697@mail.com,+1-444-329-6591,Dallas,USA,32172.86,746,7254978112
CUST008698,Sarah Lewis,customer8698@mail.com,+1-444-322-5186,New York,USA,33843.17,333,4463062661
CUST008699,Daniel Davis,customer8699@mail.com,+1-444-468-2171,New York,USA,14112.41,574,5291663181
CUST008700,John Brown,customer8700@mail.com,+1-444-332-6136,Chicago,USA,15243.63,664,4277280607
CUST008701,Olivia Wilson,customer8701@mail.com,+1-444-700-7825,New York,USA,35963.8,823,9374595102
CUST008702,Olivia Smith,customer8702@mail.com,+1-444-952-3373,Chicago,USA,2364.76,427,9778505481
CUST008703,Sarah Clark,customer8703@mail.com,+1-444-245-6495,Dallas,USA,40152.79,710,2582202333
CUST008704,Ava Davis,customer8704@mail.com,+1-444-759-8404,Chicago,USA,23700.1,336,1228343740
CUST008705,Michael Brown,customer8705@mail.com,+1-444-693-4574,Dallas,USA,31549.24,608,9993172244
CUST008706,John Lewis,customer8706@mail.com,+1-444-366-6477,Dallas,USA,23705.7,505,4597541036
CUST008707,Michael Johnson,customer8707@mail.com,+1-444-440-7803,Chicago,USA,7649.29,308,4339391101
CUST008708,Daniel Johnson,customer8708@mail.com,+1-444-665-2388,New York,USA,23534.41,364,5608815637
CUST008709,Emma Johnson,customer8709@mail.com,+1-444-747-3814,Dallas,USA,10579.33,489,7498927598
CUST008710,Daniel Wilson,customer8710@mail.com,+1-444-127-5722,Dallas,USA,11467.07,531,9023685736
CUST008711,John Taylor,customer8711@mail.com,+1-444-335-1249,Dallas,USA,9572.94,790,9573874938
CUST008712,Daniel Brown,customer8712@mail.com,+1-444-389-8815,Phoenix,USA,4357.26,669,5968257926
CUST008713,Sophia Walker,customer8713@mail.com,+1-444-355-6374,Dallas,USA,15971.48,436,1314769914
CUST008714,Sarah Taylor,customer8714@mail.com,+1-444-557-1326,New York,USA,37049.65,305,6447952512
CUST008715,James Brown,customer8715@mail.com,+1-444-316-1010,Chicago,USA,14879.76,472,2311861969
CUST008716,Michael Smith,customer8716@mail.com,+1-444-601-4082,Dallas,USA,42328.88,827,8607189162
CUST008717,David Walker,customer8717@mail.com,+1-444-397-7588,Phoenix,USA,23827.86,751,7410874086
CUST008718,Emma Johnson,customer8718@mail.com,+1-444-929-2670,Chicago,USA,31276.39,605,4198095268
CUST008719,David Davis,customer8719@mail.com,+1-444-963-6319,New York,USA,44442.01,517,5866802629
CUST008720,John Walker,customer8720@mail.com,+1-444-258-8839,Dallas,USA,2747.22,413,8325521362
CUST008721,David Smith,customer8721@mail.com,+1-444-266-6936,Dallas,USA,36244.24,651,8240121073
CUST008722,Sophia Wilson,customer8722@mail.com,+1-444-202-7830,New York,USA,27481.92,439,3160191430
CUST008723,David Smith,customer8723@mail.com,+1-444-556-4914,New York,USA,22522.53,427,8452528159
CUST008724,Ava Clark,customer8724@mail.com,+1-444-707-4744,Chicago,USA,26538.22,691,2089661561
CUST008725,Emma Johnson,customer8725@mail.com,+1-444-742-8782,Phoenix,USA,8363.4,642,3786040039
CUST008726,John Wilson,customer8726@mail.com,+1-444-405-4155,New York,USA,7900.05,850,2577133442
CUST008727,Olivia Wilson,customer8727@mail.com,+1-444-833-1590,Phoenix,USA,42181.3,506,2238407543
CUST008728,Sarah Hall,customer8728@mail.com,+1-444-539-2504,Chicago,USA,37161.77,582,3128644244
CUST008729,Daniel Wilson,customer8729@mail.com,+1-444-807-8190,Dallas,USA,18832.65,507,5274672203
CUST008730,David Taylor,customer8730@mail.com,+1-444-547-3276,Dallas,USA,46319.02,414,9910918026
CUST008731,Olivia Walker,customer8731@mail.com,+1-444-418-9104,New York,USA,5006.33,661,8578382081
CUST008732,David Lewis,customer8732@mail.com,+1-444-933-6532,Phoenix,USA,23667.37,624,5225390221
CUST008733,Sophia Hall,customer8733@mail.com,+1-444-427-5734,Dallas,USA,13989.18,443,9653940384
CUST008734,Emma Hall,customer8734@mail.com,+1-444-517-3707,Chicago,USA,35836.94,362,6662306275
CUST008735,Sophia Taylor,customer8735@mail.com,+1-444-906-2825,Phoenix,USA,38614.82,341,5764293216
CUST008736,Michael Walker,customer8736@mail.com,+1-444-693-6807,Dallas,USA,26042.37,525,2846552688
CUST008737,Emma Wilson,customer8737@mail.com,+1-444-159-4885,New York,USA,2043.69,504,2785345012
CUST008738,Sarah Davis,customer8738@mail.com,+1-444-713-1880,New York,USA,27233.71,589,9775713953
CUST008739,John Walker,customer8739@mail.com,+1-444-258-5124,Phoenix,USA,20482.32,380,4098120845
CUST008740,David Taylor,customer8740@mail.com,+1-444-462-6404,Phoenix,USA,30205.39,773,6493986075
CUST008741,Ava Lewis,customer8741@mail.com,+1-444-763-6072,Dallas,USA,6769.26,689,7955691851
CUST008742,James Wilson,customer8742@mail.com,+1-444-311-7304,Chicago,USA,37099.83,714,2907164978
CUST008743,Ava Davis,customer8743@mail.com,+1-444-112-2962,New York,USA,39834.96,726,1927575009
CUST008744,James Lewis,customer8744@mail.com,+1-444-697-2579,Chicago,USA,6107.68,342,5147008182
CUST008745,James Smith,customer8745@mail.com,+1-444-596-1642,Dallas,USA,17110.59,621,5920238891
CUST008746,James Smith,customer8746@mail.com,+1-444-586-2613,New York,USA,3739.87,424,5112711881
CUST008747,Olivia Wilson,customer8747@mail.com,+1-444-853-5304,Phoenix,USA,10440.32,622,3070092672
CUST008748,David Brown,customer8748@mail.com,+1-444-824-5928,Phoenix,USA,26640.45,531,1525270183
CUST008749,Sophia Wilson,customer8749@mail.com,+1-444-592-7765,Chicago,USA,3599.46,656,7832028864
CUST008750,Sarah Clark,customer8750@mail.com,+1-444-498-8761,New York,USA,27397.92,755,2429588454
CUST008751,Emma Lewis,customer8751@mail.com,+1-444-398-3790,New York,USA,45707.85,692,7801151883
CUST008752,Ava Smith,customer8752@mail.com,+1-444-243-5034,Phoenix,USA,22229.63,599,7448531930
CUST008753,Sophia Davis,customer8753@mail.com,+1-444-413-4512,New York,USA,44539.62,732,4564286423
CUST008754,James Taylor,customer8754@mail.com,+1-444-962-1554,Phoenix,USA,34851.61,535,7278527766
CUST008755,James Brown,customer8755@mail.com,+1-444-308-2162,Phoenix,USA,6945.25,497,3656301562
CUST008756,Daniel Walker,customer8756@mail.com,+1-444-337-8383,New York,USA,27688.44,723,6181475979
CUST008757,Emma Walker,customer8757@mail.com,+1-444-154-4985,Dallas,USA,37919.85,528,5067719954
CUST008758,Emma Johnson,customer8758@mail.com,+1-444-937-5517,Chicago,USA,33086.66,418,7961256184
CUST008759,Emma Clark,customer8759@mail.com,+1-444-606-5765,Dallas,USA,15534.13,703,6770503462
CUST008760,John Johnson,customer8760@mail.com,+1-444-334-4866,New York,USA,43333.93,390,6934304100
CUST008761,David Lewis,customer8761@mail.com,+1-444-194-3336,New York,USA,4478.03,691,4434143476
CUST008762,James Davis,customer8762@mail.com,+1-444-588-2890,Phoenix,USA,31669.9,653,7247591306
CUST008763,John Walker,customer8763@mail.com,+1-444-942-7623,Chicago,USA,33916.65,676,6441184820
CUST008764,Sarah Johnson,customer8764@mail.com,+1-444-168-2863,Chicago,USA,9353.41,734,3710873065
CUST008765,Michael Clark,customer8765@mail.com,+1-444-548-7399,Dallas,USA,30542.8,839,1209226978
CUST008766,Michael Walker,customer8766@mail.com,+1-444-723-9522,Phoenix,USA,11605.02,668,2362647111
CUST008767,James Walker,customer8767@mail.com,+1-444-661-3692,Dallas,USA,8183.13,627,5256631718
CUST008768,Daniel Brown,customer8768@mail.com,+1-444-640-8083,New York,USA,23442.49,797,8399775560
CUST008769,Sarah Lewis,customer8769@mail.com,+1-444-362-8243,New York,USA,40399.56,301,5859114068
CUST008770,John Brown,customer8770@mail.com,+1-444-440-3688,New York,USA,26595.28,664,2275897829
CUST008771,David Davis,customer8771@mail.com,+1-444-724-8112,Chicago,USA,21148.94,491,9678436772
CUST008772,Sophia Clark,customer8772@mail.com,+1-444-820-7174,New York,USA,42675.87,838,1296989434
CUST008773,Olivia Brown,customer8773@mail.com,+1-444-784-4214,Phoenix,USA,21454.23,764,6814328487
CUST008774,Emma Lewis,customer8774@mail.com,+1-444-364-9601,Dallas,USA,24445.22,701,3520628582
CUST008775,Emma Hall,customer8775@mail.com,+1-444-316-1032,Phoenix,USA,23104.63,849,1967729031
CUST008776,David Lewis,customer8776@mail.com,+1-444-932-4338,Chicago,USA,47540.09,757,5109726180
CUST008777,John Clark,customer8777@mail.com,+1-444-634-2842,Phoenix,USA,48356.84,424,7879877970
CUST008778,Sarah Hall,customer8778@mail.com,+1-444-327-4323,Phoenix,USA,3009.28,356,2663837075
CUST008779,Michael Hall,customer8779@mail.com,+1-444-876-1766,Chicago,USA,24834.88,757,3474173423
CUST008780,James Walker,customer8780@mail.com,+1-444-812-7663,Chicago,USA,18160.78,681,4134646913
CUST008781,David Brown,customer8781@mail.com,+1-444-871-1972,Dallas,USA,4741.65,521,9386152071
CUST008782,James Taylor,customer8782@mail.com,+1-444-999-3094,Chicago,USA,33141.63,552,4173403675
CUST008783,John Clark,customer8783@mail.com,+1-444-610-2858,Chicago,USA,16383.58,424,7339863515
CUST008784,David Walker,customer8784@mail.com,+1-444-574-6212,Phoenix,USA,21825.54,774,5945578310
CUST008785,Ava Walker,customer8785@mail.com,+1-444-280-8681,Chicago,USA,22689.96,614,9440788818
CUST008786,Emma Hall,customer8786@mail.com,+1-444-728-1178,New York,USA,23505.7,848,6191220841
CUST008787,Olivia Hall,customer8787@mail.com,+1-444-162-4885,Chicago,USA,19470.79,415,5169767114
CUST008788,Daniel Clark,customer8788@mail.com,+1-444-360-8025,Chicago,USA,40418.97,710,2814839711
CUST008789,James Smith,customer8789@mail.com,+1-444-195-6060,New York,USA,32166.29,646,6922194857
CUST008790,Ava Smith,customer8790@mail.com,+1-444-583-9505,New York,USA,26071.12,801,5575802512
CUST008791,John Hall,customer8791@mail.com,+1-444-236-2417,Chicago,USA,34156.48,611,8223657254
CUST008792,David Davis,customer8792@mail.com,+1-444-619-7390,Chicago,USA,18558.7,849,6400184947
CUST008793,Emma Smith,customer8793@mail.com,+1-444-230-2783,Phoenix,USA,20091.05,613,4092224209
CUST008794,Daniel Brown,customer8794@mail.com,+1-444-353-6683,Chicago,USA,27961.53,405,5755593383
CUST008795,Olivia Lewis,customer8795@mail.com,+1-444-120-3097,Chicago,USA,8950.41,328,3384520233
CUST008796,John Hall,customer8796@mail.com,+1-444-445-1171,Dallas,USA,13770.44,472,9362026216
CUST008797,David Clark,customer8797@mail.com,+1-444-863-8148,Dallas,USA,42828.52,635,5280024598
CUST008798,John Taylor,customer8798@mail.com,+1-444-485-2601,Dallas,USA,19805.39,523,5148368771
CUST008799,Daniel Brown,customer8799@mail.com,+1-444-976-8620,Phoenix,USA,6631.47,406,1041149878
CUST008800,John Johnson,customer8800@mail.com,+1-444-461-4032,Dallas,USA,43107.34,758,2485387469
CUST008801,Emma Johnson,customer8801@mail.com,+1-444-777-6249,Dallas,USA,47201.17,818,3040231162
CUST008802,Sarah Taylor,customer8802@mail.com,+1-444-521-2501,Phoenix,USA,19792.15,685,4623582651
CUST008803,Ava Smith,customer8803@mail.com,+1-444-257-5795,Chicago,USA,33346.48,812,9676377338
CUST008804,Olivia Hall,customer8804@mail.com,+1-444-825-6280,Chicago,USA,24747.67,764,2480535355
CUST008805,David Johnson,customer8805@mail.com,+1-444-336-6117,New York,USA,27836.5,679,9295378395
CUST008806,Sarah Hall,customer8806@mail.com,+1-444-494-7868,Chicago,USA,11329.55,632,4263139524
CUST008807,David Taylor,customer8807@mail.com,+1-444-237-1058,New York,USA,38983.82,367,4603178418
CUST008808,Ava Clark,customer8808@mail.com,+1-444-441-3402,Dallas,USA,11530.78,467,9660949985
CUST008809,Sarah Walker,customer8809@mail.com,+1-444-810-6658,Chicago,USA,31656.34,332,4719811471
CUST008810,Sarah Lewis,customer8810@mail.com,+1-444-213-7111,Phoenix,USA,36841.08,346,4833436239
CUST008811,Daniel Hall,customer8811@mail.com,+1-444-812-1194,Chicago,USA,11957.4,509,7541017910
CUST008812,David Lewis,customer8812@mail.com,+1-444-483-6226,Phoenix,USA,45505.19,317,4409038012
CUST008813,John Davis,customer8813@mail.com,+1-444-755-9770,Dallas,USA,42108.77,445,7595926795
CUST008814,James Davis,customer8814@mail.com,+1-444-598-8396,Dallas,USA,33986.59,584,3881235545
CUST008815,Olivia Brown,customer8815@mail.com,+1-444-821-6876,Phoenix,USA,22989.18,535,7241339042
CUST008816,Michael Clark,customer8816@mail.com,+1-444-883-5238,Chicago,USA,6442.55,518,4216286235
CUST008817,Sarah Wilson,customer8817@mail.com,+1-444-583-7432,Dallas,USA,29899.28,657,4506847258
CUST008818,Daniel Wilson,customer8818@mail.com,+1-444-760-3551,Dallas,USA,27303.13,660,6114039662
CUST008819,Olivia Walker,customer8819@mail.com,+1-444-101-8233,New York,USA,4346.3,745,5080650755
CUST008820,Daniel Lewis,customer8820@mail.com,+1-444-219-8528,New York,USA,3211.81,554,6882527180
CUST008821,Sophia Smith,customer8821@mail.com,+1-444-847-2913,Chicago,USA,45014.74,395,6776612660
CUST008822,David Walker,customer8822@mail.com,+1-444-995-9619,Phoenix,USA,1479.33,331,6338583890
CUST008823,David Taylor,customer8823@mail.com,+1-444-561-4896,Chicago,USA,13932.74,403,7460957826
CUST008824,James Brown,customer8824@mail.com,+1-444-325-2978,Phoenix,USA,16365.07,662,9964298447
CUST008825,Olivia Hall,customer8825@mail.com,+1-444-366-7822,Chicago,USA,13850.16,776,4334887215
CUST008826,Olivia Hall,customer8826@mail.com,+1-444-718-4805,Phoenix,USA,24074.57,636,6490252806
CUST008827,Ava Walker,customer8827@mail.com,+1-444-722-9952,New York,USA,35801.1,825,9407082252
CUST008828,James Wilson,customer8828@mail.com,+1-444-543-7828,Phoenix,USA,36012.93,684,6609383533
CUST008829,John Lewis,customer8829@mail.com,+1-444-287-1025,Chicago,USA,3317.25,501,5658089798
CUST008830,Sophia Taylor,customer8830@mail.com,+1-444-795-3671,Dallas,USA,1409.18,782,4154833672
CUST008831,Daniel Johnson,customer8831@mail.com,+1-444-376-1475,New York,USA,47801.34,400,8580505605
CUST008832,Sarah Hall,customer8832@mail.com,+1-444-456-9967,Phoenix,USA,735.36,680,7228661005
CUST008833,James Lewis,customer8833@mail.com,+1-444-947-8060,Dallas,USA,5286.05,630,9090905808
CUST008834,Emma Wilson,customer8834@mail.com,+1-444-865-8267,Dallas,USA,3880.67,527,5570536233
CUST008835,James Taylor,customer8835@mail.com,+1-444-993-8639,Chicago,USA,4645.14,312,9613563281
CUST008836,Daniel Lewis,customer8836@mail.com,+1-444-204-5992,Chicago,USA,26037.55,329,8213612374
CUST008837,Michael Johnson,customer8837@mail.com,+1-444-756-9763,New York,USA,31962.36,587,7523078179
CUST008838,Ava Hall,customer8838@mail.com,+1-444-959-2481,Dallas,USA,23792.97,514,1360175418
CUST008839,Sarah Smith,customer8839@mail.com,+1-444-855-7858,Phoenix,USA,19722.96,332,5415113629
CUST008840,Sophia Davis,customer8840@mail.com,+1-444-902-8600,Phoenix,USA,41196.48,412,7039421179
CUST008841,Emma Johnson,customer8841@mail.com,+1-444-352-3031,Chicago,USA,5482.27,416,9301749581
CUST008842,Sarah Wilson,customer8842@mail.com,+1-444-430-6733,New York,USA,33006.88,562,4956069310
CUST008843,Olivia Walker,customer8843@mail.com,+1-444-555-2135,Dallas,USA,14068.36,559,1124631923
CUST008844,Olivia Davis,customer8844@mail.com,+1-444-459-3573,New York,USA,31506.02,550,9567755118
CUST008845,Ava Brown,customer8845@mail.com,+1-444-458-6493,New York,USA,28258.95,500,1707224503
CUST008846,Ava Johnson,customer8846@mail.com,+1-444-127-6338,New York,USA,36789.09,415,2355798633
CUST008847,Michael Taylor,customer8847@mail.com,+1-444-982-4206,Chicago,USA,9128.45,791,2877497423
CUST008848,James Clark,customer8848@mail.com,+1-444-929-3173,Phoenix,USA,42655.3,818,1881057239
CUST008849,Emma Smith,customer8849@mail.com,+1-444-827-3446,New York,USA,49486.75,413,4585575527
CUST008850,Olivia Smith,customer8850@mail.com,+1-444-468-4239,New York,USA,34149.36,522,6010879934
CUST008851,Ava Brown,customer8851@mail.com,+1-444-220-6221,Dallas,USA,45038.09,473,9200841987
CUST008852,John Walker,customer8852@mail.com,+1-444-748-3172,Phoenix,USA,23669.14,321,1701901936
CUST008853,Daniel Lewis,customer8853@mail.com,+1-444-709-4257,Dallas,USA,32417.62,834,7439596232
CUST008854,Sarah Brown,customer8854@mail.com,+1-444-603-1547,New York,USA,15620.05,701,7559987178
CUST008855,James Clark,customer8855@mail.com,+1-444-680-7940,Chicago,USA,24029.0,791,1620713712
CUST008856,James Johnson,customer8856@mail.com,+1-444-560-2734,Phoenix,USA,17858.31,405,4120808727
CUST008857,Daniel Davis,customer8857@mail.com,+1-444-756-9419,New York,USA,45455.04,591,1772936446
CUST008858,Michael Brown,customer8858@mail.com,+1-444-395-6443,New York,USA,11000.28,366,4641994261
CUST008859,Ava Johnson,customer8859@mail.com,+1-444-492-8522,Dallas,USA,21195.72,359,4680547558
CUST008860,Ava Hall,customer8860@mail.com,+1-444-400-9795,Phoenix,USA,48105.33,325,6969750873
CUST008861,James Wilson,customer8861@mail.com,+1-444-524-9075,New York,USA,22114.69,754,6769416855
CUST008862,Daniel Taylor,customer8862@mail.com,+1-444-492-4332,Dallas,USA,35751.43,384,5877486741
CUST008863,Sarah Hall,customer8863@mail.com,+1-444-802-6062,Phoenix,USA,9399.44,632,6734148844
CUST008864,Emma Brown,customer8864@mail.com,+1-444-433-5315,New York,USA,38947.67,672,4241242396
CUST008865,John Johnson,customer8865@mail.com,+1-444-245-4365,New York,USA,12209.36,662,9348308709
CUST008866,David Walker,customer8866@mail.com,+1-444-188-3955,Dallas,USA,14936.99,702,7603530117
CUST008867,Sophia Johnson,customer8867@mail.com,+1-444-466-4793,Chicago,USA,22367.7,587,9338493075
CUST008868,David Taylor,customer8868@mail.com,+1-444-506-7031,Phoenix,USA,39757.93,764,2994383657
CUST008869,Emma Davis,customer8869@mail.com,+1-444-618-1322,New York,USA,22534.69,497,3942342029
CUST008870,Ava Davis,customer8870@mail.com,+1-444-479-6724,New York,USA,41415.68,740,8658503275
CUST008871,John Johnson,customer8871@mail.com,+1-444-240-4956,Dallas,USA,20955.81,735,6909225665
CUST008872,Sarah Clark,customer8872@mail.com,+1-444-406-8749,Dallas,USA,9788.44,682,8601480035
CUST008873,Sarah Brown,customer8873@mail.com,+1-444-153-6121,Dallas,USA,42817.88,685,4160094586
CUST008874,Sarah Hall,customer8874@mail.com,+1-444-963-1530,Dallas,USA,16261.51,332,7615261013
CUST008875,Sarah Wilson,customer8875@mail.com,+1-444-180-7506,Dallas,USA,39827.85,593,9034273900
CUST008876,Ava Johnson,customer8876@mail.com,+1-444-298-5440,Chicago,USA,37266.49,624,2419078443
CUST008877,Ava Johnson,customer8877@mail.com,+1-444-732-1007,Chicago,USA,34493.97,734,5356133570
CUST008878,James Hall,customer8878@mail.com,+1-444-228-7671,Dallas,USA,22542.36,728,4674084404
CUST008879,Olivia Wilson,customer8879@mail.com,+1-444-499-6613,New York,USA,5784.93,835,6708123930
CUST008880,Ava Lewis,customer8880@mail.com,+1-444-110-6537,Dallas,USA,8714.18,747,1198637819
CUST008881,David Johnson,customer8881@mail.com,+1-444-879-7292,Chicago,USA,9531.71,507,1840608971
CUST008882,Daniel Taylor,customer8882@mail.com,+1-444-376-9308,New York,USA,21289.23,675,5997306080
CUST008883,Olivia Smith,customer8883@mail.com,+1-444-672-7558,Dallas,USA,41761.42,339,9814405898
CUST008884,Michael Hall,customer8884@mail.com,+1-444-262-7967,New York,USA,39212.38,712,8561076777
CUST008885,Sophia Wilson,customer8885@mail.com,+1-444-895-8752,Dallas,USA,12739.12,366,7255175679
CUST008886,James Lewis,customer8886@mail.com,+1-444-858-3365,Chicago,USA,4106.95,526,7703529646
CUST008887,Emma Johnson,customer8887@mail.com,+1-444-592-3297,Phoenix,USA,38398.97,347,6899207240
CUST008888,John Smith,customer8888@mail.com,+1-444-681-6403,New York,USA,36933.42,564,9923472594
CUST008889,Emma Hall,customer8889@mail.com,+1-444-170-9614,New York,USA,33495.78,645,5391327002
CUST008890,Ava Smith,customer8890@mail.com,+1-444-684-9584,New York,USA,19768.12,778,9399612665
CUST008891,Emma Walker,customer8891@mail.com,+1-444-519-4310,New York,USA,18239.81,567,5596117652
CUST008892,James Lewis,customer8892@mail.com,+1-444-730-4191,Dallas,USA,10712.39,355,1783827265
CUST008893,Michael Smith,customer8893@mail.com,+1-444-345-3464,New York,USA,28177.96,723,5393450203
CUST008894,Emma Brown,customer8894@mail.com,+1-444-900-7664,New York,USA,28757.04,423,3696044415
CUST008895,Sophia Smith,customer8895@mail.com,+1-444-966-8470,Chicago,USA,28817.93,543,5213807236
CUST008896,Sophia Hall,customer8896@mail.com,+1-444-433-5539,Dallas,USA,34116.56,785,7496274079
CUST008897,Michael Clark,customer8897@mail.com,+1-444-753-8502,Dallas,USA,19869.12,569,9927169307
CUST008898,Daniel Brown,customer8898@mail.com,+1-444-704-9348,New York,USA,2160.36,708,2602058573
CUST008899,John Walker,customer8899@mail.com,+1-444-895-1795,Dallas,USA,40650.27,823,1096973952
CUST008900,Emma Davis,customer8900@mail.com,+1-444-430-8535,New York,USA,19096.55,757,9013249911
CUST008901,Sophia Clark,customer8901@mail.com,+1-444-485-2640,Phoenix,USA,46593.66,843,1041711972
CUST008902,Emma Brown,customer8902@mail.com,+1-444-236-7735,Phoenix,USA,49170.26,671,3258155722
CUST008903,John Brown,customer8903@mail.com,+1-444-614-9589,New York,USA,31185.77,811,6930944336
CUST008904,Michael Brown,customer8904@mail.com,+1-444-157-4066,Chicago,USA,18822.93,782,7068070091
CUST008905,Ava Johnson,customer8905@mail.com,+1-444-352-3893,Phoenix,USA,31.5,361,6503758455
CUST008906,Michael Johnson,customer8906@mail.com,+1-444-589-7943,Phoenix,USA,42400.32,420,3446327385
CUST008907,John Lewis,customer8907@mail.com,+1-444-925-4393,Dallas,USA,9662.53,417,5096757426
CUST008908,Sarah Davis,customer8908@mail.com,+1-444-686-6449,New York,USA,19568.93,638,4438652715
CUST008909,Sophia Wilson,customer8909@mail.com,+1-444-914-2393,Phoenix,USA,40589.29,478,2725932005
CUST008910,Daniel Taylor,customer8910@mail.com,+1-444-124-2340,Dallas,USA,49297.14,518,1031099877
CUST008911,Ava Lewis,customer8911@mail.com,+1-444-719-8139,Phoenix,USA,10635.47,404,3463581864
CUST008912,Michael Taylor,customer8912@mail.com,+1-444-231-7800,Phoenix,USA,9319.91,727,8164558002
CUST008913,David Walker,customer8913@mail.com,+1-444-890-3413,New York,USA,7256.97,435,8492956343
CUST008914,James Lewis,customer8914@mail.com,+1-444-162-8548,Chicago,USA,25841.42,369,1231707370
CUST008915,Michael Clark,customer8915@mail.com,+1-444-925-1140,Phoenix,USA,32743.5,809,8282866452
CUST008916,Daniel Johnson,customer8916@mail.com,+1-444-350-1707,Phoenix,USA,27180.19,706,3734598419
CUST008917,John Hall,customer8917@mail.com,+1-444-311-1388,New York,USA,27523.79,803,8439233788
CUST008918,David Smith,customer8918@mail.com,+1-444-623-6318,Phoenix,USA,38439.56,774,6653731949
CUST008919,Sophia Davis,customer8919@mail.com,+1-444-504-5311,Dallas,USA,34945.03,624,1146800010
CUST008920,Ava Smith,customer8920@mail.com,+1-444-130-4696,Phoenix,USA,26083.58,469,7712743086
CUST008921,Sophia Smith,customer8921@mail.com,+1-444-614-8469,Phoenix,USA,35524.01,625,9649362497
CUST008922,Daniel Walker,customer8922@mail.com,+1-444-371-4982,New York,USA,224.96,571,6682293600
CUST008923,James Davis,customer8923@mail.com,+1-444-508-7700,Chicago,USA,18567.73,589,3673768238
CUST008924,Emma Davis,customer8924@mail.com,+1-444-533-4220,Dallas,USA,4681.51,745,8243729784
CUST008925,Emma Taylor,customer8925@mail.com,+1-444-334-3906,Chicago,USA,33557.82,709,3269118810
CUST008926,Sarah Smith,customer8926@mail.com,+1-444-351-3928,New York,USA,20935.21,777,7759700414
CUST008927,John Walker,customer8927@mail.com,+1-444-698-7324,Chicago,USA,23710.23,424,4815960485
CUST008928,Sophia Smith,customer8928@mail.com,+1-444-303-9096,New York,USA,8603.82,373,9816904251
CUST008929,Olivia Davis,customer8929@mail.com,+1-444-361-9465,Chicago,USA,15575.51,749,6006606820
CUST008930,Daniel Walker,customer8930@mail.com,+1-444-312-4734,New York,USA,38612.85,716,9801625090
CUST008931,John Clark,customer8931@mail.com,+1-444-489-1889,Dallas,USA,46809.31,533,9951789697
CUST008932,John Brown,customer8932@mail.com,+1-444-707-1779,Chicago,USA,24699.38,581,3002782822
CUST008933,Sarah Smith,customer8933@mail.com,+1-444-971-1087,Phoenix,USA,34846.58,675,8778666602
CUST008934,James Smith,customer8934@mail.com,+1-444-500-9877,New York,USA,43986.71,811,6940519218
CUST008935,James Hall,customer8935@mail.com,+1-444-542-5214,Dallas,USA,5175.58,432,4288622848
CUST008936,Olivia Johnson,customer8936@mail.com,+1-444-773-5414,Dallas,USA,1158.59,337,3929886466
CUST008937,Ava Clark,customer8937@mail.com,+1-444-802-8614,New York,USA,11875.44,744,1360257915
CUST008938,Emma Smith,customer8938@mail.com,+1-444-616-9560,Chicago,USA,34443.98,310,2075121855
CUST008939,John Wilson,customer8939@mail.com,+1-444-602-1876,Phoenix,USA,19305.42,375,6053112567
CUST008940,Emma Clark,customer8940@mail.com,+1-444-561-2870,Chicago,USA,4642.65,681,6661766955
CUST008941,Sophia Taylor,customer8941@mail.com,+1-444-496-3910,Phoenix,USA,3802.55,434,1587636318
CUST008942,James Lewis,customer8942@mail.com,+1-444-590-3215,Dallas,USA,15884.52,536,7316440996
CUST008943,Olivia Johnson,customer8943@mail.com,+1-444-649-4744,Chicago,USA,40565.22,676,3042862890
CUST008944,John Brown,customer8944@mail.com,+1-444-205-6264,New York,USA,47073.52,646,1064223819
CUST008945,John Johnson,customer8945@mail.com,+1-444-615-3763,Chicago,USA,1425.73,499,3955449200
CUST008946,David Smith,customer8946@mail.com,+1-444-622-6572,New York,USA,4161.66,586,1657964110
CUST008947,Ava Johnson,customer8947@mail.com,+1-444-734-9847,Chicago,USA,21742.15,675,6843725601
CUST008948,Sophia Smith,customer8948@mail.com,+1-444-599-6791,Dallas,USA,37031.61,758,8399855909
CUST008949,Emma Hall,customer8949@mail.com,+1-444-920-3983,New York,USA,1714.35,559,8244558210
CUST008950,Olivia Hall,customer8950@mail.com,+1-444-234-6971,Dallas,USA,13674.73,684,2310516096
CUST008951,John Johnson,customer8951@mail.com,+1-444-139-5204,Phoenix,USA,16731.91,531,9929942097
CUST008952,Sophia Hall,customer8952@mail.com,+1-444-600-8337,Chicago,USA,40035.46,764,7349862733
CUST008953,Olivia Hall,customer8953@mail.com,+1-444-572-1972,Dallas,USA,4242.8,636,8010465792
CUST008954,Sarah Johnson,customer8954@mail.com,+1-444-849-3689,Dallas,USA,8352.26,302,3024014414
CUST008955,Olivia Taylor,customer8955@mail.com,+1-444-995-6470,New York,USA,44321.98,334,6200645762
CUST008956,Ava Davis,customer8956@mail.com,+1-444-631-8838,Dallas,USA,22877.38,567,9076083381
CUST008957,Daniel Lewis,customer8957@mail.com,+1-444-262-2176,New York,USA,39427.85,773,6397680828
CUST008958,James Lewis,customer8958@mail.com,+1-444-818-6212,New York,USA,995.6,644,4304136047
CUST008959,Emma Taylor,customer8959@mail.com,+1-444-904-3690,Chicago,USA,10875.79,614,3693604124
CUST008960,Sophia Hall,customer8960@mail.com,+1-444-341-5735,Chicago,USA,33874.27,590,8540290828
CUST008961,Sarah Davis,customer8961@mail.com,+1-444-459-7899,Chicago,USA,9581.69,648,7767154946
CUST008962,Sarah Clark,customer8962@mail.com,+1-444-579-6002,Phoenix,USA,4954.44,774,4246605822
CUST008963,David Brown,customer8963@mail.com,+1-444-967-8953,Chicago,USA,36033.03,348,3493061311
CUST008964,Olivia Taylor,customer8964@mail.com,+1-444-941-4094,New York,USA,41167.37,425,5460575929
CUST008965,Ava Walker,customer8965@mail.com,+1-444-679-4269,Dallas,USA,26427.15,725,6406028095
CUST008966,John Lewis,customer8966@mail.com,+1-444-125-2543,Chicago,USA,5006.62,840,8328884686
CUST008967,Sophia Wilson,customer8967@mail.com,+1-444-144-3612,Dallas,USA,9222.12,390,8718746212
CUST008968,Emma Clark,customer8968@mail.com,+1-444-424-2862,Phoenix,USA,8606.61,471,8144479970
CUST008969,David Davis,customer8969@mail.com,+1-444-751-7792,New York,USA,48016.03,372,4630387287
CUST008970,Emma Davis,customer8970@mail.com,+1-444-957-9110,Chicago,USA,37199.88,384,9721198144
CUST008971,David Johnson,customer8971@mail.com,+1-444-751-4257,New York,USA,13708.06,479,9980303389
CUST008972,Sarah Davis,customer8972@mail.com,+1-444-539-3203,Dallas,USA,15422.15,393,5358109880
CUST008973,Ava Brown,customer8973@mail.com,+1-444-743-9167,Chicago,USA,5187.25,318,6488792491
CUST008974,David Davis,customer8974@mail.com,+1-444-614-9156,Chicago,USA,10324.89,778,3927738380
CUST008975,John Lewis,customer8975@mail.com,+1-444-254-3117,New York,USA,42680.92,326,8439703230
CUST008976,James Smith,customer8976@mail.com,+1-444-406-6637,Chicago,USA,38876.35,642,5854021297
CUST008977,Sarah Wilson,customer8977@mail.com,+1-444-924-1274,Phoenix,USA,47182.95,348,1237081407
CUST008978,John Taylor,customer8978@mail.com,+1-444-115-8262,Chicago,USA,19724.68,512,8571454056
CUST008979,Michael Wilson,customer8979@mail.com,+1-444-936-9923,Phoenix,USA,5456.98,338,8575886093
CUST008980,Daniel Davis,customer8980@mail.com,+1-444-297-9269,Dallas,USA,45172.76,396,5159983861
CUST008981,Emma Smith,customer8981@mail.com,+1-444-466-5836,Phoenix,USA,40157.73,693,3192600753
CUST008982,Olivia Taylor,customer8982@mail.com,+1-444-248-6569,New York,USA,3746.83,816,4055220510
CUST008983,Daniel Lewis,customer8983@mail.com,+1-444-664-6507,Phoenix,USA,43120.13,749,9132943300
CUST008984,Michael Smith,customer8984@mail.com,+1-444-200-2710,Phoenix,USA,49332.62,492,1088950122
CUST008985,Emma Lewis,customer8985@mail.com,+1-444-614-4587,Phoenix,USA,46887.28,499,9974799846
CUST008986,Michael Wilson,customer8986@mail.com,+1-444-553-4683,Dallas,USA,8176.46,331,8370013846
CUST008987,David Clark,customer8987@mail.com,+1-444-181-9179,Phoenix,USA,31862.15,336,7870738883
CUST008988,Olivia Walker,customer8988@mail.com,+1-444-169-8043,Phoenix,USA,48873.14,608,5417736991
CUST008989,James Smith,customer8989@mail.com,+1-444-145-4204,Dallas,USA,27705.12,480,6164870851
CUST008990,Sarah Hall,customer8990@mail.com,+1-444-448-6435,Chicago,USA,11183.89,445,1133675730
CUST008991,John Walker,customer8991@mail.com,+1-444-826-3084,Chicago,USA,34721.72,806,9260674061
CUST008992,Sarah Davis,customer8992@mail.com,+1-444-725-8876,Chicago,USA,7989.49,478,8755938339
CUST008993,John Wilson,customer8993@mail.com,+1-444-451-9216,Phoenix,USA,30233.06,653,6008031061
CUST008994,Daniel Taylor,customer8994@mail.com,+1-444-629-5677,Chicago,USA,15612.18,353,1867788141
CUST008995,Daniel Davis,customer8995@mail.com,+1-444-873-3363,Phoenix,USA,42008.38,534,7133617584
CUST008996,David Brown,customer8996@mail.com,+1-444-998-3490,Phoenix,USA,39147.3,570,2164374687
CUST008997,Sarah Wilson,customer8997@mail.com,+1-444-880-9580,Dallas,USA,12829.77,667,4166212244
CUST008998,Sophia Walker,customer8998@mail.com,+1-444-254-7623,New York,USA,26139.03,710,2445146328
CUST008999,Michael Hall,customer8999@mail.com,+1-444-504-7439,Chicago,USA,28131.37,600,8947308893
CUST009000,Sophia Brown,customer9000@mail.com,+1-444-927-4388,Chicago,USA,3633.41,602,8568563064
CUST009001,Olivia Walker,customer9001@mail.com,+1-444-259-3657,New York,USA,28633.45,809,9700477942
CUST009002,John Walker,customer9002@mail.com,+1-444-919-1597,New York,USA,26479.77,478,5862004021
CUST009003,James Taylor,customer9003@mail.com,+1-444-694-6729,Chicago,USA,15975.22,689,7678682061
CUST009004,Ava Wilson,customer9004@mail.com,+1-444-487-9731,New York,USA,44994.26,403,4910357837
CUST009005,Olivia Brown,customer9005@mail.com,+1-444-621-5110,Dallas,USA,6665.95,758,2638020832
CUST009006,John Walker,customer9006@mail.com,+1-444-927-7262,New York,USA,15822.32,519,8680710299
CUST009007,Emma Lewis,customer9007@mail.com,+1-444-166-9630,Chicago,USA,3171.31,534,9606763102
CUST009008,Michael Johnson,customer9008@mail.com,+1-444-443-9572,Chicago,USA,47312.23,770,3490909830
CUST009009,James Wilson,customer9009@mail.com,+1-444-761-6986,Dallas,USA,6575.14,647,5905605658
CUST009010,Sarah Smith,customer9010@mail.com,+1-444-398-6443,New York,USA,5231.54,627,9875154608
CUST009011,Sophia Brown,customer9011@mail.com,+1-444-131-7680,Chicago,USA,39026.55,595,5539784680
CUST009012,David Smith,customer9012@mail.com,+1-444-611-9075,Chicago,USA,48330.22,409,2579890302
CUST009013,James Brown,customer9013@mail.com,+1-444-694-7900,Chicago,USA,10843.93,335,5057903754
CUST009014,Daniel Hall,customer9014@mail.com,+1-444-766-9820,Dallas,USA,48545.65,741,5842123655
CUST009015,Emma Taylor,customer9015@mail.com,+1-444-358-2841,Dallas,USA,42919.15,486,8899230447
CUST009016,James Wilson,customer9016@mail.com,+1-444-566-7530,New York,USA,48689.23,499,9878217985
CUST009017,Sarah Wilson,customer9017@mail.com,+1-444-477-4153,Phoenix,USA,5485.89,306,2069465121
CUST009018,Sarah Wilson,customer9018@mail.com,+1-444-485-6511,Phoenix,USA,19464.66,346,4903952223
CUST009019,Sarah Hall,customer9019@mail.com,+1-444-978-8501,New York,USA,19596.97,811,2036914536
CUST009020,Emma Walker,customer9020@mail.com,+1-444-814-8882,New York,USA,23077.86,436,8534324676
CUST009021,Sarah Walker,customer9021@mail.com,+1-444-802-6874,Phoenix,USA,5777.29,743,6066075019
CUST009022,Emma Taylor,customer9022@mail.com,+1-444-342-4962,Chicago,USA,44045.49,441,5002085904
CUST009023,David Lewis,customer9023@mail.com,+1-444-443-5524,New York,USA,21353.99,791,8451507068
CUST009024,John Wilson,customer9024@mail.com,+1-444-487-5299,New York,USA,471.91,741,6359973571
CUST009025,Olivia Clark,customer9025@mail.com,+1-444-451-3241,New York,USA,49685.57,838,6137070723
CUST009026,Ava Walker,customer9026@mail.com,+1-444-858-3085,Phoenix,USA,46162.2,491,8067638048
CUST009027,Olivia Davis,customer9027@mail.com,+1-444-720-7804,New York,USA,40443.51,669,4851285009
CUST009028,Ava Taylor,customer9028@mail.com,+1-444-463-7164,Chicago,USA,27073.22,548,6888627626
CUST009029,Ava Hall,customer9029@mail.com,+1-444-846-8534,Chicago,USA,35546.29,422,8526282237
CUST009030,Daniel Hall,customer9030@mail.com,+1-444-328-3483,Dallas,USA,750.77,497,2939157486
CUST009031,Emma Wilson,customer9031@mail.com,+1-444-618-3568,Chicago,USA,39407.35,379,2371122234
CUST009032,Sophia Smith,customer9032@mail.com,+1-444-616-6377,Dallas,USA,29327.33,785,4760304137
CUST009033,Ava Taylor,customer9033@mail.com,+1-444-808-5633,Dallas,USA,41840.06,443,9632657417
CUST009034,James Hall,customer9034@mail.com,+1-444-462-3028,New York,USA,44289.59,787,5304356331
CUST009035,Ava Wilson,customer9035@mail.com,+1-444-442-8869,Dallas,USA,9930.62,334,2773910060
CUST009036,Ava Smith,customer9036@mail.com,+1-444-115-2735,Chicago,USA,21946.5,748,7677294151
CUST009037,James Smith,customer9037@mail.com,+1-444-235-8831,Phoenix,USA,5832.25,758,4459194613
CUST009038,Ava Wilson,customer9038@mail.com,+1-444-680-8182,Chicago,USA,36960.07,717,5324353441
CUST009039,Michael Brown,customer9039@mail.com,+1-444-357-1299,New York,USA,25363.0,804,3864351273
CUST009040,Michael Smith,customer9040@mail.com,+1-444-196-1978,Phoenix,USA,15838.73,576,6494004728
CUST009041,John Walker,customer9041@mail.com,+1-444-671-2641,Chicago,USA,26408.22,527,7538173515
CUST009042,Sophia Taylor,customer9042@mail.com,+1-444-384-9855,Phoenix,USA,4534.99,759,5364731072
CUST009043,Olivia Walker,customer9043@mail.com,+1-444-880-1286,New York,USA,35785.58,709,9635576712
CUST009044,James Taylor,customer9044@mail.com,+1-444-731-5234,Dallas,USA,6095.31,844,4952829252
CUST009045,Sarah Hall,customer9045@mail.com,+1-444-100-4200,Dallas,USA,3850.25,755,7077472142
CUST009046,Olivia Lewis,customer9046@mail.com,+1-444-521-7334,New York,USA,31658.69,313,7603140589
CUST009047,Sophia Davis,customer9047@mail.com,+1-444-851-7738,New York,USA,39678.16,613,1620853546
CUST009048,Ava Brown,customer9048@mail.com,+1-444-748-2780,Chicago,USA,6564.55,324,2915860501
CUST009049,Emma Walker,customer9049@mail.com,+1-444-746-6442,Phoenix,USA,49919.16,460,2484856487
CUST009050,James Davis,customer9050@mail.com,+1-444-755-2154,Phoenix,USA,2473.52,800,1746981962
CUST009051,Emma Davis,customer9051@mail.com,+1-444-735-3116,New York,USA,12539.39,348,6953193951
CUST009052,John Johnson,customer9052@mail.com,+1-444-457-3968,New York,USA,26244.9,319,5408738112
CUST009053,Sarah Taylor,customer9053@mail.com,+1-444-652-5692,Phoenix,USA,5129.98,822,3550399390
CUST009054,Sophia Walker,customer9054@mail.com,+1-444-326-2503,Phoenix,USA,32760.55,620,8486321961
CUST009055,Olivia Walker,customer9055@mail.com,+1-444-770-7572,Dallas,USA,25951.4,341,1888530092
CUST009056,Olivia Wilson,customer9056@mail.com,+1-444-885-8176,New York,USA,33065.42,700,3746084497
CUST009057,Sarah Taylor,customer9057@mail.com,+1-444-786-7009,Phoenix,USA,43731.68,557,4549577225
CUST009058,Sophia Wilson,customer9058@mail.com,+1-444-832-7156,Phoenix,USA,38879.01,435,5724650122
CUST009059,Sarah Brown,customer9059@mail.com,+1-444-942-8048,Dallas,USA,39012.87,732,1332641375
CUST009060,David Smith,customer9060@mail.com,+1-444-497-7373,Chicago,USA,31292.57,464,8883100853
CUST009061,David Walker,customer9061@mail.com,+1-444-907-8308,Phoenix,USA,48255.74,379,3762420246
CUST009062,Sophia Davis,customer9062@mail.com,+1-444-592-3231,Phoenix,USA,24683.26,531,8007821107
CUST009063,David Lewis,customer9063@mail.com,+1-444-109-7225,New York,USA,7843.04,802,4899202200
CUST009064,Sarah Smith,customer9064@mail.com,+1-444-583-5329,Dallas,USA,20181.31,435,1323200224
CUST009065,Ava Walker,customer9065@mail.com,+1-444-239-4551,Chicago,USA,24201.58,521,2605520588
CUST009066,Michael Davis,customer9066@mail.com,+1-444-530-8806,Dallas,USA,46275.65,413,3950622863
CUST009067,David Lewis,customer9067@mail.com,+1-444-515-5827,Phoenix,USA,40216.05,680,7807684018
CUST009068,Daniel Hall,customer9068@mail.com,+1-444-259-4825,Phoenix,USA,46736.8,548,5101919225
CUST009069,Olivia Smith,customer9069@mail.com,+1-444-296-2919,Dallas,USA,36652.8,586,5098345298
CUST009070,Sarah Wilson,customer9070@mail.com,+1-444-316-1811,New York,USA,42267.66,566,8722679449
CUST009071,Sarah Clark,customer9071@mail.com,+1-444-942-4070,New York,USA,14256.01,444,3936425083
CUST009072,David Clark,customer9072@mail.com,+1-444-967-6250,New York,USA,46986.18,334,6274193999
CUST009073,Sarah Johnson,customer9073@mail.com,+1-444-882-7867,Chicago,USA,39075.53,703,7316547842
CUST009074,Ava Walker,customer9074@mail.com,+1-444-411-5476,New York,USA,46276.34,684,2900850039
CUST009075,Sarah Wilson,customer9075@mail.com,+1-444-549-2988,Dallas,USA,13240.89,604,1176291528
CUST009076,Sarah Walker,customer9076@mail.com,+1-444-663-5706,Phoenix,USA,2554.48,615,8501716329
CUST009077,Emma Smith,customer9077@mail.com,+1-444-538-1320,New York,USA,47548.29,437,7742383586
CUST009078,John Taylor,customer9078@mail.com,+1-444-353-4430,New York,USA,13625.75,586,5768480877
CUST009079,Daniel Hall,customer9079@mail.com,+1-444-538-8455,Chicago,USA,10149.87,736,9344456590
CUST009080,Ava Wilson,customer9080@mail.com,+1-444-200-6365,Chicago,USA,38690.92,365,4840770487
CUST009081,Emma Brown,customer9081@mail.com,+1-444-475-7452,Chicago,USA,21807.12,773,3184517554
CUST009082,James Wilson,customer9082@mail.com,+1-444-759-8467,Dallas,USA,37521.36,763,6512906341
CUST009083,David Clark,customer9083@mail.com,+1-444-765-9956,New York,USA,25084.38,416,5252384162
CUST009084,David Johnson,customer9084@mail.com,+1-444-322-7532,Phoenix,USA,41924.97,554,5454336668
CUST009085,David Clark,customer9085@mail.com,+1-444-294-3105,New York,USA,10140.81,567,5205722534
CUST009086,James Hall,customer9086@mail.com,+1-444-696-9374,Chicago,USA,43791.68,620,9442219287
CUST009087,Sarah Wilson,customer9087@mail.com,+1-444-119-7162,Chicago,USA,6894.39,637,1138359185
CUST009088,James Lewis,customer9088@mail.com,+1-444-641-3449,Dallas,USA,14007.59,468,5400195036
CUST009089,Daniel Taylor,customer9089@mail.com,+1-444-864-8016,Dallas,USA,35780.92,684,6895456477
CUST009090,James Lewis,customer9090@mail.com,+1-444-936-3568,New York,USA,8148.51,352,4846103088
CUST009091,Daniel Walker,customer9091@mail.com,+1-444-300-7102,Chicago,USA,32057.44,560,1061213119
CUST009092,Daniel Davis,customer9092@mail.com,+1-444-121-5226,Chicago,USA,35653.13,678,9005502805
CUST009093,James Davis,customer9093@mail.com,+1-444-752-3270,New York,USA,778.3,763,7628548510
CUST009094,John Taylor,customer9094@mail.com,+1-444-949-8220,New York,USA,9060.8,825,7932623642
CUST009095,Daniel Hall,customer9095@mail.com,+1-444-323-9780,Dallas,USA,8922.59,668,2605164849
CUST009096,Ava Johnson,customer9096@mail.com,+1-444-222-4269,Dallas,USA,4906.17,583,1229319876
CUST009097,Sarah Taylor,customer9097@mail.com,+1-444-950-7967,Phoenix,USA,20587.42,779,8180719549
CUST009098,Sophia Hall,customer9098@mail.com,+1-444-174-4799,Chicago,USA,23338.62,769,7173965626
CUST009099,David Johnson,customer9099@mail.com,+1-444-697-3323,Dallas,USA,23807.71,353,1987757281
CUST009100,Sarah Lewis,customer9100@mail.com,+1-444-428-5706,Phoenix,USA,23892.61,364,9854691023
CUST009101,Daniel Wilson,customer9101@mail.com,+1-444-393-7579,Phoenix,USA,2593.85,444,4351068987
CUST009102,Ava Davis,customer9102@mail.com,+1-444-724-7197,Chicago,USA,39985.46,462,6612912600
CUST009103,Sophia Brown,customer9103@mail.com,+1-444-333-6066,Dallas,USA,311.81,627,2636019605
CUST009104,Michael Davis,customer9104@mail.com,+1-444-337-3455,Phoenix,USA,38739.95,389,9580493168
CUST009105,Daniel Hall,customer9105@mail.com,+1-444-427-1932,Dallas,USA,13601.46,846,6192291365
CUST009106,Ava Smith,customer9106@mail.com,+1-444-211-1720,Phoenix,USA,13664.7,405,3207290049
CUST009107,Emma Johnson,customer9107@mail.com,+1-444-134-8344,Dallas,USA,41793.15,492,5096508004
CUST009108,Michael Clark,customer9108@mail.com,+1-444-759-9350,Dallas,USA,16939.37,310,8546917291
CUST009109,Sophia Davis,customer9109@mail.com,+1-444-682-2718,New York,USA,18489.77,420,3229809998
CUST009110,Ava Wilson,customer9110@mail.com,+1-444-820-6219,Chicago,USA,41448.53,406,6380748893
CUST009111,Daniel Lewis,customer9111@mail.com,+1-444-628-5719,Chicago,USA,35297.31,743,2132794594
CUST009112,Sophia Smith,customer9112@mail.com,+1-444-185-6524,New York,USA,27584.64,477,2915016961
CUST009113,John Johnson,customer9113@mail.com,+1-444-674-6523,New York,USA,16786.3,425,1352641712
CUST009114,Olivia Lewis,customer9114@mail.com,+1-444-801-4395,Dallas,USA,21749.34,578,5571626453
CUST009115,David Walker,customer9115@mail.com,+1-444-210-2068,New York,USA,8982.23,641,7967597624
CUST009116,Sarah Brown,customer9116@mail.com,+1-444-674-7867,Phoenix,USA,3672.46,384,8083678613
CUST009117,Emma Brown,customer9117@mail.com,+1-444-569-4870,Chicago,USA,3000.62,398,9276958460
CUST009118,Emma Lewis,customer9118@mail.com,+1-444-130-1978,Phoenix,USA,36329.96,300,6062122242
CUST009119,Sarah Taylor,customer9119@mail.com,+1-444-892-5159,Chicago,USA,33120.14,413,2862521923
CUST009120,Daniel Johnson,customer9120@mail.com,+1-444-210-7560,New York,USA,19192.45,482,3212070421
CUST009121,John Taylor,customer9121@mail.com,+1-444-682-2052,Chicago,USA,37898.08,780,1438013628
CUST009122,Michael Smith,customer9122@mail.com,+1-444-918-2030,Chicago,USA,8317.04,807,2445060201
CUST009123,Emma Hall,customer9123@mail.com,+1-444-846-4364,Dallas,USA,7397.67,680,5225249143
CUST009124,John Brown,customer9124@mail.com,+1-444-932-6809,New York,USA,22459.75,429,2252541316
CUST009125,Emma Davis,customer9125@mail.com,+1-444-375-2424,Chicago,USA,20743.43,705,1909021106
CUST009126,John Brown,customer9126@mail.com,+1-444-304-1811,New York,USA,6224.36,400,3987108943
CUST009127,Sophia Brown,customer9127@mail.com,+1-444-944-2777,Dallas,USA,21126.36,727,8425577118
CUST009128,James Taylor,customer9128@mail.com,+1-444-370-1206,Phoenix,USA,8903.87,420,2071860978
CUST009129,Olivia Clark,customer9129@mail.com,+1-444-618-1481,Dallas,USA,39097.43,596,1488280050
CUST009130,James Wilson,customer9130@mail.com,+1-444-733-1362,Phoenix,USA,2599.24,594,6037046359
CUST009131,Michael Walker,customer9131@mail.com,+1-444-521-9613,New York,USA,37507.85,795,3855853901
CUST009132,Michael Wilson,customer9132@mail.com,+1-444-724-5385,New York,USA,35990.58,702,6309464601
CUST009133,James Hall,customer9133@mail.com,+1-444-728-8820,Dallas,USA,28343.28,604,4669021626
CUST009134,John Clark,customer9134@mail.com,+1-444-350-2051,Phoenix,USA,21953.49,319,6571304849
CUST009135,Sarah Walker,customer9135@mail.com,+1-444-284-7966,Chicago,USA,33731.96,819,8336866918
CUST009136,Michael Lewis,customer9136@mail.com,+1-444-879-8182,Chicago,USA,16182.05,431,3348745739
CUST009137,Ava Taylor,customer9137@mail.com,+1-444-216-6386,Dallas,USA,40959.29,735,1875623421
CUST009138,Sarah Brown,customer9138@mail.com,+1-444-385-6853,Phoenix,USA,31971.88,687,9709357170
CUST009139,Sophia Walker,customer9139@mail.com,+1-444-647-2395,New York,USA,1071.04,419,4383087461
CUST009140,Daniel Wilson,customer9140@mail.com,+1-444-282-8842,New York,USA,8293.51,376,9397144730
CUST009141,Ava Johnson,customer9141@mail.com,+1-444-887-3141,New York,USA,23145.51,350,4154056917
CUST009142,Sarah Taylor,customer9142@mail.com,+1-444-364-2318,New York,USA,46514.2,656,5111206417
CUST009143,Sophia Hall,customer9143@mail.com,+1-444-770-4857,Chicago,USA,37313.06,336,5245408462
CUST009144,Ava Wilson,customer9144@mail.com,+1-444-695-8015,Dallas,USA,7219.45,728,7564453723
CUST009145,Olivia Smith,customer9145@mail.com,+1-444-945-8835,Phoenix,USA,11162.57,361,4440647660
CUST009146,Sarah Clark,customer9146@mail.com,+1-444-184-3880,Chicago,USA,22053.28,392,7699817671
CUST009147,David Walker,customer9147@mail.com,+1-444-966-1789,New York,USA,48336.54,342,8147215278
CUST009148,Sophia Brown,customer9148@mail.com,+1-444-287-5120,New York,USA,7305.09,741,2042231374
CUST009149,David Hall,customer9149@mail.com,+1-444-136-6949,Phoenix,USA,9950.75,755,5529646193
CUST009150,Sarah Johnson,customer9150@mail.com,+1-444-900-3098,New York,USA,36138.22,629,5803594944
CUST009151,Olivia Davis,customer9151@mail.com,+1-444-285-8602,Dallas,USA,24087.59,756,2668198968
CUST009152,Sophia Wilson,customer9152@mail.com,+1-444-747-6271,Phoenix,USA,4816.98,774,4742959214
CUST009153,Daniel Lewis,customer9153@mail.com,+1-444-981-7462,Chicago,USA,25145.99,550,2304345429
CUST009154,Sarah Hall,customer9154@mail.com,+1-444-901-1541,Phoenix,USA,18650.71,529,7506311803
CUST009155,Sophia Hall,customer9155@mail.com,+1-444-670-3013,New York,USA,679.59,636,3155552157
CUST009156,David Taylor,customer9156@mail.com,+1-444-806-5325,Phoenix,USA,48364.48,823,3307986194
CUST009157,Sophia Walker,customer9157@mail.com,+1-444-496-6486,Dallas,USA,8546.88,737,2968582459
CUST009158,Olivia Wilson,customer9158@mail.com,+1-444-522-4727,New York,USA,12060.43,530,5075278124
CUST009159,Olivia Clark,customer9159@mail.com,+1-444-318-4397,Dallas,USA,45129.3,503,6320215010
CUST009160,Sarah Walker,customer9160@mail.com,+1-444-524-8979,Phoenix,USA,22107.48,387,5077240154
CUST009161,John Smith,customer9161@mail.com,+1-444-511-7783,Phoenix,USA,11228.16,639,7877114558
CUST009162,John Hall,customer9162@mail.com,+1-444-559-1214,Phoenix,USA,43400.16,781,5538402273
CUST009163,Sophia Brown,customer9163@mail.com,+1-444-355-5488,New York,USA,35179.17,578,5926559327
CUST009164,Olivia Hall,customer9164@mail.com,+1-444-605-3981,Phoenix,USA,19292.59,632,9855687278
CUST009165,David Walker,customer9165@mail.com,+1-444-710-8738,Dallas,USA,45275.91,850,4939535483
CUST009166,James Wilson,customer9166@mail.com,+1-444-467-8160,Chicago,USA,34678.85,539,6310851789
CUST009167,Emma Lewis,customer9167@mail.com,+1-444-767-8810,Dallas,USA,44534.18,665,7325584602
CUST009168,Daniel Davis,customer9168@mail.com,+1-444-528-3461,Phoenix,USA,21982.35,372,4999541468
CUST009169,Ava Davis,customer9169@mail.com,+1-444-621-4633,New York,USA,46676.23,690,9296398312
CUST009170,Olivia Wilson,customer9170@mail.com,+1-444-622-3255,Chicago,USA,5173.26,816,8361259976
CUST009171,James Brown,customer9171@mail.com,+1-444-739-9738,Phoenix,USA,30528.53,577,9881252067
CUST009172,Emma Walker,customer9172@mail.com,+1-444-749-7336,Phoenix,USA,22211.34,741,8489255084
CUST009173,Olivia Johnson,customer9173@mail.com,+1-444-487-8491,Dallas,USA,18320.39,719,3931934955
CUST009174,Emma Hall,customer9174@mail.com,+1-444-238-9758,Chicago,USA,16038.33,596,6776034672
CUST009175,Sophia Walker,customer9175@mail.com,+1-444-693-8201,Chicago,USA,31753.71,795,7841745476
CUST009176,Sophia Johnson,customer9176@mail.com,+1-444-128-6487,Phoenix,USA,40608.09,324,6045909506
CUST009177,Olivia Brown,customer9177@mail.com,+1-444-243-9218,Chicago,USA,5215.71,729,4120346748
CUST009178,Sarah Lewis,customer9178@mail.com,+1-444-640-6410,Phoenix,USA,12811.66,435,2720821594
CUST009179,James Hall,customer9179@mail.com,+1-444-906-2439,Dallas,USA,20442.65,665,2514019758
CUST009180,John Wilson,customer9180@mail.com,+1-444-980-8967,Dallas,USA,1670.1,353,7125542916
CUST009181,James Clark,customer9181@mail.com,+1-444-484-9277,Chicago,USA,10720.51,528,2391808576
CUST009182,Olivia Wilson,customer9182@mail.com,+1-444-326-5889,Chicago,USA,39894.83,379,3776782588
CUST009183,Daniel Wilson,customer9183@mail.com,+1-444-478-2846,New York,USA,23957.16,780,1117711421
CUST009184,John Taylor,customer9184@mail.com,+1-444-769-1676,Chicago,USA,41456.25,481,8397166320
CUST009185,Michael Davis,customer9185@mail.com,+1-444-682-2230,Chicago,USA,6592.08,626,6699429578
CUST009186,Daniel Brown,customer9186@mail.com,+1-444-907-7854,Chicago,USA,27886.85,399,4574504386
CUST009187,David Taylor,customer9187@mail.com,+1-444-936-1574,Dallas,USA,14391.64,643,6705930597
CUST009188,John Lewis,customer9188@mail.com,+1-444-997-9769,Dallas,USA,25020.83,629,3590203319
CUST009189,Emma Wilson,customer9189@mail.com,+1-444-773-6270,New York,USA,41772.71,741,4832078981
CUST009190,Ava Clark,customer9190@mail.com,+1-444-379-6704,Phoenix,USA,2072.51,459,4975801148
CUST009191,John Lewis,customer9191@mail.com,+1-444-471-5336,Chicago,USA,1864.79,762,9688167313
CUST009192,Emma Brown,customer9192@mail.com,+1-444-465-8269,Phoenix,USA,28165.88,762,1921213193
CUST009193,John Davis,customer9193@mail.com,+1-444-777-2270,Phoenix,USA,12711.53,388,9823171089
CUST009194,Ava Wilson,customer9194@mail.com,+1-444-365-7993,Dallas,USA,10210.99,833,6183362309
CUST009195,Emma Lewis,customer9195@mail.com,+1-444-756-1377,Chicago,USA,5326.52,689,1611815853
CUST009196,Emma Brown,customer9196@mail.com,+1-444-226-7094,New York,USA,23880.9,414,3853532376
CUST009197,Emma Lewis,customer9197@mail.com,+1-444-424-1143,Chicago,USA,2087.84,442,1420160760
CUST009198,David Smith,customer9198@mail.com,+1-444-113-9085,Dallas,USA,694.89,486,5558873129
CUST009199,Emma Hall,customer9199@mail.com,+1-444-647-2185,Phoenix,USA,30375.39,624,7137477542
CUST009200,Emma Taylor,customer9200@mail.com,+1-444-943-1922,Phoenix,USA,48211.74,786,6760858647
CUST009201,James Taylor,customer9201@mail.com,+1-444-515-9564,New York,USA,22081.31,549,3879351960
CUST009202,John Walker,customer9202@mail.com,+1-444-700-4515,Phoenix,USA,38017.87,828,9547720354
CUST009203,Daniel Smith,customer9203@mail.com,+1-444-747-2530,Chicago,USA,21722.5,756,9378932537
CUST009204,Ava Walker,customer9204@mail.com,+1-444-398-1339,Chicago,USA,3632.24,464,3963669119
CUST009205,Michael Smith,customer9205@mail.com,+1-444-968-4711,Phoenix,USA,48876.06,662,8487216861
CUST009206,Daniel Brown,customer9206@mail.com,+1-444-741-8443,Dallas,USA,1913.47,491,5281830802
CUST009207,Sophia Clark,customer9207@mail.com,+1-444-705-6129,Chicago,USA,6966.09,583,5540031417
CUST009208,Ava Johnson,customer9208@mail.com,+1-444-780-8436,Dallas,USA,14159.06,846,3638374774
CUST009209,John Clark,customer9209@mail.com,+1-444-783-3766,Dallas,USA,28741.8,616,8871392485
CUST009210,Ava Wilson,customer9210@mail.com,+1-444-716-2785,Dallas,USA,25852.04,377,3646253866
CUST009211,David Lewis,customer9211@mail.com,+1-444-663-8017,Phoenix,USA,34643.94,752,9942324859
CUST009212,Ava Smith,customer9212@mail.com,+1-444-958-4111,Chicago,USA,37535.7,493,3833785380
CUST009213,Olivia Brown,customer9213@mail.com,+1-444-224-3329,Chicago,USA,49818.4,473,2305215385
CUST009214,James Wilson,customer9214@mail.com,+1-444-411-5315,Phoenix,USA,14648.01,764,5350235928
CUST009215,John Davis,customer9215@mail.com,+1-444-730-6777,New York,USA,21712.55,368,1036614405
CUST009216,Sophia Taylor,customer9216@mail.com,+1-444-443-4549,Chicago,USA,27918.32,477,6756490544
CUST009217,James Hall,customer9217@mail.com,+1-444-231-2754,New York,USA,1178.24,726,5037222193
CUST009218,Daniel Lewis,customer9218@mail.com,+1-444-691-2164,Phoenix,USA,6544.84,363,1627094978
CUST009219,Sophia Taylor,customer9219@mail.com,+1-444-134-4293,New York,USA,26358.83,372,2458415841
CUST009220,Sarah Brown,customer9220@mail.com,+1-444-697-8393,Chicago,USA,35082.9,521,5830931844
CUST009221,Emma Wilson,customer9221@mail.com,+1-444-508-6216,Chicago,USA,4085.92,514,3590173978
CUST009222,Emma Davis,customer9222@mail.com,+1-444-970-6841,Phoenix,USA,33511.44,479,9915886255
CUST009223,Ava Davis,customer9223@mail.com,+1-444-375-6531,New York,USA,28717.81,603,9972863556
CUST009224,Sarah Lewis,customer9224@mail.com,+1-444-499-4053,New York,USA,2334.79,385,7132560666
CUST009225,Sophia Walker,customer9225@mail.com,+1-444-218-9053,Dallas,USA,16666.48,792,5182716023
CUST009226,Emma Brown,customer9226@mail.com,+1-444-528-2662,Chicago,USA,7135.14,443,6651868012
CUST009227,James Brown,customer9227@mail.com,+1-444-430-2891,Chicago,USA,30659.08,584,4079267835
CUST009228,Emma Davis,customer9228@mail.com,+1-444-558-8183,Chicago,USA,48590.51,310,9776837452
CUST009229,Emma Wilson,customer9229@mail.com,+1-444-894-2402,Chicago,USA,23972.74,311,8994300549
CUST009230,Emma Taylor,customer9230@mail.com,+1-444-520-6316,Phoenix,USA,2687.2,536,4338164187
CUST009231,Olivia Davis,customer9231@mail.com,+1-444-577-5980,New York,USA,23030.51,501,1010170609
CUST009232,James Davis,customer9232@mail.com,+1-444-217-9085,Phoenix,USA,45493.43,639,3945018515
CUST009233,Emma Hall,customer9233@mail.com,+1-444-427-5863,New York,USA,42781.81,427,1313757080
CUST009234,Ava Taylor,customer9234@mail.com,+1-444-168-3335,Dallas,USA,46531.56,816,2153759421
CUST009235,Michael Lewis,customer9235@mail.com,+1-444-779-5799,Phoenix,USA,2366.53,552,6915659712
CUST009236,Daniel Lewis,customer9236@mail.com,+1-444-683-9980,Phoenix,USA,24273.48,467,2489657522
CUST009237,James Brown,customer9237@mail.com,+1-444-930-2900,Dallas,USA,35235.16,638,8562622586
CUST009238,Ava Lewis,customer9238@mail.com,+1-444-414-9121,Phoenix,USA,36853.1,844,1502214621
CUST009239,Olivia Davis,customer9239@mail.com,+1-444-126-9083,Dallas,USA,39187.15,803,1217332334
CUST009240,Emma Hall,customer9240@mail.com,+1-444-128-7845,New York,USA,42387.59,399,1360640633
CUST009241,Emma Johnson,customer9241@mail.com,+1-444-844-8478,New York,USA,8146.35,410,3385879449
CUST009242,Ava Walker,customer9242@mail.com,+1-444-625-8541,Phoenix,USA,1374.07,432,5925789616
CUST009243,Sophia Walker,customer9243@mail.com,+1-444-499-1863,New York,USA,36947.0,622,2047407071
CUST009244,Ava Clark,customer9244@mail.com,+1-444-579-8861,Chicago,USA,9868.29,456,5852384335
CUST009245,Daniel Johnson,customer9245@mail.com,+1-444-500-6839,Dallas,USA,29751.01,586,4074502641
CUST009246,James Brown,customer9246@mail.com,+1-444-353-2044,Phoenix,USA,20860.13,373,3793677154
CUST009247,Emma Brown,customer9247@mail.com,+1-444-917-4604,Dallas,USA,46820.58,519,7644548272
CUST009248,David Davis,customer9248@mail.com,+1-444-502-7274,Dallas,USA,6499.16,304,1397729471
CUST009249,James Clark,customer9249@mail.com,+1-444-793-4895,New York,USA,16464.36,456,7193589421
CUST009250,Olivia Clark,customer9250@mail.com,+1-444-106-4798,Dallas,USA,8088.17,482,1156971233
CUST009251,Emma Lewis,customer9251@mail.com,+1-444-279-2191,Dallas,USA,32705.09,808,4621782760
CUST009252,Sophia Wilson,customer9252@mail.com,+1-444-709-3139,Dallas,USA,42642.84,696,3579117584
CUST009253,Daniel Johnson,customer9253@mail.com,+1-444-466-4998,Phoenix,USA,9110.8,760,6418545067
CUST009254,Olivia Smith,customer9254@mail.com,+1-444-774-6421,Phoenix,USA,9517.75,655,5806298021
CUST009255,Michael Hall,customer9255@mail.com,+1-444-920-1648,Phoenix,USA,6336.69,383,1429799717
CUST009256,Olivia Lewis,customer9256@mail.com,+1-444-588-4296,New York,USA,41441.75,532,5687998875
CUST009257,David Davis,customer9257@mail.com,+1-444-542-9077,Chicago,USA,32989.65,823,6105695895
CUST009258,Olivia Walker,customer9258@mail.com,+1-444-743-1359,Phoenix,USA,49206.95,651,9390825928
CUST009259,John Wilson,customer9259@mail.com,+1-444-765-1361,New York,USA,16032.9,670,3738824646
CUST009260,Michael Lewis,customer9260@mail.com,+1-444-847-3100,Phoenix,USA,7622.13,427,6126965973
CUST009261,Sophia Johnson,customer9261@mail.com,+1-444-807-7104,Phoenix,USA,15036.25,513,8854975606
CUST009262,Daniel Hall,customer9262@mail.com,+1-444-318-5658,New York,USA,34175.38,723,8232271539
CUST009263,Emma Lewis,customer9263@mail.com,+1-444-159-8823,Phoenix,USA,26618.97,320,6132422355
CUST009264,Daniel Lewis,customer9264@mail.com,+1-444-116-2645,Chicago,USA,37877.96,726,9079082362
CUST009265,John Johnson,customer9265@mail.com,+1-444-953-1755,Dallas,USA,34458.47,820,4716047967
CUST009266,Olivia Davis,customer9266@mail.com,+1-444-532-9306,Dallas,USA,14569.34,394,4637686098
CUST009267,David Smith,customer9267@mail.com,+1-444-100-9593,Dallas,USA,46161.92,806,6618125836
CUST009268,Sophia Walker,customer9268@mail.com,+1-444-286-5107,Dallas,USA,47228.51,806,4966524463
CUST009269,Emma Hall,customer9269@mail.com,+1-444-679-4263,Dallas,USA,9924.52,843,1641598112
CUST009270,Olivia Lewis,customer9270@mail.com,+1-444-632-2619,New York,USA,38559.83,433,8639919052
CUST009271,Olivia Taylor,customer9271@mail.com,+1-444-811-1253,Chicago,USA,48788.34,318,6730267632
CUST009272,Sarah Walker,customer9272@mail.com,+1-444-842-5420,New York,USA,4815.32,306,3656023537
CUST009273,Ava Walker,customer9273@mail.com,+1-444-984-8752,Dallas,USA,15191.03,705,9309338924
CUST009274,Emma Hall,customer9274@mail.com,+1-444-369-8923,Dallas,USA,40608.14,454,9838263287
CUST009275,Emma Taylor,customer9275@mail.com,+1-444-634-8488,New York,USA,17256.72,514,2182977026
CUST009276,John Brown,customer9276@mail.com,+1-444-666-7407,New York,USA,7937.91,739,8242182990
CUST009277,James Johnson,customer9277@mail.com,+1-444-540-8053,Phoenix,USA,45885.97,732,6240638945
CUST009278,Daniel Hall,customer9278@mail.com,+1-444-847-1217,Phoenix,USA,14014.45,582,2848943958
CUST009279,Daniel Davis,customer9279@mail.com,+1-444-572-9129,New York,USA,27399.56,488,8046891858
CUST009280,Daniel Wilson,customer9280@mail.com,+1-444-722-5488,New York,USA,13797.19,542,5220401103
CUST009281,Olivia Davis,customer9281@mail.com,+1-444-354-5060,New York,USA,11428.01,487,6055437748
CUST009282,Daniel Brown,customer9282@mail.com,+1-444-850-2670,Phoenix,USA,33525.63,456,3475916361
CUST009283,Michael Brown,customer9283@mail.com,+1-444-287-7879,Chicago,USA,41222.68,449,8991208435
CUST009284,Michael Johnson,customer9284@mail.com,+1-444-218-2155,Chicago,USA,37389.57,495,1800251150
CUST009285,Olivia Wilson,customer9285@mail.com,+1-444-624-2529,Phoenix,USA,32000.75,413,3409860915
CUST009286,Olivia Wilson,customer9286@mail.com,+1-444-105-4333,Phoenix,USA,33188.15,635,4340564161
CUST009287,James Hall,customer9287@mail.com,+1-444-687-3993,Phoenix,USA,11029.02,549,3496193659
CUST009288,Daniel Brown,customer9288@mail.com,+1-444-414-3692,Phoenix,USA,37639.22,804,7105580493
CUST009289,Michael Walker,customer9289@mail.com,+1-444-484-3112,Chicago,USA,29905.96,506,9643528738
CUST009290,David Smith,customer9290@mail.com,+1-444-638-8127,Dallas,USA,22427.08,503,3703299752
CUST009291,David Taylor,customer9291@mail.com,+1-444-497-6674,Phoenix,USA,39381.33,382,3117705209
CUST009292,Sophia Johnson,customer9292@mail.com,+1-444-971-8313,Dallas,USA,8357.46,311,9868701875
CUST009293,David Lewis,customer9293@mail.com,+1-444-795-2641,Chicago,USA,22055.22,766,4971894491
CUST009294,James Taylor,customer9294@mail.com,+1-444-655-7387,Dallas,USA,40620.25,735,6335556434
CUST009295,Emma Walker,customer9295@mail.com,+1-444-475-6095,Dallas,USA,31615.35,472,3681295402
CUST009296,Sophia Walker,customer9296@mail.com,+1-444-743-4628,Phoenix,USA,31463.23,538,3421791220
CUST009297,David Johnson,customer9297@mail.com,+1-444-612-3149,Chicago,USA,48841.08,373,4256895833
CUST009298,James Taylor,customer9298@mail.com,+1-444-860-2968,Phoenix,USA,16672.86,347,2171176535
CUST009299,John Davis,customer9299@mail.com,+1-444-891-8813,Dallas,USA,18513.74,662,8548538000
CUST009300,Michael Johnson,customer9300@mail.com,+1-444-887-3478,New York,USA,44856.71,373,4391155775
CUST009301,Emma Wilson,customer9301@mail.com,+1-444-770-4969,New York,USA,20527.86,367,5646028545
CUST009302,John Wilson,customer9302@mail.com,+1-444-824-4728,Chicago,USA,45994.55,381,5014029320
CUST009303,Sophia Brown,customer9303@mail.com,+1-444-412-8401,Chicago,USA,33679.81,315,9790861910
CUST009304,John Walker,customer9304@mail.com,+1-444-376-1167,Chicago,USA,49654.95,458,6566120946
CUST009305,Olivia Hall,customer9305@mail.com,+1-444-153-2653,Chicago,USA,31223.19,618,7811626580
CUST009306,Michael Brown,customer9306@mail.com,+1-444-701-9241,Chicago,USA,46165.34,777,1847238121
CUST009307,John Brown,customer9307@mail.com,+1-444-477-6517,New York,USA,4126.19,590,9444554710
CUST009308,David Lewis,customer9308@mail.com,+1-444-297-8241,Phoenix,USA,11398.36,410,3550752875
CUST009309,Ava Hall,customer9309@mail.com,+1-444-129-9327,Chicago,USA,14024.71,632,4619707710
CUST009310,Emma Wilson,customer9310@mail.com,+1-444-172-4600,Dallas,USA,8046.25,360,1518859260
CUST009311,James Johnson,customer9311@mail.com,+1-444-669-4140,Chicago,USA,1983.91,428,4844075842
CUST009312,Daniel Clark,customer9312@mail.com,+1-444-749-9309,Chicago,USA,36200.77,592,7144916687
CUST009313,James Smith,customer9313@mail.com,+1-444-949-8074,Chicago,USA,15004.56,529,9582450172
CUST009314,John Smith,customer9314@mail.com,+1-444-456-1602,New York,USA,46282.38,740,5725969461
CUST009315,Michael Taylor,customer9315@mail.com,+1-444-381-5548,Chicago,USA,13595.91,656,8907127052
CUST009316,James Hall,customer9316@mail.com,+1-444-681-5765,Phoenix,USA,23395.57,402,1073547300
CUST009317,James Johnson,customer9317@mail.com,+1-444-873-2521,New York,USA,11258.87,333,4118787450
CUST009318,John Walker,customer9318@mail.com,+1-444-591-4969,Dallas,USA,8699.21,734,1061943093
CUST009319,Ava Walker,customer9319@mail.com,+1-444-688-9166,Chicago,USA,1781.8,479,6217587884
CUST009320,James Hall,customer9320@mail.com,+1-444-976-6286,Dallas,USA,40940.73,541,4571990650
CUST009321,James Brown,customer9321@mail.com,+1-444-172-7979,Dallas,USA,49827.9,460,7727943196
CUST009322,Sophia Brown,customer9322@mail.com,+1-444-145-8765,Dallas,USA,25871.96,717,2630604002
CUST009323,Daniel Davis,customer9323@mail.com,+1-444-111-8064,New York,USA,16284.67,764,9093664557
CUST009324,Ava Smith,customer9324@mail.com,+1-444-858-7116,Chicago,USA,45180.53,580,1447165222
CUST009325,Emma Taylor,customer9325@mail.com,+1-444-757-8509,Chicago,USA,31151.93,844,5794313774
CUST009326,Ava Lewis,customer9326@mail.com,+1-444-707-5287,Dallas,USA,33912.58,425,7180523747
CUST009327,Emma Davis,customer9327@mail.com,+1-444-717-6385,New York,USA,31705.07,388,2062496671
CUST009328,Michael Taylor,customer9328@mail.com,+1-444-421-5801,Dallas,USA,22651.05,774,9928479726
CUST009329,Daniel Hall,customer9329@mail.com,+1-444-174-5963,Dallas,USA,22799.67,349,5533481473
CUST009330,Daniel Wilson,customer9330@mail.com,+1-444-966-7499,Phoenix,USA,44177.05,422,4020521208
CUST009331,Olivia Walker,customer9331@mail.com,+1-444-414-4893,Chicago,USA,16068.56,752,4750797326
CUST009332,Olivia Clark,customer9332@mail.com,+1-444-851-8505,Phoenix,USA,38858.29,389,9523128857
CUST009333,Sophia Hall,customer9333@mail.com,+1-444-741-2493,New York,USA,28021.74,440,3270364304
CUST009334,Ava Clark,customer9334@mail.com,+1-444-799-4572,Dallas,USA,45219.74,307,7925125775
CUST009335,James Hall,customer9335@mail.com,+1-444-445-1078,New York,USA,11942.68,601,4963898160
CUST009336,Michael Taylor,customer9336@mail.com,+1-444-705-6980,Chicago,USA,34118.32,373,8465780722
CUST009337,Olivia Walker,customer9337@mail.com,+1-444-100-8070,Dallas,USA,38930.63,360,4724414813
CUST009338,Olivia Clark,customer9338@mail.com,+1-444-708-1764,Chicago,USA,20058.69,552,7570386493
CUST009339,Ava Lewis,customer9339@mail.com,+1-444-119-5107,Dallas,USA,5482.03,357,4231413051
CUST009340,David Smith,customer9340@mail.com,+1-444-771-9090,Chicago,USA,49807.39,812,8274895867
CUST009341,Sophia Wilson,customer9341@mail.com,+1-444-517-2832,Phoenix,USA,25521.5,720,6546791451
CUST009342,David Walker,customer9342@mail.com,+1-444-793-9796,Phoenix,USA,44621.84,441,4006319418
CUST009343,David Clark,customer9343@mail.com,+1-444-435-1547,Phoenix,USA,10498.22,388,1116059951
CUST009344,Emma Johnson,customer9344@mail.com,+1-444-715-1355,Dallas,USA,24971.58,350,9024113437
CUST009345,James Smith,customer9345@mail.com,+1-444-248-6493,Dallas,USA,14088.86,467,8951046427
CUST009346,James Smith,customer9346@mail.com,+1-444-323-8761,Dallas,USA,14846.59,579,2826564821
CUST009347,Sophia Smith,customer9347@mail.com,+1-444-643-8849,Chicago,USA,6286.79,457,4509518668
CUST009348,David Clark,customer9348@mail.com,+1-444-814-3486,Dallas,USA,26878.58,722,9042732229
CUST009349,Ava Wilson,customer9349@mail.com,+1-444-846-7398,New York,USA,14179.31,752,6324636718
CUST009350,Ava Brown,customer9350@mail.com,+1-444-967-2433,New York,USA,14245.7,814,5667120246
CUST009351,Olivia Wilson,customer9351@mail.com,+1-444-332-8586,Chicago,USA,48833.37,848,6272678363
CUST009352,John Smith,customer9352@mail.com,+1-444-177-4987,Chicago,USA,32680.37,661,7030217855
CUST009353,Sophia Wilson,customer9353@mail.com,+1-444-934-4359,Phoenix,USA,2171.25,735,8502106481
CUST009354,Michael Taylor,customer9354@mail.com,+1-444-390-4894,Chicago,USA,15761.95,568,3932117050
CUST009355,Emma Walker,customer9355@mail.com,+1-444-587-2254,New York,USA,1991.02,497,7147714522
CUST009356,Daniel Wilson,customer9356@mail.com,+1-444-907-3547,Phoenix,USA,1019.25,402,2579102685
CUST009357,Ava Johnson,customer9357@mail.com,+1-444-436-6493,Phoenix,USA,40088.86,468,9997918857
CUST009358,Ava Walker,customer9358@mail.com,+1-444-363-3397,Chicago,USA,28394.77,494,6323507598
CUST009359,Sophia Wilson,customer9359@mail.com,+1-444-385-1896,Phoenix,USA,4889.79,727,4503186654
CUST009360,Sophia Taylor,customer9360@mail.com,+1-444-359-3127,New York,USA,2603.76,549,9956732409
CUST009361,Sophia Brown,customer9361@mail.com,+1-444-153-6053,Dallas,USA,2697.35,759,9757461361
CUST009362,Michael Hall,customer9362@mail.com,+1-444-705-5677,Chicago,USA,38465.86,704,7243643558
CUST009363,Emma Taylor,customer9363@mail.com,+1-444-191-3402,Chicago,USA,35436.92,746,8163223886
CUST009364,James Smith,customer9364@mail.com,+1-444-326-5849,New York,USA,45471.98,302,3740463077
CUST009365,Olivia Smith,customer9365@mail.com,+1-444-484-8249,Phoenix,USA,47469.36,311,8963038207
CUST009366,Daniel Wilson,customer9366@mail.com,+1-444-654-2420,Chicago,USA,16962.52,503,3374965454
CUST009367,Olivia Walker,customer9367@mail.com,+1-444-324-7924,Chicago,USA,23839.28,598,1308188110
CUST009368,Sophia Walker,customer9368@mail.com,+1-444-592-8284,Dallas,USA,33567.12,338,4152230487
CUST009369,Emma Wilson,customer9369@mail.com,+1-444-339-5259,Phoenix,USA,3283.33,604,3273571831
CUST009370,John Hall,customer9370@mail.com,+1-444-885-3721,New York,USA,10840.48,784,2120084182
CUST009371,John Smith,customer9371@mail.com,+1-444-710-7348,Dallas,USA,7738.72,312,9249204237
CUST009372,Emma Hall,customer9372@mail.com,+1-444-515-1928,Chicago,USA,18731.93,841,1997261919
CUST009373,Daniel Wilson,customer9373@mail.com,+1-444-865-4702,Dallas,USA,6826.67,564,1587226000
CUST009374,Daniel Hall,customer9374@mail.com,+1-444-361-5472,Dallas,USA,6458.71,668,5298125952
CUST009375,Sarah Brown,customer9375@mail.com,+1-444-940-4843,New York,USA,16472.35,408,5746007815
CUST009376,James Lewis,customer9376@mail.com,+1-444-943-6109,Chicago,USA,13381.54,773,1548952161
CUST009377,Michael Hall,customer9377@mail.com,+1-444-547-7358,Chicago,USA,33891.19,795,4862585654
CUST009378,Sophia Johnson,customer9378@mail.com,+1-444-115-7676,Phoenix,USA,21201.56,526,3361940670
CUST009379,Ava Johnson,customer9379@mail.com,+1-444-737-5967,Dallas,USA,34493.6,440,6324027128
CUST009380,Ava Walker,customer9380@mail.com,+1-444-582-3549,Chicago,USA,36652.73,462,8116967932
CUST009381,James Brown,customer9381@mail.com,+1-444-405-4909,New York,USA,35993.13,617,5154998079
CUST009382,Michael Clark,customer9382@mail.com,+1-444-626-6608,Dallas,USA,5084.42,591,5001776771
CUST009383,James Taylor,customer9383@mail.com,+1-444-246-1641,New York,USA,23506.66,781,7249146905
CUST009384,David Walker,customer9384@mail.com,+1-444-330-6850,Dallas,USA,48487.92,330,6038656637
CUST009385,Daniel Smith,customer9385@mail.com,+1-444-446-3131,New York,USA,4412.3,713,5607482724
CUST009386,David Walker,customer9386@mail.com,+1-444-960-2794,Dallas,USA,2256.53,379,6294876181
CUST009387,Sarah Davis,customer9387@mail.com,+1-444-715-9320,New York,USA,17735.41,769,2224462533
CUST009388,Sophia Davis,customer9388@mail.com,+1-444-349-3703,Dallas,USA,41941.7,561,1353434960
CUST009389,Ava Johnson,customer9389@mail.com,+1-444-380-7361,Dallas,USA,43770.09,537,4775741923
CUST009390,John Davis,customer9390@mail.com,+1-444-488-4802,Chicago,USA,22921.43,839,2485724862
CUST009391,James Hall,customer9391@mail.com,+1-444-144-4635,Dallas,USA,33792.59,362,3678490953
CUST009392,Michael Brown,customer9392@mail.com,+1-444-668-9464,Phoenix,USA,28850.22,653,9570001601
CUST009393,Olivia Lewis,customer9393@mail.com,+1-444-362-9074,Chicago,USA,3010.76,699,7606041212
CUST009394,Daniel Lewis,customer9394@mail.com,+1-444-522-1942,Chicago,USA,6812.16,765,8207198341
CUST009395,James Smith,customer9395@mail.com,+1-444-250-4883,Chicago,USA,23282.91,708,3547822802
CUST009396,Sophia Taylor,customer9396@mail.com,+1-444-586-7486,Chicago,USA,41231.31,789,7101516334
CUST009397,Ava Smith,customer9397@mail.com,+1-444-646-3682,Phoenix,USA,9909.85,337,1293417730
CUST009398,Michael Clark,customer9398@mail.com,+1-444-638-3639,New York,USA,37094.19,782,9831567022
CUST009399,James Smith,customer9399@mail.com,+1-444-436-4804,Phoenix,USA,24399.7,696,4850035194
CUST009400,John Walker,customer9400@mail.com,+1-444-112-9663,Phoenix,USA,49897.62,588,5820270742
CUST009401,Ava Davis,customer9401@mail.com,+1-444-486-8488,New York,USA,48093.23,590,6139369501
CUST009402,Emma Clark,customer9402@mail.com,+1-444-159-9253,Dallas,USA,42308.91,719,9687938362
CUST009403,Emma Brown,customer9403@mail.com,+1-444-861-2831,New York,USA,15738.09,718,7364589092
CUST009404,John Clark,customer9404@mail.com,+1-444-967-6204,Dallas,USA,12015.14,684,2697050693
CUST009405,James Wilson,customer9405@mail.com,+1-444-632-2352,New York,USA,43329.55,606,1773802879
CUST009406,John Smith,customer9406@mail.com,+1-444-227-2128,New York,USA,18542.3,600,5967681133
CUST009407,Michael Smith,customer9407@mail.com,+1-444-748-1149,New York,USA,14855.45,493,8801397418
CUST009408,Daniel Johnson,customer9408@mail.com,+1-444-594-7180,New York,USA,2211.54,492,9962690133
CUST009409,Sophia Davis,customer9409@mail.com,+1-444-326-9082,Phoenix,USA,5960.38,624,7768419488
CUST009410,Olivia Lewis,customer9410@mail.com,+1-444-980-6551,Chicago,USA,19545.85,418,1552099899
CUST009411,David Smith,customer9411@mail.com,+1-444-757-9599,Chicago,USA,12707.18,389,4019774285
CUST009412,Sophia Clark,customer9412@mail.com,+1-444-137-8257,New York,USA,40125.15,362,9233226017
CUST009413,Michael Walker,customer9413@mail.com,+1-444-256-3232,Dallas,USA,47898.76,710,7189309814
CUST009414,Olivia Walker,customer9414@mail.com,+1-444-302-4717,Dallas,USA,34313.19,511,7135437360
CUST009415,Sophia Taylor,customer9415@mail.com,+1-444-623-1594,Dallas,USA,2007.68,399,3028509273
CUST009416,Emma Johnson,customer9416@mail.com,+1-444-140-5598,Chicago,USA,38089.99,372,1755806846
CUST009417,Olivia Hall,customer9417@mail.com,+1-444-778-7058,Chicago,USA,30916.04,502,7419878212
CUST009418,John Davis,customer9418@mail.com,+1-444-669-4952,Phoenix,USA,33234.2,759,8746663285
CUST009419,Sophia Davis,customer9419@mail.com,+1-444-498-3836,Dallas,USA,21103.69,791,8060226580
CUST009420,David Clark,customer9420@mail.com,+1-444-675-8997,Phoenix,USA,16840.68,510,7397657548
CUST009421,Sarah Davis,customer9421@mail.com,+1-444-436-9532,Chicago,USA,16321.45,448,7657572583
CUST009422,Sarah Hall,customer9422@mail.com,+1-444-461-2478,Chicago,USA,28746.81,535,7929820629
CUST009423,Olivia Davis,customer9423@mail.com,+1-444-594-5050,Chicago,USA,44153.01,786,9082633991
CUST009424,Ava Davis,customer9424@mail.com,+1-444-171-8380,Phoenix,USA,6909.65,406,5833512336
CUST009425,James Smith,customer9425@mail.com,+1-444-790-6898,Chicago,USA,30288.74,344,6194245892
CUST009426,Sophia Wilson,customer9426@mail.com,+1-444-637-1571,Chicago,USA,21198.09,797,7464622943
CUST009427,Emma Taylor,customer9427@mail.com,+1-444-143-2120,New York,USA,27601.38,386,1070919027
CUST009428,David Hall,customer9428@mail.com,+1-444-323-5785,New York,USA,13785.63,427,9680911511
CUST009429,Daniel Smith,customer9429@mail.com,+1-444-646-1707,Dallas,USA,29614.46,324,3325251713
CUST009430,Michael Smith,customer9430@mail.com,+1-444-331-1347,Phoenix,USA,4013.29,711,2463908363
CUST009431,John Davis,customer9431@mail.com,+1-444-575-5723,Chicago,USA,24151.35,491,8578174653
CUST009432,Emma Walker,customer9432@mail.com,+1-444-651-6860,New York,USA,34214.6,738,3146219346
CUST009433,Olivia Smith,customer9433@mail.com,+1-444-826-3535,New York,USA,44904.84,402,7002453063
CUST009434,John Davis,customer9434@mail.com,+1-444-128-1737,Dallas,USA,40313.72,645,6468081313
CUST009435,Michael Taylor,customer9435@mail.com,+1-444-119-1922,Phoenix,USA,26018.24,829,9897442904
CUST009436,Daniel Hall,customer9436@mail.com,+1-444-696-7022,Dallas,USA,8172.85,736,1013678192
CUST009437,Michael Taylor,customer9437@mail.com,+1-444-915-7839,Chicago,USA,48535.67,542,3926164419
CUST009438,David Walker,customer9438@mail.com,+1-444-251-3930,Chicago,USA,43740.9,762,7942847819
CUST009439,Sophia Taylor,customer9439@mail.com,+1-444-310-3194,Dallas,USA,16085.78,828,1481906958
CUST009440,John Hall,customer9440@mail.com,+1-444-537-3404,Chicago,USA,27852.53,539,3930940234
CUST009441,Daniel Brown,customer9441@mail.com,+1-444-189-8559,New York,USA,9293.36,803,7057443423
CUST009442,Olivia Wilson,customer9442@mail.com,+1-444-719-2697,Chicago,USA,32425.19,533,9493359505
CUST009443,Sophia Clark,customer9443@mail.com,+1-444-724-9176,Dallas,USA,17480.48,534,6096933274
CUST009444,Daniel Clark,customer9444@mail.com,+1-444-380-4085,Dallas,USA,19634.0,489,6704104864
CUST009445,James Johnson,customer9445@mail.com,+1-444-576-2611,Chicago,USA,46804.9,794,7562286592
CUST009446,James Hall,customer9446@mail.com,+1-444-133-2914,Dallas,USA,39701.54,748,6428207059
CUST009447,Olivia Clark,customer9447@mail.com,+1-444-467-9981,Dallas,USA,29510.12,323,7267317605
CUST009448,Daniel Taylor,customer9448@mail.com,+1-444-128-7168,Chicago,USA,38703.16,835,3940610370
CUST009449,Olivia Davis,customer9449@mail.com,+1-444-638-3465,Dallas,USA,33736.03,756,6876980941
CUST009450,Michael Brown,customer9450@mail.com,+1-444-490-9373,Chicago,USA,46450.49,725,4301255167
CUST009451,John Hall,customer9451@mail.com,+1-444-256-3145,New York,USA,44779.9,614,8900141352
CUST009452,David Wilson,customer9452@mail.com,+1-444-715-9329,Chicago,USA,10211.4,659,3432882622
CUST009453,Sophia Brown,customer9453@mail.com,+1-444-237-5602,Chicago,USA,48622.69,799,5118649332
CUST009454,Ava Hall,customer9454@mail.com,+1-444-301-7439,New York,USA,36722.7,781,4620322606
CUST009455,Michael Walker,customer9455@mail.com,+1-444-351-1273,Phoenix,USA,34136.2,339,1191608662
CUST009456,James Clark,customer9456@mail.com,+1-444-134-2956,Phoenix,USA,15541.76,850,3294196191
CUST009457,Ava Brown,customer9457@mail.com,+1-444-211-9613,Dallas,USA,49834.23,544,2272320388
CUST009458,David Johnson,customer9458@mail.com,+1-444-424-4973,Dallas,USA,28817.86,446,5126663023
CUST009459,James Smith,customer9459@mail.com,+1-444-464-7349,Chicago,USA,702.27,556,6584610381
CUST009460,James Lewis,customer9460@mail.com,+1-444-763-5603,Phoenix,USA,45105.53,639,7895675489
CUST009461,Sophia Hall,customer9461@mail.com,+1-444-445-5405,Chicago,USA,26935.63,628,5308980102
CUST009462,Sophia Johnson,customer9462@mail.com,+1-444-217-6149,Phoenix,USA,31261.53,347,2225378370
CUST009463,Michael Lewis,customer9463@mail.com,+1-444-228-4845,Phoenix,USA,19609.35,494,9347658262
CUST009464,Sophia Wilson,customer9464@mail.com,+1-444-287-4292,Phoenix,USA,40416.31,826,1751312468
CUST009465,Emma Brown,customer9465@mail.com,+1-444-622-1376,Phoenix,USA,42515.07,571,3716829404
CUST009466,David Lewis,customer9466@mail.com,+1-444-925-8305,New York,USA,241.75,497,4710955515
CUST009467,Olivia Walker,customer9467@mail.com,+1-444-200-1522,New York,USA,15798.19,591,3826159189
CUST009468,Ava Wilson,customer9468@mail.com,+1-444-209-1986,Dallas,USA,47210.99,735,5274070576
CUST009469,John Davis,customer9469@mail.com,+1-444-385-6774,Chicago,USA,7411.26,414,3261830505
CUST009470,David Lewis,customer9470@mail.com,+1-444-142-8665,Chicago,USA,21642.46,679,2267274261
CUST009471,James Johnson,customer9471@mail.com,+1-444-773-3848,Dallas,USA,675.56,815,4105820232
CUST009472,Olivia Lewis,customer9472@mail.com,+1-444-659-2273,Chicago,USA,10644.67,721,8397915069
CUST009473,Michael Clark,customer9473@mail.com,+1-444-130-4004,New York,USA,47870.27,441,1096039502
CUST009474,Daniel Davis,customer9474@mail.com,+1-444-969-4063,New York,USA,1084.25,500,3275483365
CUST009475,Sarah Clark,customer9475@mail.com,+1-444-356-9935,Chicago,USA,38683.69,699,8662261798
CUST009476,James Johnson,customer9476@mail.com,+1-444-291-6620,Phoenix,USA,6869.23,399,6917669041
CUST009477,Michael Johnson,customer9477@mail.com,+1-444-642-9593,Chicago,USA,13241.76,415,3861512112
CUST009478,Daniel Johnson,customer9478@mail.com,+1-444-651-4143,Chicago,USA,4285.9,723,5522539692
CUST009479,Daniel Clark,customer9479@mail.com,+1-444-911-3719,Chicago,USA,27963.9,659,3757403267
CUST009480,Michael Walker,customer9480@mail.com,+1-444-329-9681,Phoenix,USA,13604.37,414,8883518640
CUST009481,Olivia Wilson,customer9481@mail.com,+1-444-337-3884,Phoenix,USA,39712.66,332,9477274461
CUST009482,David Clark,customer9482@mail.com,+1-444-823-6913,Phoenix,USA,22611.69,761,7838528278
CUST009483,James Hall,customer9483@mail.com,+1-444-903-8543,Phoenix,USA,45809.4,390,5101221764
CUST009484,Daniel Brown,customer9484@mail.com,+1-444-228-3115,Dallas,USA,19573.15,672,4284680253
CUST009485,Emma Wilson,customer9485@mail.com,+1-444-866-8967,Chicago,USA,11911.61,342,8504977118
CUST009486,Ava Taylor,customer9486@mail.com,+1-444-584-1761,Dallas,USA,34635.68,463,9680652428
CUST009487,Ava Smith,customer9487@mail.com,+1-444-101-1577,Chicago,USA,45275.03,305,6664215535
CUST009488,Sarah Johnson,customer9488@mail.com,+1-444-671-4392,Chicago,USA,10779.43,700,1847963154
CUST009489,Ava Clark,customer9489@mail.com,+1-444-679-5756,New York,USA,26053.27,746,4302678079
CUST009490,Olivia Smith,customer9490@mail.com,+1-444-822-1124,New York,USA,4385.22,519,4753978975
CUST009491,Olivia Lewis,customer9491@mail.com,+1-444-909-3103,Phoenix,USA,40240.78,578,7124325863
CUST009492,Olivia Brown,customer9492@mail.com,+1-444-658-2151,Chicago,USA,35240.28,523,3985357625
CUST009493,John Lewis,customer9493@mail.com,+1-444-401-6304,Dallas,USA,22774.01,457,9096564864
CUST009494,Olivia Brown,customer9494@mail.com,+1-444-272-1720,Chicago,USA,2741.47,742,5436647967
CUST009495,David Clark,customer9495@mail.com,+1-444-576-1542,Dallas,USA,36342.33,554,9404152550
CUST009496,John Lewis,customer9496@mail.com,+1-444-557-6132,New York,USA,25668.15,521,7271451988
CUST009497,Daniel Brown,customer9497@mail.com,+1-444-723-6047,Dallas,USA,9527.97,836,1838119567
CUST009498,Emma Johnson,customer9498@mail.com,+1-444-146-7712,Chicago,USA,20342.04,837,2226613267
CUST009499,Sarah Davis,customer9499@mail.com,+1-444-285-6480,Dallas,USA,3706.9,625,3625734091
CUST009500,David Brown,customer9500@mail.com,+1-444-499-3750,Chicago,USA,36196.17,691,2856295241
CUST009501,Sarah Davis,customer9501@mail.com,+1-444-472-8150,New York,USA,16048.31,700,4252499634
CUST009502,James Smith,customer9502@mail.com,+1-444-250-5298,Phoenix,USA,9360.31,504,3538443367
CUST009503,Sophia Walker,customer9503@mail.com,+1-444-331-9402,New York,USA,13091.14,415,2184578539
CUST009504,John Smith,customer9504@mail.com,+1-444-378-7885,Chicago,USA,25039.47,815,9920670187
CUST009505,Ava Hall,customer9505@mail.com,+1-444-884-9859,Dallas,USA,17262.77,795,9117270038
CUST009506,James Clark,customer9506@mail.com,+1-444-444-3792,New York,USA,28485.08,468,6019047086
CUST009507,Michael Wilson,customer9507@mail.com,+1-444-555-8549,New York,USA,44992.77,474,3586852981
CUST009508,David Lewis,customer9508@mail.com,+1-444-444-1252,Phoenix,USA,37803.91,605,8698493781
CUST009509,John Smith,customer9509@mail.com,+1-444-139-6637,Dallas,USA,601.65,422,5326337882
CUST009510,Emma Hall,customer9510@mail.com,+1-444-562-2197,New York,USA,48477.3,581,3091919196
CUST009511,Sarah Smith,customer9511@mail.com,+1-444-610-9774,Dallas,USA,10751.94,359,1375002908
CUST009512,David Davis,customer9512@mail.com,+1-444-424-2981,Dallas,USA,27868.59,484,7300082407
CUST009513,Olivia Hall,customer9513@mail.com,+1-444-450-8701,Phoenix,USA,9651.4,818,2431136421
CUST009514,James Brown,customer9514@mail.com,+1-444-883-1241,Phoenix,USA,20748.77,766,7163756980
CUST009515,Sophia Smith,customer9515@mail.com,+1-444-293-7813,Dallas,USA,46316.15,683,8629903993
CUST009516,Emma Brown,customer9516@mail.com,+1-444-398-4235,Dallas,USA,43524.72,305,8048447056
CUST009517,Olivia Hall,customer9517@mail.com,+1-444-339-7022,Chicago,USA,48351.75,614,2046257552
CUST009518,Sarah Davis,customer9518@mail.com,+1-444-518-7101,New York,USA,19463.1,727,8089437120
CUST009519,John Hall,customer9519@mail.com,+1-444-205-4966,Dallas,USA,23315.76,806,7569013310
CUST009520,Sarah Wilson,customer9520@mail.com,+1-444-494-4396,Chicago,USA,13779.65,644,7018862592
CUST009521,Sophia Clark,customer9521@mail.com,+1-444-655-3846,Chicago,USA,25601.15,400,8314793038
CUST009522,David Taylor,customer9522@mail.com,+1-444-866-6219,Phoenix,USA,5909.51,688,4077664286
CUST009523,Emma Lewis,customer9523@mail.com,+1-444-306-6706,Phoenix,USA,3264.18,619,8363439112
CUST009524,Daniel Johnson,customer9524@mail.com,+1-444-698-8596,Dallas,USA,30899.27,689,6546543128
CUST009525,Michael Davis,customer9525@mail.com,+1-444-763-6238,Phoenix,USA,31216.56,678,9157497985
CUST009526,James Smith,customer9526@mail.com,+1-444-685-9315,New York,USA,24863.62,499,7892328605
CUST009527,John Brown,customer9527@mail.com,+1-444-804-8142,Chicago,USA,13635.68,522,4277527070
CUST009528,David Johnson,customer9528@mail.com,+1-444-875-3530,Phoenix,USA,43525.4,575,7604977893
CUST009529,John Smith,customer9529@mail.com,+1-444-649-6771,Dallas,USA,40873.55,634,2030691275
CUST009530,Emma Johnson,customer9530@mail.com,+1-444-450-5834,Dallas,USA,8833.12,677,9322849546
CUST009531,Sophia Smith,customer9531@mail.com,+1-444-748-8360,Chicago,USA,20187.31,347,5550691789
CUST009532,David Smith,customer9532@mail.com,+1-444-776-5209,Phoenix,USA,409.06,540,6986996769
CUST009533,David Hall,customer9533@mail.com,+1-444-516-4823,Chicago,USA,45836.95,358,8129867946
CUST009534,Daniel Johnson,customer9534@mail.com,+1-444-953-5565,New York,USA,25582.33,435,3255454136
CUST009535,Daniel Davis,customer9535@mail.com,+1-444-265-3433,Chicago,USA,3535.38,320,5609747010
CUST009536,John Hall,customer9536@mail.com,+1-444-868-9063,Phoenix,USA,30412.8,754,3425811774
CUST009537,Olivia Wilson,customer9537@mail.com,+1-444-680-3701,Dallas,USA,34299.73,460,2230719134
CUST009538,Michael Walker,customer9538@mail.com,+1-444-380-5409,New York,USA,39708.23,698,1933527267
CUST009539,Ava Hall,customer9539@mail.com,+1-444-264-7211,New York,USA,4002.67,449,4050003419
CUST009540,Daniel Davis,customer9540@mail.com,+1-444-896-2419,Chicago,USA,7639.77,614,7297246154
CUST009541,John Lewis,customer9541@mail.com,+1-444-982-9048,New York,USA,46693.12,437,7013337923
CUST009542,Sarah Brown,customer9542@mail.com,+1-444-770-9675,Dallas,USA,21719.12,713,8422808939
CUST009543,James Walker,customer9543@mail.com,+1-444-211-9510,Chicago,USA,46636.24,701,1118853650
CUST009544,Michael Smith,customer9544@mail.com,+1-444-805-8651,Phoenix,USA,32597.33,385,5668080119
CUST009545,Daniel Davis,customer9545@mail.com,+1-444-920-2024,Phoenix,USA,1803.89,390,4168826437
CUST009546,Daniel Lewis,customer9546@mail.com,+1-444-741-6549,Phoenix,USA,33002.21,560,7944190636
CUST009547,James Smith,customer9547@mail.com,+1-444-383-9840,Phoenix,USA,45142.53,338,8527745805
CUST009548,Olivia Clark,customer9548@mail.com,+1-444-111-4639,Phoenix,USA,2203.67,493,8185191198
CUST009549,Ava Clark,customer9549@mail.com,+1-444-875-7679,Phoenix,USA,14663.45,607,6412811042
CUST009550,Ava Walker,customer9550@mail.com,+1-444-574-4505,New York,USA,8795.51,316,4012899387
CUST009551,Emma Walker,customer9551@mail.com,+1-444-874-4056,Phoenix,USA,9701.37,800,1560902376
CUST009552,Michael Davis,customer9552@mail.com,+1-444-617-2097,New York,USA,28985.3,735,2041350208
CUST009553,Daniel Lewis,customer9553@mail.com,+1-444-708-6706,Dallas,USA,37457.59,576,6976121100
CUST009554,Olivia Clark,customer9554@mail.com,+1-444-762-5612,New York,USA,31775.21,672,5280091876
CUST009555,James Johnson,customer9555@mail.com,+1-444-695-3634,Phoenix,USA,17919.49,541,8011080126
CUST009556,James Clark,customer9556@mail.com,+1-444-972-5510,Chicago,USA,26427.93,310,3569055420
CUST009557,Daniel Wilson,customer9557@mail.com,+1-444-698-8833,New York,USA,46370.84,445,1884786126
CUST009558,Ava Clark,customer9558@mail.com,+1-444-815-1833,Chicago,USA,30917.22,305,6965918664
CUST009559,Daniel Brown,customer9559@mail.com,+1-444-388-3735,Dallas,USA,5662.0,433,9927612426
CUST009560,Sarah Lewis,customer9560@mail.com,+1-444-612-2122,Dallas,USA,23930.16,791,8410196178
CUST009561,Sarah Smith,customer9561@mail.com,+1-444-600-7027,Chicago,USA,5345.2,303,7617350674
CUST009562,David Taylor,customer9562@mail.com,+1-444-590-7114,New York,USA,47485.13,632,2839511797
CUST009563,Sarah Clark,customer9563@mail.com,+1-444-469-1557,Chicago,USA,30033.47,819,9118296311
CUST009564,John Taylor,customer9564@mail.com,+1-444-231-7463,Phoenix,USA,23094.26,559,6188315171
CUST009565,Michael Hall,customer9565@mail.com,+1-444-792-1872,Chicago,USA,40642.52,571,1420403303
CUST009566,Olivia Taylor,customer9566@mail.com,+1-444-697-5105,Chicago,USA,34710.5,375,5406594799
CUST009567,Olivia Clark,customer9567@mail.com,+1-444-330-6512,New York,USA,30517.23,695,3166363885
CUST009568,Sarah Taylor,customer9568@mail.com,+1-444-523-6578,Chicago,USA,30043.21,695,5221076220
CUST009569,Michael Johnson,customer9569@mail.com,+1-444-638-6570,Phoenix,USA,29360.47,475,6020769041
CUST009570,Olivia Smith,customer9570@mail.com,+1-444-124-7987,Phoenix,USA,13493.87,459,2752538119
CUST009571,Michael Walker,customer9571@mail.com,+1-444-997-6524,Dallas,USA,35035.46,541,4360879338
CUST009572,Michael Lewis,customer9572@mail.com,+1-444-807-8085,Phoenix,USA,45498.85,364,8658907891
CUST009573,James Clark,customer9573@mail.com,+1-444-367-4281,New York,USA,24016.24,603,1914723120
CUST009574,James Walker,customer9574@mail.com,+1-444-374-2583,Dallas,USA,15789.94,797,1383919809
CUST009575,Olivia Brown,customer9575@mail.com,+1-444-697-8008,New York,USA,19665.42,418,2065482277
CUST009576,Sophia Hall,customer9576@mail.com,+1-444-560-4279,Phoenix,USA,16787.46,831,7361911303
CUST009577,Emma Smith,customer9577@mail.com,+1-444-879-6204,New York,USA,25057.07,518,9494430455
CUST009578,John Johnson,customer9578@mail.com,+1-444-440-4784,Phoenix,USA,37788.53,836,4781267436
CUST009579,Sarah Davis,customer9579@mail.com,+1-444-909-2523,Phoenix,USA,45046.73,468,7943168236
CUST009580,James Taylor,customer9580@mail.com,+1-444-864-6770,New York,USA,28580.6,536,3611006004
CUST009581,John Lewis,customer9581@mail.com,+1-444-175-7763,New York,USA,4506.92,727,8956290404
CUST009582,Michael Smith,customer9582@mail.com,+1-444-454-2634,Phoenix,USA,35280.06,652,6507956687
CUST009583,Olivia Hall,customer9583@mail.com,+1-444-865-2957,Chicago,USA,35297.59,468,6375239146
CUST009584,Daniel Johnson,customer9584@mail.com,+1-444-737-3366,Phoenix,USA,147.48,373,2481955418
CUST009585,Daniel Johnson,customer9585@mail.com,+1-444-576-3693,Phoenix,USA,26851.27,799,8937137105
CUST009586,Emma Smith,customer9586@mail.com,+1-444-711-7911,Phoenix,USA,37393.59,394,8171832321
CUST009587,Sophia Wilson,customer9587@mail.com,+1-444-942-2832,New York,USA,49065.71,723,2366157359
CUST009588,Olivia Hall,customer9588@mail.com,+1-444-625-8190,Dallas,USA,48042.3,388,9778520394
CUST009589,Sophia Smith,customer9589@mail.com,+1-444-339-3007,Phoenix,USA,45077.56,771,3944375692
CUST009590,Michael Davis,customer9590@mail.com,+1-444-541-3909,New York,USA,38936.39,355,4224176823
CUST009591,Olivia Johnson,customer9591@mail.com,+1-444-515-6435,Dallas,USA,25298.04,476,7635796801
CUST009592,James Brown,customer9592@mail.com,+1-444-682-2506,New York,USA,36483.96,481,2488623013
CUST009593,John Clark,customer9593@mail.com,+1-444-832-5841,Dallas,USA,19280.96,690,6575294637
CUST009594,Michael Wilson,customer9594@mail.com,+1-444-924-1166,Chicago,USA,35680.45,767,2209150558
CUST009595,James Hall,customer9595@mail.com,+1-444-926-3593,Dallas,USA,49463.76,410,9622166271
CUST009596,David Davis,customer9596@mail.com,+1-444-230-6667,Phoenix,USA,17591.65,512,9918744592
CUST009597,Sarah Walker,customer9597@mail.com,+1-444-912-7601,Phoenix,USA,16730.44,487,8519966790
CUST009598,John Hall,customer9598@mail.com,+1-444-667-4113,New York,USA,22738.02,303,3487877132
CUST009599,John Walker,customer9599@mail.com,+1-444-837-9810,New York,USA,31033.07,618,5766278057
CUST009600,Daniel Walker,customer9600@mail.com,+1-444-473-6365,Dallas,USA,41926.54,837,7059955245
CUST009601,Emma Wilson,customer9601@mail.com,+1-444-830-1608,New York,USA,30731.6,664,6010781903
CUST009602,David Wilson,customer9602@mail.com,+1-444-585-2708,Chicago,USA,6792.91,789,4325461278
CUST009603,John Hall,customer9603@mail.com,+1-444-636-1285,Dallas,USA,31177.52,349,7276679661
CUST009604,Sophia Hall,customer9604@mail.com,+1-444-797-2153,Chicago,USA,26253.37,413,2228183425
CUST009605,Daniel Brown,customer9605@mail.com,+1-444-381-9725,Chicago,USA,41270.17,375,7648036814
CUST009606,Emma Clark,customer9606@mail.com,+1-444-281-2380,New York,USA,26206.46,681,6707166131
CUST009607,James Clark,customer9607@mail.com,+1-444-700-4578,Dallas,USA,28966.71,458,9379509142
CUST009608,John Davis,customer9608@mail.com,+1-444-987-1991,Dallas,USA,45100.19,810,2042045489
CUST009609,Daniel Davis,customer9609@mail.com,+1-444-634-5457,Phoenix,USA,16624.86,368,9896094297
CUST009610,David Davis,customer9610@mail.com,+1-444-520-2234,Chicago,USA,44736.35,476,8645179397
CUST009611,John Taylor,customer9611@mail.com,+1-444-532-1070,Phoenix,USA,26896.76,773,1926219852
CUST009612,John Taylor,customer9612@mail.com,+1-444-305-7099,New York,USA,3814.59,479,7804748886
CUST009613,David Lewis,customer9613@mail.com,+1-444-861-7341,New York,USA,36692.59,669,4238525567
CUST009614,Sophia Walker,customer9614@mail.com,+1-444-866-8060,Dallas,USA,6193.48,710,2395081105
CUST009615,David Taylor,customer9615@mail.com,+1-444-597-1150,Dallas,USA,6277.49,651,5684781058
CUST009616,Sarah Smith,customer9616@mail.com,+1-444-899-4650,Chicago,USA,36888.69,603,4287400404
CUST009617,Olivia Clark,customer9617@mail.com,+1-444-129-8932,Phoenix,USA,26668.54,826,7758560061
CUST009618,Olivia Lewis,customer9618@mail.com,+1-444-163-5775,Chicago,USA,27936.26,552,8379432783
CUST009619,Michael Smith,customer9619@mail.com,+1-444-597-7735,Dallas,USA,3442.91,781,1412054254
CUST009620,Sophia Lewis,customer9620@mail.com,+1-444-235-7872,Dallas,USA,2837.76,344,2822657997
CUST009621,Sarah Brown,customer9621@mail.com,+1-444-569-7925,Phoenix,USA,18653.67,705,1001238987
CUST009622,Michael Hall,customer9622@mail.com,+1-444-601-5060,Dallas,USA,39637.75,812,8520964367
CUST009623,Daniel Hall,customer9623@mail.com,+1-444-750-9232,Phoenix,USA,35392.96,803,5124938389
CUST009624,Michael Hall,customer9624@mail.com,+1-444-256-5664,New York,USA,32652.02,485,2979287594
CUST009625,David Smith,customer9625@mail.com,+1-444-506-7271,Chicago,USA,2940.61,593,4365212766
CUST009626,Daniel Taylor,customer9626@mail.com,+1-444-427-4553,Dallas,USA,42463.98,386,4333793791
CUST009627,Ava Smith,customer9627@mail.com,+1-444-422-4880,Phoenix,USA,9420.25,332,6404767065
CUST009628,James Brown,customer9628@mail.com,+1-444-217-6275,Dallas,USA,30990.1,418,9237551458
CUST009629,Olivia Davis,customer9629@mail.com,+1-444-290-4050,Chicago,USA,1615.11,563,7541091793
CUST009630,Daniel Johnson,customer9630@mail.com,+1-444-268-3641,Chicago,USA,12843.37,351,9202660033
CUST009631,James Wilson,customer9631@mail.com,+1-444-413-7002,Phoenix,USA,6891.47,779,6928325265
CUST009632,Ava Lewis,customer9632@mail.com,+1-444-379-6828,New York,USA,11497.68,445,5829413596
CUST009633,David Smith,customer9633@mail.com,+1-444-842-8103,Chicago,USA,15970.23,551,7020570610
CUST009634,Michael Johnson,customer9634@mail.com,+1-444-725-8796,Phoenix,USA,8686.22,462,7228961016
CUST009635,Ava Davis,customer9635@mail.com,+1-444-101-8038,Phoenix,USA,35063.97,325,3220650778
CUST009636,Daniel Brown,customer9636@mail.com,+1-444-124-4645,Chicago,USA,28718.57,753,1352924682
CUST009637,Emma Brown,customer9637@mail.com,+1-444-214-4475,New York,USA,47343.78,488,2973711577
CUST009638,Ava Walker,customer9638@mail.com,+1-444-307-6557,New York,USA,27154.09,750,6930713579
CUST009639,David Johnson,customer9639@mail.com,+1-444-142-3506,Dallas,USA,7944.82,489,9683744970
CUST009640,Olivia Taylor,customer9640@mail.com,+1-444-409-1659,New York,USA,40337.92,624,6329127256
CUST009641,Emma Clark,customer9641@mail.com,+1-444-393-7919,Chicago,USA,43288.68,394,2657737688
CUST009642,Olivia Lewis,customer9642@mail.com,+1-444-359-3335,Chicago,USA,37051.07,640,9424307884
CUST009643,David Johnson,customer9643@mail.com,+1-444-645-9740,Chicago,USA,14864.08,718,8652674830
CUST009644,Daniel Wilson,customer9644@mail.com,+1-444-554-5881,Phoenix,USA,29903.9,403,5357562588
CUST009645,Ava Johnson,customer9645@mail.com,+1-444-400-1525,Chicago,USA,49910.06,795,6893009741
CUST009646,Sarah Clark,customer9646@mail.com,+1-444-774-8623,Dallas,USA,27532.83,411,6789253248
CUST009647,David Davis,customer9647@mail.com,+1-444-160-2880,Chicago,USA,14721.6,392,7317473492
CUST009648,Olivia Johnson,customer9648@mail.com,+1-444-944-9039,New York,USA,7026.84,557,6314298032
CUST009649,Ava Walker,customer9649@mail.com,+1-444-417-6824,Phoenix,USA,25717.74,396,7748935351
CUST009650,Daniel Johnson,customer9650@mail.com,+1-444-912-4589,Dallas,USA,28823.19,816,1350395390
CUST009651,Ava Wilson,customer9651@mail.com,+1-444-276-3426,New York,USA,44764.31,428,6415231554
CUST009652,David Lewis,customer9652@mail.com,+1-444-710-4579,New York,USA,49798.73,494,7077050270
CUST009653,Olivia Wilson,customer9653@mail.com,+1-444-254-5449,Dallas,USA,21236.61,744,4251875822
CUST009654,Daniel Walker,customer9654@mail.com,+1-444-900-1045,Phoenix,USA,1733.76,805,3105722537
CUST009655,Daniel Wilson,customer9655@mail.com,+1-444-213-5335,Chicago,USA,17619.39,417,7261496451
CUST009656,Emma Johnson,customer9656@mail.com,+1-444-426-5714,Chicago,USA,31915.11,328,8503262031
CUST009657,Daniel Lewis,customer9657@mail.com,+1-444-605-4032,New York,USA,20418.3,669,8735047777
CUST009658,Michael Hall,customer9658@mail.com,+1-444-119-1716,New York,USA,47066.91,614,6217697361
CUST009659,Olivia Smith,customer9659@mail.com,+1-444-255-5591,Phoenix,USA,39625.45,631,5913142885
CUST009660,David Hall,customer9660@mail.com,+1-444-462-8732,New York,USA,14654.82,490,1375135308
CUST009661,Ava Hall,customer9661@mail.com,+1-444-296-3297,Dallas,USA,2763.36,343,3416575871
CUST009662,John Wilson,customer9662@mail.com,+1-444-856-5889,Dallas,USA,37567.62,666,3685270413
CUST009663,Emma Johnson,customer9663@mail.com,+1-444-155-7452,Chicago,USA,42785.17,793,1072509619
CUST009664,Sarah Johnson,customer9664@mail.com,+1-444-766-7648,Phoenix,USA,15920.05,724,4848164516
CUST009665,Ava Davis,customer9665@mail.com,+1-444-883-1841,Chicago,USA,45634.57,368,1743459283
CUST009666,Sophia Smith,customer9666@mail.com,+1-444-631-2792,Dallas,USA,47041.15,331,8705251255
CUST009667,David Johnson,customer9667@mail.com,+1-444-604-5530,New York,USA,35448.29,396,3553318703
CUST009668,David Lewis,customer9668@mail.com,+1-444-384-2086,Chicago,USA,42760.17,626,3640951085
CUST009669,John Walker,customer9669@mail.com,+1-444-804-1647,Dallas,USA,2676.51,503,4199707520
CUST009670,Sophia Hall,customer9670@mail.com,+1-444-319-7425,New York,USA,20933.71,428,7220253477
CUST009671,Sophia Wilson,customer9671@mail.com,+1-444-211-2843,Phoenix,USA,36696.81,490,7916162960
CUST009672,Ava Lewis,customer9672@mail.com,+1-444-892-4907,New York,USA,2959.37,464,9317322309
CUST009673,Emma Davis,customer9673@mail.com,+1-444-443-8398,New York,USA,14635.55,721,1076150771
CUST009674,David Walker,customer9674@mail.com,+1-444-178-1521,Phoenix,USA,34067.95,344,8655358090
CUST009675,Emma Davis,customer9675@mail.com,+1-444-217-4964,New York,USA,28264.97,690,2066710359
CUST009676,Daniel Wilson,customer9676@mail.com,+1-444-315-7609,New York,USA,44137.33,806,6183539023
CUST009677,Olivia Brown,customer9677@mail.com,+1-444-716-5916,Chicago,USA,29062.61,572,6686329626
CUST009678,James Davis,customer9678@mail.com,+1-444-317-5777,Chicago,USA,16507.42,749,1880516131
CUST009679,Emma Hall,customer9679@mail.com,+1-444-125-1991,New York,USA,1209.4,466,1479081472
CUST009680,James Clark,customer9680@mail.com,+1-444-877-9430,Phoenix,USA,37312.09,394,6919987511
CUST009681,Sarah Johnson,customer9681@mail.com,+1-444-167-3005,Phoenix,USA,18737.19,506,4800967095
CUST009682,John Clark,customer9682@mail.com,+1-444-997-9632,Dallas,USA,33693.91,776,3228123678
CUST009683,Emma Taylor,customer9683@mail.com,+1-444-947-9973,Phoenix,USA,11203.08,472,3725878702
CUST009684,John Hall,customer9684@mail.com,+1-444-660-3938,Chicago,USA,48965.58,355,5520835008
CUST009685,Emma Walker,customer9685@mail.com,+1-444-443-8304,Chicago,USA,11229.62,380,4823164901
CUST009686,Daniel Johnson,customer9686@mail.com,+1-444-342-2011,New York,USA,9053.8,426,8532577983
CUST009687,David Clark,customer9687@mail.com,+1-444-948-9379,Dallas,USA,37318.28,692,6050371203
CUST009688,Sophia Davis,customer9688@mail.com,+1-444-444-1609,Phoenix,USA,14678.73,710,2267834100
CUST009689,John Hall,customer9689@mail.com,+1-444-426-1400,Chicago,USA,7973.84,451,2622212645
CUST009690,Olivia Brown,customer9690@mail.com,+1-444-323-6491,New York,USA,28957.03,735,3377844192
CUST009691,Sophia Hall,customer9691@mail.com,+1-444-439-6286,Dallas,USA,48159.05,303,1381431169
CUST009692,Emma Smith,customer9692@mail.com,+1-444-995-3548,Phoenix,USA,23787.7,482,6460607934
CUST009693,James Lewis,customer9693@mail.com,+1-444-587-4676,Phoenix,USA,49210.32,318,1305619921
CUST009694,John Davis,customer9694@mail.com,+1-444-834-4276,Chicago,USA,4688.8,655,6279548433
CUST009695,Ava Hall,customer9695@mail.com,+1-444-459-3122,New York,USA,28418.07,754,7448270041
CUST009696,John Hall,customer9696@mail.com,+1-444-401-2463,New York,USA,13084.11,408,7621167900
CUST009697,Michael Clark,customer9697@mail.com,+1-444-550-3358,New York,USA,44228.11,682,9614963077
CUST009698,Olivia Davis,customer9698@mail.com,+1-444-728-6828,Phoenix,USA,33295.73,842,6202033577
CUST009699,Emma Smith,customer9699@mail.com,+1-444-834-5618,Phoenix,USA,4508.67,766,3614019865
CUST009700,John Walker,customer9700@mail.com,+1-444-699-6267,New York,USA,41680.05,792,7935696253
CUST009701,David Wilson,customer9701@mail.com,+1-444-755-4363,Phoenix,USA,25592.4,555,1975195477
CUST009702,Olivia Taylor,customer9702@mail.com,+1-444-437-8681,Chicago,USA,32761.12,584,8450820424
CUST009703,Sophia Clark,customer9703@mail.com,+1-444-825-8638,Dallas,USA,21288.0,712,3342203626
CUST009704,Daniel Lewis,customer9704@mail.com,+1-444-709-3602,Dallas,USA,15063.59,342,6491585076
CUST009705,David Hall,customer9705@mail.com,+1-444-476-1371,Chicago,USA,7251.67,544,3387570806
CUST009706,Olivia Smith,customer9706@mail.com,+1-444-207-1434,Phoenix,USA,29896.69,431,7009288529
CUST009707,Olivia Hall,customer9707@mail.com,+1-444-296-9531,Chicago,USA,16733.44,679,5721719461
CUST009708,Daniel Clark,customer9708@mail.com,+1-444-245-6786,New York,USA,48258.31,828,8606005278
CUST009709,Emma Davis,customer9709@mail.com,+1-444-561-9056,Chicago,USA,22811.18,663,3016390013
CUST009710,Olivia Walker,customer9710@mail.com,+1-444-995-4147,Chicago,USA,15375.11,807,9774045883
CUST009711,Ava Lewis,customer9711@mail.com,+1-444-245-5850,New York,USA,48590.3,449,7906369056
CUST009712,Ava Hall,customer9712@mail.com,+1-444-921-5823,Phoenix,USA,35650.28,615,8901652177
CUST009713,Sarah Hall,customer9713@mail.com,+1-444-498-1723,Phoenix,USA,1456.6,475,6377617811
CUST009714,Olivia Taylor,customer9714@mail.com,+1-444-906-8914,Phoenix,USA,11162.8,751,3230926767
CUST009715,David Davis,customer9715@mail.com,+1-444-442-1258,Phoenix,USA,29823.32,844,5928277316
CUST009716,Daniel Lewis,customer9716@mail.com,+1-444-642-9996,New York,USA,37093.32,544,9686838587
CUST009717,Emma Taylor,customer9717@mail.com,+1-444-371-3705,Phoenix,USA,17131.65,763,2456523936
CUST009718,Michael Walker,customer9718@mail.com,+1-444-963-9459,New York,USA,7204.44,649,6832995846
CUST009719,James Taylor,customer9719@mail.com,+1-444-665-2285,Phoenix,USA,5299.5,481,9914353021
CUST009720,Emma Johnson,customer9720@mail.com,+1-444-595-9238,Phoenix,USA,14891.67,816,5190807850
CUST009721,David Walker,customer9721@mail.com,+1-444-676-9476,Chicago,USA,20633.49,520,1974807704
CUST009722,John Davis,customer9722@mail.com,+1-444-548-7393,New York,USA,48877.68,649,6056406141
CUST009723,Ava Wilson,customer9723@mail.com,+1-444-207-4428,Dallas,USA,17532.28,709,3105819597
CUST009724,Ava Wilson,customer9724@mail.com,+1-444-444-9030,Dallas,USA,2138.19,387,7364876643
CUST009725,Sophia Wilson,customer9725@mail.com,+1-444-160-8216,Phoenix,USA,22853.47,553,9026094700
CUST009726,John Taylor,customer9726@mail.com,+1-444-147-2235,Chicago,USA,20820.58,819,9668269666
CUST009727,Sophia Smith,customer9727@mail.com,+1-444-496-4317,Dallas,USA,24388.18,837,9613444127
CUST009728,Sarah Smith,customer9728@mail.com,+1-444-746-1993,Phoenix,USA,43354.63,585,6521215172
CUST009729,Sarah Lewis,customer9729@mail.com,+1-444-583-6198,New York,USA,11654.85,798,4534368080
CUST009730,John Clark,customer9730@mail.com,+1-444-541-9244,Phoenix,USA,43296.16,380,5706916584
CUST009731,David Brown,customer9731@mail.com,+1-444-938-3062,Chicago,USA,42205.26,796,7244268225
CUST009732,Sarah Brown,customer9732@mail.com,+1-444-638-4795,Chicago,USA,25405.18,451,2449635952
CUST009733,Ava Davis,customer9733@mail.com,+1-444-622-9299,Chicago,USA,29816.32,315,3931022540
CUST009734,James Walker,customer9734@mail.com,+1-444-743-3702,Dallas,USA,27664.0,718,2872531860
CUST009735,Emma Hall,customer9735@mail.com,+1-444-829-4860,Dallas,USA,22577.7,817,7068116050
CUST009736,John Taylor,customer9736@mail.com,+1-444-342-7955,Dallas,USA,10746.35,377,4614236238
CUST009737,James Walker,customer9737@mail.com,+1-444-941-1142,New York,USA,19626.12,619,2844435717
CUST009738,Daniel Walker,customer9738@mail.com,+1-444-260-4322,New York,USA,17421.98,764,2719664305
CUST009739,Sarah Wilson,customer9739@mail.com,+1-444-113-7949,Chicago,USA,43823.08,704,6319400414
CUST009740,Michael Wilson,customer9740@mail.com,+1-444-808-1684,Chicago,USA,39904.76,502,3484336562
CUST009741,David Brown,customer9741@mail.com,+1-444-543-8189,Dallas,USA,31465.99,517,8813815817
CUST009742,James Walker,customer9742@mail.com,+1-444-341-2407,Dallas,USA,32205.3,542,8706579304
CUST009743,Sarah Clark,customer9743@mail.com,+1-444-264-1233,Phoenix,USA,5243.56,521,9023371465
CUST009744,Daniel Brown,customer9744@mail.com,+1-444-995-6939,Phoenix,USA,21546.25,574,7000866771
CUST009745,Sophia Hall,customer9745@mail.com,+1-444-259-9840,Phoenix,USA,16383.27,697,4014364315
CUST009746,Daniel Johnson,customer9746@mail.com,+1-444-985-1025,Chicago,USA,25300.43,752,2306127370
CUST009747,Sarah Walker,customer9747@mail.com,+1-444-758-3472,Chicago,USA,30139.14,840,8980834085
CUST009748,Sophia Lewis,customer9748@mail.com,+1-444-756-9221,Chicago,USA,44097.07,378,9803575350
CUST009749,Daniel Davis,customer9749@mail.com,+1-444-204-8937,Phoenix,USA,23754.89,445,7758034324
CUST009750,Ava Smith,customer9750@mail.com,+1-444-905-6155,New York,USA,48916.95,845,3240590672
CUST009751,David Clark,customer9751@mail.com,+1-444-190-8448,Chicago,USA,37802.08,812,2961814664
CUST009752,Michael Smith,customer9752@mail.com,+1-444-320-2992,Phoenix,USA,9930.01,656,3510177375
CUST009753,Sophia Clark,customer9753@mail.com,+1-444-979-8570,New York,USA,46927.8,659,7332158218
CUST009754,Michael Clark,customer9754@mail.com,+1-444-384-3477,Dallas,USA,40077.83,561,2956103483
CUST009755,Michael Wilson,customer9755@mail.com,+1-444-509-4340,Phoenix,USA,42467.5,482,2353890644
CUST009756,Emma Smith,customer9756@mail.com,+1-444-129-9898,Phoenix,USA,21160.31,793,9917026979
CUST009757,Ava Johnson,customer9757@mail.com,+1-444-399-2432,Chicago,USA,37599.43,687,5268350074
CUST009758,Michael Walker,customer9758@mail.com,+1-444-733-5924,Dallas,USA,1652.38,848,6616324759
CUST009759,Michael Brown,customer9759@mail.com,+1-444-692-4765,New York,USA,49644.58,322,1923286282
CUST009760,John Taylor,customer9760@mail.com,+1-444-865-2962,Dallas,USA,12162.7,704,5339536564
CUST009761,Sarah Wilson,customer9761@mail.com,+1-444-869-8630,Chicago,USA,15603.46,598,5308595061
CUST009762,Daniel Johnson,customer9762@mail.com,+1-444-872-7259,Dallas,USA,38522.48,356,2613895428
CUST009763,Sarah Lewis,customer9763@mail.com,+1-444-641-8380,Dallas,USA,25308.4,418,4426410928
CUST009764,Ava Johnson,customer9764@mail.com,+1-444-494-6943,New York,USA,3167.07,643,6134391933
CUST009765,John Davis,customer9765@mail.com,+1-444-546-3997,Chicago,USA,6372.2,764,3775866683
CUST009766,Sophia Clark,customer9766@mail.com,+1-444-150-7385,Phoenix,USA,37488.34,433,3969807734
CUST009767,Emma Clark,customer9767@mail.com,+1-444-908-2706,Dallas,USA,32245.66,353,1765158538
CUST009768,Ava Brown,customer9768@mail.com,+1-444-309-6083,New York,USA,31006.05,655,4542176128
CUST009769,Ava Taylor,customer9769@mail.com,+1-444-823-6940,Chicago,USA,39012.92,586,6980187886
CUST009770,Sarah Clark,customer9770@mail.com,+1-444-449-6045,Chicago,USA,159.8,352,9583632602
CUST009771,Sophia Clark,customer9771@mail.com,+1-444-283-5836,New York,USA,22648.8,690,8705843593
CUST009772,Sarah Walker,customer9772@mail.com,+1-444-583-2893,New York,USA,13599.82,304,2894271417
CUST009773,John Lewis,customer9773@mail.com,+1-444-384-4050,New York,USA,17317.31,370,5063515946
CUST009774,Sarah Wilson,customer9774@mail.com,+1-444-462-3676,New York,USA,4142.99,416,1630351035
CUST009775,Daniel Hall,customer9775@mail.com,+1-444-440-2611,New York,USA,27805.28,536,5356992141
CUST009776,John Johnson,customer9776@mail.com,+1-444-381-6269,Phoenix,USA,38928.51,847,7178941998
CUST009777,Sophia Johnson,customer9777@mail.com,+1-444-654-4600,Phoenix,USA,36872.44,625,4765105285
CUST009778,Daniel Clark,customer9778@mail.com,+1-444-460-1917,New York,USA,29496.13,445,4359385125
CUST009779,Emma Brown,customer9779@mail.com,+1-444-986-4691,Dallas,USA,11886.42,335,5162230551
CUST009780,Michael Lewis,customer9780@mail.com,+1-444-241-2503,New York,USA,26243.03,427,6208310800
CUST009781,Sophia Clark,customer9781@mail.com,+1-444-916-5892,Dallas,USA,39561.56,401,7108051812
CUST009782,Emma Johnson,customer9782@mail.com,+1-444-904-1819,Phoenix,USA,39070.89,435,5943448255
CUST009783,Daniel Brown,customer9783@mail.com,+1-444-578-9301,New York,USA,34819.41,520,9826899252
CUST009784,John Brown,customer9784@mail.com,+1-444-573-2189,Chicago,USA,7604.11,583,2802598917
CUST009785,Sarah Walker,customer9785@mail.com,+1-444-965-2599,New York,USA,2933.2,314,1345547777
CUST009786,Olivia Hall,customer9786@mail.com,+1-444-623-3781,Phoenix,USA,34735.62,510,2268940399
CUST009787,Ava Hall,customer9787@mail.com,+1-444-662-1528,New York,USA,49707.26,631,6842266295
CUST009788,Michael Hall,customer9788@mail.com,+1-444-381-9334,Chicago,USA,21609.6,606,2144934968
CUST009789,Sophia Hall,customer9789@mail.com,+1-444-584-2743,Chicago,USA,35590.93,685,9924095502
CUST009790,David Taylor,customer9790@mail.com,+1-444-897-9391,New York,USA,28679.95,536,3925365703
CUST009791,Sophia Clark,customer9791@mail.com,+1-444-818-2054,New York,USA,9918.85,781,6180294051
CUST009792,Emma Walker,customer9792@mail.com,+1-444-536-3227,Phoenix,USA,6748.59,664,5079458143
CUST009793,Sophia Walker,customer9793@mail.com,+1-444-602-2685,Phoenix,USA,31390.21,701,8480175779
CUST009794,Ava Lewis,customer9794@mail.com,+1-444-882-9424,Dallas,USA,49808.63,348,4336800952
CUST009795,Sophia Smith,customer9795@mail.com,+1-444-656-3342,Chicago,USA,12239.44,637,7934512793
CUST009796,David Walker,customer9796@mail.com,+1-444-235-9972,Chicago,USA,33988.62,533,5947753042
CUST009797,John Clark,customer9797@mail.com,+1-444-522-5674,Dallas,USA,1740.0,692,3824448127
CUST009798,Olivia Hall,customer9798@mail.com,+1-444-294-6098,New York,USA,37686.05,670,5144748066
CUST009799,Michael Taylor,customer9799@mail.com,+1-444-575-4906,New York,USA,45330.75,636,2330655520
CUST009800,Emma Taylor,customer9800@mail.com,+1-444-829-9074,New York,USA,30122.53,422,1188434887
CUST009801,Olivia Taylor,customer9801@mail.com,+1-444-424-9829,New York,USA,7409.98,754,4787925185
CUST009802,Daniel Hall,customer9802@mail.com,+1-444-679-3970,Phoenix,USA,41637.88,731,7713288123
CUST009803,Sophia Taylor,customer9803@mail.com,+1-444-316-4881,New York,USA,34954.09,380,1467183132
CUST009804,Michael Lewis,customer9804@mail.com,+1-444-957-1740,Dallas,USA,14815.81,770,6621050669
CUST009805,James Walker,customer9805@mail.com,+1-444-170-6434,Chicago,USA,24377.09,691,2989469822
CUST009806,Sophia Wilson,customer9806@mail.com,+1-444-664-6442,Phoenix,USA,21553.78,433,5070951429
CUST009807,David Hall,customer9807@mail.com,+1-444-495-6903,New York,USA,18411.03,681,2814530270
CUST009808,Michael Taylor,customer9808@mail.com,+1-444-876-4771,Phoenix,USA,34839.18,548,8564887610
CUST009809,Michael Hall,customer9809@mail.com,+1-444-332-6258,Phoenix,USA,7408.16,519,3345435473
CUST009810,Michael Brown,customer9810@mail.com,+1-444-847-2905,New York,USA,11157.35,421,1047002122
CUST009811,David Davis,customer9811@mail.com,+1-444-602-1521,Phoenix,USA,48630.42,391,7508830312
CUST009812,Sophia Hall,customer9812@mail.com,+1-444-511-4394,Phoenix,USA,2333.5,303,6777819044
CUST009813,John Wilson,customer9813@mail.com,+1-444-490-3625,New York,USA,13669.27,749,1042202600
CUST009814,Olivia Davis,customer9814@mail.com,+1-444-458-4235,Phoenix,USA,16927.47,471,1827128376
CUST009815,David Davis,customer9815@mail.com,+1-444-528-9114,New York,USA,14463.32,699,5376105695
CUST009816,James Brown,customer9816@mail.com,+1-444-375-6757,Chicago,USA,21985.64,730,6780277362
CUST009817,David Hall,customer9817@mail.com,+1-444-303-1580,Chicago,USA,41221.95,764,3853763613
CUST009818,Sarah Hall,customer9818@mail.com,+1-444-487-6221,Dallas,USA,49448.4,423,7781929989
CUST009819,Sarah Davis,customer9819@mail.com,+1-444-157-6873,Phoenix,USA,49392.92,485,3903636143
CUST009820,James Lewis,customer9820@mail.com,+1-444-242-5255,Chicago,USA,11434.64,731,9012369571
CUST009821,Ava Davis,customer9821@mail.com,+1-444-958-3977,Phoenix,USA,1707.54,315,5344525176
CUST009822,Daniel Wilson,customer9822@mail.com,+1-444-260-9295,New York,USA,21108.41,401,6977689602
CUST009823,Daniel Clark,customer9823@mail.com,+1-444-471-1876,Chicago,USA,16946.19,675,3490645376
CUST009824,Olivia Clark,customer9824@mail.com,+1-444-794-9121,Dallas,USA,33172.39,565,5959419640
CUST009825,David Taylor,customer9825@mail.com,+1-444-466-7492,Phoenix,USA,37298.15,521,1639172400
CUST009826,Michael Brown,customer9826@mail.com,+1-444-402-7182,New York,USA,20557.51,756,5593247663
CUST009827,Emma Davis,customer9827@mail.com,+1-444-214-8252,Chicago,USA,30271.71,442,4019602679
CUST009828,Emma Lewis,customer9828@mail.com,+1-444-312-6356,Dallas,USA,29798.86,724,3453037585
CUST009829,David Johnson,customer9829@mail.com,+1-444-218-6907,Dallas,USA,20288.39,807,7309205669
CUST009830,Ava Walker,customer9830@mail.com,+1-444-290-8046,Phoenix,USA,36290.45,466,6513615563
CUST009831,Daniel Walker,customer9831@mail.com,+1-444-752-1465,Chicago,USA,29071.23,502,3091863115
CUST009832,Ava Davis,customer9832@mail.com,+1-444-900-5525,Phoenix,USA,40343.86,474,8052406575
CUST009833,Sarah Smith,customer9833@mail.com,+1-444-824-2551,Dallas,USA,7644.32,785,6362988973
CUST009834,James Brown,customer9834@mail.com,+1-444-460-2323,New York,USA,48509.39,624,1086640874
CUST009835,John Johnson,customer9835@mail.com,+1-444-570-1258,Dallas,USA,28212.53,607,8473440601
CUST009836,Sarah Smith,customer9836@mail.com,+1-444-841-5884,Dallas,USA,18098.28,383,6465700799
CUST009837,Olivia Walker,customer9837@mail.com,+1-444-113-5963,New York,USA,13527.19,372,3465906227
CUST009838,Emma Smith,customer9838@mail.com,+1-444-522-3415,Phoenix,USA,30201.92,462,7228724558
CUST009839,James Brown,customer9839@mail.com,+1-444-478-1083,Dallas,USA,40075.21,327,1195453610
CUST009840,Michael Hall,customer9840@mail.com,+1-444-603-6288,Chicago,USA,34573.81,458,5862792777
CUST009841,James Johnson,customer9841@mail.com,+1-444-827-1894,Dallas,USA,23266.49,543,5094906922
CUST009842,Sarah Lewis,customer9842@mail.com,+1-444-682-7856,Dallas,USA,26426.19,610,6657378574
CUST009843,Olivia Johnson,customer9843@mail.com,+1-444-891-7673,Dallas,USA,7060.12,773,4467018415
CUST009844,Sophia Walker,customer9844@mail.com,+1-444-156-7842,Phoenix,USA,18251.67,716,5302144970
CUST009845,Sophia Smith,customer9845@mail.com,+1-444-685-5578,Phoenix,USA,34464.99,518,2552965194
CUST009846,Olivia Brown,customer9846@mail.com,+1-444-340-3110,Phoenix,USA,24145.85,379,5094191327
CUST009847,Emma Smith,customer9847@mail.com,+1-444-501-8412,Dallas,USA,31967.59,570,8511657995
CUST009848,Michael Hall,customer9848@mail.com,+1-444-754-4415,Phoenix,USA,42407.26,611,2610471693
CUST009849,Sarah Walker,customer9849@mail.com,+1-444-384-5804,New York,USA,2661.6,328,7945355975
CUST009850,Daniel Clark,customer9850@mail.com,+1-444-405-4610,Chicago,USA,37617.52,537,6468833246
CUST009851,Sophia Hall,customer9851@mail.com,+1-444-307-9345,Chicago,USA,21002.15,788,9200126585
CUST009852,Sophia Brown,customer9852@mail.com,+1-444-588-1954,Dallas,USA,34765.19,665,8675563109
CUST009853,John Brown,customer9853@mail.com,+1-444-444-5118,Dallas,USA,44434.79,383,3242415537
CUST009854,Michael Wilson,customer9854@mail.com,+1-444-248-2604,Phoenix,USA,41251.5,677,7954626783
CUST009855,Olivia Smith,customer9855@mail.com,+1-444-909-1389,Dallas,USA,29745.4,622,3293861893
CUST009856,Olivia Clark,customer9856@mail.com,+1-444-475-8811,New York,USA,42060.56,306,7066658721
CUST009857,Sophia Johnson,customer9857@mail.com,+1-444-363-9368,Phoenix,USA,33288.32,657,4265452139
CUST009858,David Clark,customer9858@mail.com,+1-444-322-7107,Chicago,USA,7394.05,336,1974720553
CUST009859,Sophia Clark,customer9859@mail.com,+1-444-499-2495,Dallas,USA,41506.01,607,5138041384
CUST009860,David Lewis,customer9860@mail.com,+1-444-281-9129,Chicago,USA,16089.93,378,4694818462
CUST009861,Olivia Johnson,customer9861@mail.com,+1-444-318-1829,Chicago,USA,42510.1,607,4850520654
CUST009862,Emma Clark,customer9862@mail.com,+1-444-212-9452,Dallas,USA,19841.34,552,3531180411
CUST009863,David Wilson,customer9863@mail.com,+1-444-118-2975,Chicago,USA,7255.86,325,6218405973
CUST009864,David Brown,customer9864@mail.com,+1-444-897-8239,Chicago,USA,4367.23,677,2152670911
CUST009865,David Wilson,customer9865@mail.com,+1-444-185-4125,New York,USA,39098.9,679,7358245930
CUST009866,Sophia Davis,customer9866@mail.com,+1-444-401-6936,Phoenix,USA,32333.49,644,4414469936
CUST009867,David Lewis,customer9867@mail.com,+1-444-780-7353,New York,USA,30459.9,543,6794656186
CUST009868,Sophia Hall,customer9868@mail.com,+1-444-349-9498,Chicago,USA,44260.68,526,6617683273
CUST009869,John Davis,customer9869@mail.com,+1-444-971-4259,New York,USA,13352.41,825,5368707415
CUST009870,Olivia Clark,customer9870@mail.com,+1-444-311-6837,Dallas,USA,19052.14,587,8559426151
CUST009871,John Brown,customer9871@mail.com,+1-444-387-9695,Chicago,USA,22728.73,632,4128342738
CUST009872,Sarah Taylor,customer9872@mail.com,+1-444-748-7598,Chicago,USA,31357.88,838,5689863132
CUST009873,Olivia Wilson,customer9873@mail.com,+1-444-500-9501,Chicago,USA,22644.85,390,4537466790
CUST009874,Daniel Davis,customer9874@mail.com,+1-444-874-8766,Phoenix,USA,42983.17,366,1093661023
CUST009875,Sarah Smith,customer9875@mail.com,+1-444-141-7639,Phoenix,USA,10361.55,381,7696117622
CUST009876,James Brown,customer9876@mail.com,+1-444-657-3845,Dallas,USA,540.4,563,8314590074
CUST009877,Sarah Brown,customer9877@mail.com,+1-444-714-1862,Dallas,USA,773.75,530,3444146499
CUST009878,James Wilson,customer9878@mail.com,+1-444-214-7168,Dallas,USA,29192.43,397,7110057559
CUST009879,Michael Walker,customer9879@mail.com,+1-444-905-7756,New York,USA,39781.0,513,2215748007
CUST009880,Ava Hall,customer9880@mail.com,+1-444-901-4918,Chicago,USA,21166.23,327,1858457429
CUST009881,Emma Smith,customer9881@mail.com,+1-444-307-1964,Dallas,USA,30139.52,597,5291328184
CUST009882,Sophia Clark,customer9882@mail.com,+1-444-910-6940,Phoenix,USA,1559.51,672,3729993743
CUST009883,Daniel Johnson,customer9883@mail.com,+1-444-206-8201,New York,USA,38350.93,395,1289677428
CUST009884,Sophia Clark,customer9884@mail.com,+1-444-264-4846,Chicago,USA,4176.05,839,2129778871
CUST009885,Ava Johnson,customer9885@mail.com,+1-444-515-3444,New York,USA,37316.72,438,9900362627
CUST009886,Sarah Johnson,customer9886@mail.com,+1-444-696-5360,Chicago,USA,44331.63,399,6128022230
CUST009887,Emma Clark,customer9887@mail.com,+1-444-591-9871,New York,USA,6821.41,827,3782051651
CUST009888,Emma Clark,customer9888@mail.com,+1-444-481-3780,New York,USA,46819.49,678,5238808822
CUST009889,Emma Wilson,customer9889@mail.com,+1-444-761-5056,New York,USA,14043.2,666,7057833288
CUST009890,Emma Walker,customer9890@mail.com,+1-444-735-4839,New York,USA,18335.09,560,8778976267
CUST009891,Ava Smith,customer9891@mail.com,+1-444-633-2077,Phoenix,USA,20407.26,746,5222423310
CUST009892,Michael Walker,customer9892@mail.com,+1-444-105-9029,Dallas,USA,15893.4,850,3594489527
CUST009893,Sarah Brown,customer9893@mail.com,+1-444-389-8195,Dallas,USA,23694.43,644,8139942495
CUST009894,Sarah Walker,customer9894@mail.com,+1-444-983-5388,New York,USA,47609.63,301,1606343091
CUST009895,Sophia Taylor,customer9895@mail.com,+1-444-675-5062,Chicago,USA,9030.14,342,2056620986
CUST009896,Daniel Walker,customer9896@mail.com,+1-444-562-8914,New York,USA,46001.92,698,7962487776
CUST009897,James Taylor,customer9897@mail.com,+1-444-519-2437,Chicago,USA,46395.76,500,2462413170
CUST009898,Ava Johnson,customer9898@mail.com,+1-444-125-1755,Chicago,USA,47842.34,534,8075904599
CUST009899,Michael Clark,customer9899@mail.com,+1-444-303-5856,Chicago,USA,33794.99,703,4042500281
CUST009900,Emma Davis,customer9900@mail.com,+1-444-536-4226,Chicago,USA,15317.89,458,4337336939
CUST009901,Sophia Walker,customer9901@mail.com,+1-444-165-2882,New York,USA,15652.65,375,9496368084
CUST009902,Michael Lewis,customer9902@mail.com,+1-444-263-5121,Phoenix,USA,39591.86,564,7851539881
CUST009903,Daniel Smith,customer9903@mail.com,+1-444-158-4636,Dallas,USA,4724.59,411,6033482052
CUST009904,John Smith,customer9904@mail.com,+1-444-419-5490,Chicago,USA,5008.9,364,3774298091
CUST009905,John Lewis,customer9905@mail.com,+1-444-863-8650,Chicago,USA,10322.73,410,8716347581
CUST009906,Emma Davis,customer9906@mail.com,+1-444-485-9933,Phoenix,USA,6454.89,592,5916022203
CUST009907,John Lewis,customer9907@mail.com,+1-444-349-6152,Phoenix,USA,19472.75,711,3219630599
CUST009908,Olivia Smith,customer9908@mail.com,+1-444-796-2023,New York,USA,9018.07,742,1230010550
CUST009909,Daniel Johnson,customer9909@mail.com,+1-444-249-6160,New York,USA,16249.78,687,3763249583
CUST009910,Sophia Taylor,customer9910@mail.com,+1-444-290-9317,Dallas,USA,25035.97,615,9706431380
CUST009911,Sarah Brown,customer9911@mail.com,+1-444-167-2286,New York,USA,49504.18,742,3152770190
CUST009912,Daniel Hall,customer9912@mail.com,+1-444-463-7350,Phoenix,USA,11819.66,404,7148918171
CUST009913,Ava Hall,customer9913@mail.com,+1-444-322-9869,Phoenix,USA,44283.3,317,3682794077
CUST009914,Daniel Taylor,customer9914@mail.com,+1-444-602-6471,Dallas,USA,38418.45,446,9640438745
CUST009915,Ava Walker,customer9915@mail.com,+1-444-542-7121,Chicago,USA,43795.89,627,5845627657
CUST009916,Sophia Lewis,customer9916@mail.com,+1-444-130-3748,Dallas,USA,6875.1,651,6877422061
CUST009917,Michael Clark,customer9917@mail.com,+1-444-902-5347,Phoenix,USA,764.93,382,9051560707
CUST009918,Michael Lewis,customer9918@mail.com,+1-444-673-3012,Dallas,USA,37954.28,592,4761937053
CUST009919,David Wilson,customer9919@mail.com,+1-444-828-3600,Chicago,USA,14832.48,662,6737423723
CUST009920,Michael Davis,customer9920@mail.com,+1-444-717-7900,New York,USA,20123.17,488,8835983655
CUST009921,Ava Walker,customer9921@mail.com,+1-444-820-8564,New York,USA,6302.05,306,8933565969
CUST009922,David Clark,customer9922@mail.com,+1-444-161-2272,Chicago,USA,19569.72,509,2355394189
CUST009923,Sophia Davis,customer9923@mail.com,+1-444-335-7324,New York,USA,7282.57,450,4139011577
CUST009924,Daniel Hall,customer9924@mail.com,+1-444-175-3135,Phoenix,USA,463.03,829,3782908702
CUST009925,Olivia Smith,customer9925@mail.com,+1-444-145-2227,New York,USA,42941.02,538,6870152736
CUST009926,David Hall,customer9926@mail.com,+1-444-173-1105,Chicago,USA,19681.42,619,3315962396
CUST009927,Emma Wilson,customer9927@mail.com,+1-444-208-7787,Dallas,USA,38778.74,532,8432522873
CUST009928,Michael Johnson,customer9928@mail.com,+1-444-684-7596,Dallas,USA,3951.73,452,3044994146
CUST009929,Ava Clark,customer9929@mail.com,+1-444-953-7922,Chicago,USA,41475.15,845,8536778418
CUST009930,James Clark,customer9930@mail.com,+1-444-157-1306,Chicago,USA,13078.78,403,8275506052
CUST009931,John Walker,customer9931@mail.com,+1-444-485-7052,Dallas,USA,635.44,323,8358532134
CUST009932,Ava Smith,customer9932@mail.com,+1-444-756-2541,New York,USA,41185.31,645,2182923825
CUST009933,Sophia Walker,customer9933@mail.com,+1-444-994-6921,New York,USA,14100.14,412,5133849794
CUST009934,Olivia Lewis,customer9934@mail.com,+1-444-921-3398,Dallas,USA,17675.77,708,9842327002
CUST009935,Emma Taylor,customer9935@mail.com,+1-444-647-2465,Dallas,USA,29272.69,474,4207510653
CUST009936,Ava Davis,customer9936@mail.com,+1-444-270-2546,Phoenix,USA,45015.06,567,1518510922
CUST009937,Emma Smith,customer9937@mail.com,+1-444-762-2165,Chicago,USA,48790.18,654,5013428237
CUST009938,Olivia Davis,customer9938@mail.com,+1-444-660-9320,Dallas,USA,38859.35,827,3694896417
CUST009939,Ava Clark,customer9939@mail.com,+1-444-112-1131,Dallas,USA,29582.01,386,4329961651
CUST009940,Sophia Hall,customer9940@mail.com,+1-444-125-6623,New York,USA,11756.6,727,1234198946
CUST009941,Daniel Walker,customer9941@mail.com,+1-444-259-9028,New York,USA,41593.82,841,7695550462
CUST009942,John Smith,customer9942@mail.com,+1-444-729-3564,Phoenix,USA,10288.03,786,6286936825
CUST009943,James Walker,customer9943@mail.com,+1-444-507-3701,Chicago,USA,46607.48,821,3977270648
CUST009944,David Walker,customer9944@mail.com,+1-444-240-5585,Dallas,USA,17762.17,771,5961953591
CUST009945,Sarah Clark,customer9945@mail.com,+1-444-836-1037,Dallas,USA,42702.17,758,2685882813
CUST009946,Sophia Davis,customer9946@mail.com,+1-444-633-2756,Phoenix,USA,25870.75,740,8181322513
CUST009947,Daniel Wilson,customer9947@mail.com,+1-444-508-3101,Phoenix,USA,34533.0,680,4360872450
CUST009948,James Clark,customer9948@mail.com,+1-444-199-1313,Chicago,USA,40012.1,776,4695098823
CUST009949,Sarah Johnson,customer9949@mail.com,+1-444-918-8893,Chicago,USA,6706.07,466,6200361483
CUST009950,James Clark,customer9950@mail.com,+1-444-202-5374,New York,USA,4409.58,711,4985639444
CUST009951,Sarah Johnson,customer9951@mail.com,+1-444-633-8408,Phoenix,USA,47348.92,546,3460424977
CUST009952,Ava Clark,customer9952@mail.com,+1-444-462-3451,Phoenix,USA,6877.08,610,1818083069
CUST009953,Sarah Brown,customer9953@mail.com,+1-444-275-8077,Dallas,USA,42075.24,744,8779154787
CUST009954,Daniel Wilson,customer9954@mail.com,+1-444-136-7685,Dallas,USA,13588.98,568,6511538454
CUST009955,Emma Taylor,customer9955@mail.com,+1-444-421-4088,Dallas,USA,6779.79,417,4327296131
CUST009956,Olivia Smith,customer9956@mail.com,+1-444-630-6453,New York,USA,19660.95,338,2685900625
CUST009957,Michael Smith,customer9957@mail.com,+1-444-654-8573,New York,USA,16660.0,382,9691740898
CUST009958,Daniel Lewis,customer9958@mail.com,+1-444-749-1070,Phoenix,USA,13053.67,643,6364500790
CUST009959,David Johnson,customer9959@mail.com,+1-444-929-4684,Chicago,USA,11562.6,356,9694122107
CUST009960,Ava Johnson,customer9960@mail.com,+1-444-257-9025,Phoenix,USA,26257.04,590,2288844051
CUST009961,Ava Johnson,customer9961@mail.com,+1-444-118-4815,Dallas,USA,32972.33,403,4202303720
CUST009962,Sarah Wilson,customer9962@mail.com,+1-444-909-1058,New York,USA,38654.04,620,1665318462
CUST009963,Ava Lewis,customer9963@mail.com,+1-444-514-7274,Chicago,USA,5468.13,414,3255723098
CUST009964,James Walker,customer9964@mail.com,+1-444-861-2794,Dallas,USA,22457.2,659,7684569800
CUST009965,Emma Brown,customer9965@mail.com,+1-444-772-5773,Dallas,USA,32432.57,524,2234658443
CUST009966,Michael Smith,customer9966@mail.com,+1-444-741-3497,Phoenix,USA,24737.97,677,7688255493
CUST009967,Emma Walker,customer9967@mail.com,+1-444-430-1963,New York,USA,45115.79,723,7321460943
CUST009968,John Clark,customer9968@mail.com,+1-444-745-9431,Dallas,USA,32995.98,431,7360883474
CUST009969,James Walker,customer9969@mail.com,+1-444-126-5999,New York,USA,1966.63,757,7108433483
CUST009970,Daniel Davis,customer9970@mail.com,+1-444-898-9003,Chicago,USA,1067.11,342,1337227985
CUST009971,Ava Johnson,customer9971@mail.com,+1-444-534-2288,Dallas,USA,36607.84,615,8970485036
CUST009972,Daniel Brown,customer9972@mail.com,+1-444-651-7227,Chicago,USA,37205.8,444,2308593118
CUST009973,Sarah Clark,customer9973@mail.com,+1-444-976-6321,Dallas,USA,25771.36,348,9046460719
CUST009974,David Johnson,customer9974@mail.com,+1-444-734-1420,Dallas,USA,33959.68,751,3674764276
CUST009975,Ava Walker,customer9975@mail.com,+1-444-882-9889,Phoenix,USA,43895.22,765,8246350586
CUST009976,Ava Smith,customer9976@mail.com,+1-444-931-6273,Chicago,USA,15563.22,755,7923248185
CUST009977,David Walker,customer9977@mail.com,+1-444-807-7497,Phoenix,USA,34201.85,604,9665205449
CUST009978,Daniel Taylor,customer9978@mail.com,+1-444-667-5406,New York,USA,818.55,329,9152733741
CUST009979,Daniel Davis,customer9979@mail.com,+1-444-824-9113,New York,USA,39112.46,589,9661216658
CUST009980,James Wilson,customer9980@mail.com,+1-444-570-4543,New York,USA,34047.09,672,9977932422
CUST009981,Daniel Wilson,customer9981@mail.com,+1-444-802-2768,New York,USA,39233.29,433,1130948777
CUST009982,James Taylor,customer9982@mail.com,+1-444-801-1577,Dallas,USA,35469.24,805,5850316269
CUST009983,Sarah Hall,customer9983@mail.com,+1-444-332-4742,Chicago,USA,16888.96,535,5406917643
CUST009984,David Johnson,customer9984@mail.com,+1-444-549-7720,Phoenix,USA,46073.4,662,4628751786
CUST009985,Olivia Smith,customer9985@mail.com,+1-444-459-3834,Phoenix,USA,2843.81,592,1192019095
CUST009986,John Clark,customer9986@mail.com,+1-444-856-2774,Phoenix,USA,25760.29,678,2677853398
CUST009987,John Lewis,customer9987@mail.com,+1-444-448-1841,Dallas,USA,22240.57,362,8245959468
CUST009988,Olivia Taylor,customer9988@mail.com,+1-444-280-6273,Dallas,USA,21409.98,637,2760349732
CUST009989,David Davis,customer9989@mail.com,+1-444-830-1271,Dallas,USA,35396.58,629,9481006092
CUST009990,Ava Taylor,customer9990@mail.com,+1-444-280-5571,Phoenix,USA,11387.53,505,3260185070
CUST009991,Michael Johnson,customer9991@mail.com,+1-444-516-8715,Chicago,USA,44879.23,435,5711686607
CUST009992,David Brown,customer9992@mail.com,+1-444-810-5307,Dallas,USA,14557.17,640,8056681974
CUST009993,Sophia Lewis,customer9993@mail.com,+1-444-656-2967,New York,USA,9920.49,778,5149052995
CUST009994,John Wilson,customer9994@mail.com,+1-444-630-7081,Phoenix,USA,3532.31,703,2543054547
CUST009995,Emma Brown,customer9995@mail.com,+1-444-893-1168,New York,USA,29695.38,741,9524241049
CUST009996,Michael Taylor,customer9996@mail.com,+1-444-773-6656,Chicago,USA,36230.52,382,1888855272
CUST009997,Olivia Smith,customer9997@mail.com,+1-444-296-3254,Chicago,USA,37968.86,457,7486652024
CUST009998,Sarah Davis,customer9998@mail.com,+1-444-598-2454,Phoenix,USA,3607.65,644,3277505637
CUST009999,James Hall,customer9999@mail.com,+1-444-718-6170,Phoenix,USA,14105.83,417,1657226084
